# Pathway	COAD_noFFPEOnlyPrimaryNoRiboZeroG_left_55random_39_Abundance
UNMAPPED	3420856.0101239225
UNINTEGRATED	767504.7036800068
UNINTEGRATED|g__Escherichia.s__Escherichia_coli	469993.6687032674
UNINTEGRATED|unclassified	179292.1314586224
PWY0-1586: peptidoglycan maturation (meso-diaminopimelate containing)	1055.2211422447
PWY0-1586: peptidoglycan maturation (meso-diaminopimelate containing)|g__Escherichia.s__Escherichia_coli	817.1207572125
PWY0-1586: peptidoglycan maturation (meso-diaminopimelate containing)|unclassified	198.9267221160
PWY-7111: pyruvate fermentation to isobutanol (engineered)	565.2522942829
PWY-7111: pyruvate fermentation to isobutanol (engineered)|g__Escherichia.s__Escherichia_coli	535.3694189045
PWY-7111: pyruvate fermentation to isobutanol (engineered)|unclassified	69.8092206121
NONOXIPENT-PWY: pentose phosphate pathway (non-oxidative branch) I	538.4961288939
NONOXIPENT-PWY: pentose phosphate pathway (non-oxidative branch) I|g__Escherichia.s__Escherichia_coli	495.4348185201
NONOXIPENT-PWY: pentose phosphate pathway (non-oxidative branch) I|unclassified	36.5913047183
P461-PWY: hexitol fermentation to lactate, formate, ethanol and acetate	521.1562112025
P461-PWY: hexitol fermentation to lactate, formate, ethanol and acetate|g__Escherichia.s__Escherichia_coli	450.7089360919
P461-PWY: hexitol fermentation to lactate, formate, ethanol and acetate|unclassified	75.3082606644
SALVADEHYPOX-PWY: adenosine nucleotides degradation II	498.0181841672
SALVADEHYPOX-PWY: adenosine nucleotides degradation II|g__Escherichia.s__Escherichia_coli	410.3427872857
SALVADEHYPOX-PWY: adenosine nucleotides degradation II|unclassified	72.7646777043
ILEUSYN-PWY: L-isoleucine biosynthesis I (from threonine)	491.4768170324
ILEUSYN-PWY: L-isoleucine biosynthesis I (from threonine)|g__Escherichia.s__Escherichia_coli	421.6197563473
VALSYN-PWY: L-valine biosynthesis	491.4768170324
VALSYN-PWY: L-valine biosynthesis|g__Escherichia.s__Escherichia_coli	421.6197563473
VALSYN-PWY: L-valine biosynthesis|unclassified	68.1460082729
CALVIN-PWY: Calvin-Benson-Bassham cycle	480.7844991907
CALVIN-PWY: Calvin-Benson-Bassham cycle|g__Escherichia.s__Escherichia_coli	441.1041322224
PWY-5695: inosine 5'-phosphate degradation	452.2961442897
PWY-5695: inosine 5'-phosphate degradation|g__Escherichia.s__Escherichia_coli	368.6515119522
PWY-5695: inosine 5'-phosphate degradation|unclassified	72.1169552198
PWY-6608: guanosine nucleotides degradation III	452.2961442897
PWY-6608: guanosine nucleotides degradation III|g__Escherichia.s__Escherichia_coli	368.6515119522
PWY-6608: guanosine nucleotides degradation III|unclassified	69.9376909661
PWY-1042: glycolysis IV	446.9728008014
PWY-1042: glycolysis IV|g__Escherichia.s__Escherichia_coli	355.3798829543
PWY-1042: glycolysis IV|unclassified	58.6592981051
PWY-7663: gondoate biosynthesis (anaerobic)	431.2929827911
PWY-7663: gondoate biosynthesis (anaerobic)|g__Escherichia.s__Escherichia_coli	404.4194333982
ORNDEG-PWY: superpathway of ornithine degradation	431.0952504704
ORNDEG-PWY: superpathway of ornithine degradation|g__Escherichia.s__Escherichia_coli	372.1196266122
ORNDEG-PWY: superpathway of ornithine degradation|unclassified	82.8316073975
PWY-4041: &gamma;-glutamyl cycle	375.8477727964
PWY-4041: &gamma;-glutamyl cycle|g__Escherichia.s__Escherichia_coli	337.3205003549
PWY-4041: &gamma;-glutamyl cycle|unclassified	50.3241169362
GLYCOLYSIS: glycolysis I (from glucose 6-phosphate)	371.7868639803
GLYCOLYSIS: glycolysis I (from glucose 6-phosphate)|g__Escherichia.s__Escherichia_coli	317.6374459216
PWY0-1261: anhydromuropeptides recycling I	371.2835939245
PWY0-1261: anhydromuropeptides recycling I|g__Escherichia.s__Escherichia_coli	279.1343024711
PWY0-1261: anhydromuropeptides recycling I|unclassified	51.0990199260
PWY-6353: purine nucleotides degradation II (aerobic)	366.7730034901
PWY-6353: purine nucleotides degradation II (aerobic)|g__Escherichia.s__Escherichia_coli	294.1802021927
PWY-6353: purine nucleotides degradation II (aerobic)|unclassified	42.9904977754
ANAGLYCOLYSIS-PWY: glycolysis III (from glucose)	364.3458105853
ANAGLYCOLYSIS-PWY: glycolysis III (from glucose)|g__Escherichia.s__Escherichia_coli	315.5383047022
PWY-5723: Rubisco shunt	362.9030883493
PWY-5723: Rubisco shunt|g__Escherichia.s__Escherichia_coli	314.0500124150
PWY-5913: partial TCA cycle (obligate autotrophs)	358.2952765754
PWY-5913: partial TCA cycle (obligate autotrophs)|g__Escherichia.s__Escherichia_coli	283.2112230717
PWY-5913: partial TCA cycle (obligate autotrophs)|unclassified	74.9720661961
UDPNAGSYN-PWY: UDP-N-acetyl-D-glucosamine biosynthesis I	352.3991638257
UDPNAGSYN-PWY: UDP-N-acetyl-D-glucosamine biosynthesis I|g__Escherichia.s__Escherichia_coli	298.7235149721
UDPNAGSYN-PWY: UDP-N-acetyl-D-glucosamine biosynthesis I|unclassified	35.1737757336
PWY-5675: nitrate reduction V (assimilatory)	350.5058795956
PWY-5675: nitrate reduction V (assimilatory)|g__Escherichia.s__Escherichia_coli	275.6631772418
PWY-5675: nitrate reduction V (assimilatory)|unclassified	72.3170575545
HEXITOLDEGSUPER-PWY: superpathway of hexitol degradation (bacteria)	350.4685996988
HEXITOLDEGSUPER-PWY: superpathway of hexitol degradation (bacteria)|g__Escherichia.s__Escherichia_coli	295.9593833020
PWY-6606: guanosine nucleotides degradation II	350.2126038063
PWY-6606: guanosine nucleotides degradation II|g__Escherichia.s__Escherichia_coli	322.5128000986
PWY-6606: guanosine nucleotides degradation II|unclassified	25.3785298038
GLYCOLYSIS-TCA-GLYOX-BYPASS: superpathway of glycolysis, pyruvate dehydrogenase, TCA, and glyoxylate bypass	342.7915798379
GLYCOLYSIS-TCA-GLYOX-BYPASS: superpathway of glycolysis, pyruvate dehydrogenase, TCA, and glyoxylate bypass|g__Escherichia.s__Escherichia_coli	293.1240075071
TCA: TCA cycle I (prokaryotic)	342.4657272895
TCA: TCA cycle I (prokaryotic)|g__Escherichia.s__Escherichia_coli	305.3595392783
PWY-5484: glycolysis II (from fructose 6-phosphate)	341.3035945306
PWY-5484: glycolysis II (from fructose 6-phosphate)|g__Escherichia.s__Escherichia_coli	285.3395415737
PWY-6936: seleno-amino acid biosynthesis (plants)	340.6659563213
PWY-6936: seleno-amino acid biosynthesis (plants)|g__Escherichia.s__Escherichia_coli	263.5099735580
PENTOSE-P-PWY: pentose phosphate pathway	338.0014658444
PENTOSE-P-PWY: pentose phosphate pathway|g__Escherichia.s__Escherichia_coli	234.1288157179
PENTOSE-P-PWY: pentose phosphate pathway|unclassified	28.0431446104
TCA-GLYOX-BYPASS: superpathway of glyoxylate bypass and TCA	329.1106683606
TCA-GLYOX-BYPASS: superpathway of glyoxylate bypass and TCA|g__Escherichia.s__Escherichia_coli	294.0494426166
PWY-6305: superpathway of putrescine biosynthesis	326.1606948788
PWY-6305: superpathway of putrescine biosynthesis|g__Escherichia.s__Escherichia_coli	288.9556079621
PWY-7117: C4 photosynthetic carbon assimilation cycle, PEPCK type	321.7171102085
PWY-7117: C4 photosynthetic carbon assimilation cycle, PEPCK type|g__Escherichia.s__Escherichia_coli	266.6626416739
PWY-7117: C4 photosynthetic carbon assimilation cycle, PEPCK type|unclassified	51.1880469476
PWY-7388: octanoyl-[acyl-carrier protein] biosynthesis (mitochondria, yeast)	321.1119057720
PWY-7388: octanoyl-[acyl-carrier protein] biosynthesis (mitochondria, yeast)|g__Escherichia.s__Escherichia_coli	269.8110193241
ASPASN-PWY: superpathway of L-aspartate and L-asparagine biosynthesis	317.6049699669
ASPASN-PWY: superpathway of L-aspartate and L-asparagine biosynthesis|g__Escherichia.s__Escherichia_coli	278.5881092085
ASPASN-PWY: superpathway of L-aspartate and L-asparagine biosynthesis|unclassified	43.1686697848
METSYN-PWY: superpathway of L-homoserine and L-methionine biosynthesis	317.4359264246
METSYN-PWY: superpathway of L-homoserine and L-methionine biosynthesis|g__Escherichia.s__Escherichia_coli	253.5931943770
METSYN-PWY: superpathway of L-homoserine and L-methionine biosynthesis|unclassified	59.7711732895
PWY0-1296: purine ribonucleosides degradation	317.3397308799
PWY0-1296: purine ribonucleosides degradation|g__Escherichia.s__Escherichia_coli	272.8998282681
PWY0-1296: purine ribonucleosides degradation|unclassified	21.2349814120
PWY-5347: superpathway of L-methionine biosynthesis (transsulfuration)	316.0846120812
PWY-5347: superpathway of L-methionine biosynthesis (transsulfuration)|g__Escherichia.s__Escherichia_coli	252.4096335386
PWY-5347: superpathway of L-methionine biosynthesis (transsulfuration)|unclassified	60.1698644759
BRANCHED-CHAIN-AA-SYN-PWY: superpathway of branched chain amino acid biosynthesis	315.1000240608
BRANCHED-CHAIN-AA-SYN-PWY: superpathway of branched chain amino acid biosynthesis|g__Escherichia.s__Escherichia_coli	246.8637367151
PWY-5154: L-arginine biosynthesis III (via N-acetyl-L-citrulline)	314.0841501399
PWY-5154: L-arginine biosynthesis III (via N-acetyl-L-citrulline)|g__Escherichia.s__Escherichia_coli	282.7076120747
PWY-5154: L-arginine biosynthesis III (via N-acetyl-L-citrulline)|unclassified	12.5000536392
FERMENTATION-PWY: mixed acid fermentation	313.6863289433
FERMENTATION-PWY: mixed acid fermentation|g__Escherichia.s__Escherichia_coli	277.6976890178
FERMENTATION-PWY: mixed acid fermentation|unclassified	67.1586371647
MET-SAM-PWY: superpathway of S-adenosyl-L-methionine biosynthesis	310.7589337578
MET-SAM-PWY: superpathway of S-adenosyl-L-methionine biosynthesis|g__Escherichia.s__Escherichia_coli	251.1066020351
MET-SAM-PWY: superpathway of S-adenosyl-L-methionine biosynthesis|unclassified	43.1872332118
PWY-5103: L-isoleucine biosynthesis III	306.8289281792
PWY-5103: L-isoleucine biosynthesis III|g__Escherichia.s__Escherichia_coli	231.3510015073
GLUCONEO-PWY: gluconeogenesis I	306.3379586177
GLUCONEO-PWY: gluconeogenesis I|g__Escherichia.s__Escherichia_coli	271.9733449229
PWY-3001: superpathway of L-isoleucine biosynthesis I	305.8204214869
PWY-3001: superpathway of L-isoleucine biosynthesis I|g__Escherichia.s__Escherichia_coli	244.3627870770
PWY-6737: starch degradation V	305.4531204916
PWY-6737: starch degradation V|g__Escherichia.s__Escherichia_coli	241.2972279017
PWY-6737: starch degradation V|unclassified	70.8892969908
P161-PWY: acetylene degradation (anaerobic)	305.4211898032
P161-PWY: acetylene degradation (anaerobic)|g__Escherichia.s__Escherichia_coli	296.6534861349
P161-PWY: acetylene degradation (anaerobic)|unclassified	4.2200322583
PWY-5173	305.3792807456
PWY-5173|g__Escherichia.s__Escherichia_coli	250.3302741148
PWY-5173|unclassified	51.7950104958
ARGSYN-PWY: L-arginine biosynthesis I (via L-ornithine)	305.1416971960
ARGSYN-PWY: L-arginine biosynthesis I (via L-ornithine)|g__Escherichia.s__Escherichia_coli	269.9712805483
ARGSYN-PWY: L-arginine biosynthesis I (via L-ornithine)|unclassified	19.9044008335
ARGSYNBSUB-PWY: L-arginine biosynthesis II (acetyl cycle)	303.5306016797
ARGSYNBSUB-PWY: L-arginine biosynthesis II (acetyl cycle)|g__Escherichia.s__Escherichia_coli	263.2312199573
ARGSYNBSUB-PWY: L-arginine biosynthesis II (acetyl cycle)|unclassified	21.1077819611
GALACTARDEG-PWY: D-galactarate degradation I	303.1842195793
GALACTARDEG-PWY: D-galactarate degradation I|g__Escherichia.s__Escherichia_coli	225.9663860366
GALACTARDEG-PWY: D-galactarate degradation I|unclassified	42.6901367450
GLUCARGALACTSUPER-PWY: superpathway of D-glucarate and D-galactarate degradation	303.1842195793
GLUCARGALACTSUPER-PWY: superpathway of D-glucarate and D-galactarate degradation|g__Escherichia.s__Escherichia_coli	225.9663860366
GLUCARGALACTSUPER-PWY: superpathway of D-glucarate and D-galactarate degradation|unclassified	42.6901367450
PWY-7400: L-arginine biosynthesis IV (archaebacteria)	302.7302260524
PWY-7400: L-arginine biosynthesis IV (archaebacteria)|g__Escherichia.s__Escherichia_coli	267.9780884312
PWY-7400: L-arginine biosynthesis IV (archaebacteria)|unclassified	18.1350872781
GLUTORN-PWY: L-ornithine biosynthesis I	302.6895469394
GLUTORN-PWY: L-ornithine biosynthesis I|g__Escherichia.s__Escherichia_coli	269.0067610778
GLUTORN-PWY: L-ornithine biosynthesis I|unclassified	30.8196654221
PWY-6385: peptidoglycan biosynthesis III (mycobacteria)	302.3056908018
PWY-6385: peptidoglycan biosynthesis III (mycobacteria)|g__Escherichia.s__Escherichia_coli	263.1984307365
PWY-6385: peptidoglycan biosynthesis III (mycobacteria)|unclassified	21.7120797577
HOMOSER-METSYN-PWY: L-methionine biosynthesis I	300.6524509315
HOMOSER-METSYN-PWY: L-methionine biosynthesis I|g__Escherichia.s__Escherichia_coli	231.3385483751
HOMOSER-METSYN-PWY: L-methionine biosynthesis I|unclassified	59.4868160837
PWY-6122: 5-aminoimidazole ribonucleotide biosynthesis II	290.9546121074
PWY-6122: 5-aminoimidazole ribonucleotide biosynthesis II|g__Escherichia.s__Escherichia_coli	223.9164849055
PWY-6122: 5-aminoimidazole ribonucleotide biosynthesis II|unclassified	49.9140805233
PWY-6277: superpathway of 5-aminoimidazole ribonucleotide biosynthesis	290.9546121074
PWY-6277: superpathway of 5-aminoimidazole ribonucleotide biosynthesis|g__Escherichia.s__Escherichia_coli	223.9164849055
PWY-6277: superpathway of 5-aminoimidazole ribonucleotide biosynthesis|unclassified	49.9140805233
ANAEROFRUCAT-PWY: homolactic fermentation	288.1324745814
ANAEROFRUCAT-PWY: homolactic fermentation|g__Escherichia.s__Escherichia_coli	221.0606795252
GLYCOLYSIS-E-D: superpathway of glycolysis and the Entner-Doudoroff pathway	287.6328156097
GLYCOLYSIS-E-D: superpathway of glycolysis and the Entner-Doudoroff pathway|g__Escherichia.s__Escherichia_coli	194.7015772524
THRESYN-PWY: superpathway of L-threonine biosynthesis	286.4085997430
THRESYN-PWY: superpathway of L-threonine biosynthesis|g__Escherichia.s__Escherichia_coli	244.2034299110
THRESYN-PWY: superpathway of L-threonine biosynthesis|unclassified	29.9675522459
TRNA-CHARGING-PWY: tRNA charging	285.7158165567
TRNA-CHARGING-PWY: tRNA charging|g__Escherichia.s__Escherichia_coli	187.0773588730
TRNA-CHARGING-PWY: tRNA charging|unclassified	69.1531000944
PWY-6387: UDP-N-acetylmuramoyl-pentapeptide biosynthesis I (meso-diaminopimelate containing)	284.9231958803
PWY-6387: UDP-N-acetylmuramoyl-pentapeptide biosynthesis I (meso-diaminopimelate containing)|g__Escherichia.s__Escherichia_coli	246.6341666814
PWY-6387: UDP-N-acetylmuramoyl-pentapeptide biosynthesis I (meso-diaminopimelate containing)|unclassified	19.5926530530
RHAMCAT-PWY: L-rhamnose degradation I	284.3654956672
RHAMCAT-PWY: L-rhamnose degradation I|g__Escherichia.s__Escherichia_coli	221.5837618419
RHAMCAT-PWY: L-rhamnose degradation I|unclassified	60.3769544326
GLYCOCAT-PWY: glycogen degradation I	282.2848522055
GLYCOCAT-PWY: glycogen degradation I|g__Escherichia.s__Escherichia_coli	237.1519296326
ARG+POLYAMINE-SYN: superpathway of arginine and polyamine biosynthesis	282.1811408123
ARG+POLYAMINE-SYN: superpathway of arginine and polyamine biosynthesis|g__Escherichia.s__Escherichia_coli	254.8766478416
ARG+POLYAMINE-SYN: superpathway of arginine and polyamine biosynthesis|unclassified	23.1592798733
PWY-5104: L-isoleucine biosynthesis IV	281.2428960649
PWY-5104: L-isoleucine biosynthesis IV|g__Escherichia.s__Escherichia_coli	204.0123080184
PWY-5104: L-isoleucine biosynthesis IV|unclassified	68.2645733625
P441-PWY: superpathway of N-acetylneuraminate degradation	281.1062168678
P441-PWY: superpathway of N-acetylneuraminate degradation|g__Escherichia.s__Escherichia_coli	255.1593768220
PWY-5667: CDP-diacylglycerol biosynthesis I	279.3771655188
PWY-5667: CDP-diacylglycerol biosynthesis I|g__Escherichia.s__Escherichia_coli	197.5794682727
PWY-5667: CDP-diacylglycerol biosynthesis I|unclassified	70.2221148182
PWY0-1319: CDP-diacylglycerol biosynthesis II	279.3771655188
PWY0-1319: CDP-diacylglycerol biosynthesis II|g__Escherichia.s__Escherichia_coli	197.5794682727
PWY0-1319: CDP-diacylglycerol biosynthesis II|unclassified	70.2221148182
PEPTIDOGLYCANSYN-PWY: peptidoglycan biosynthesis I (meso-diaminopimelate containing)	279.3593260553
PEPTIDOGLYCANSYN-PWY: peptidoglycan biosynthesis I (meso-diaminopimelate containing)|g__Escherichia.s__Escherichia_coli	245.8544369423
PEPTIDOGLYCANSYN-PWY: peptidoglycan biosynthesis I (meso-diaminopimelate containing)|unclassified	17.8677096923
SO4ASSIM-PWY: assimilatory sulfate reduction I	275.8444378552
SO4ASSIM-PWY: assimilatory sulfate reduction I|g__Escherichia.s__Escherichia_coli	254.2574381368
GLUCARDEG-PWY: D-glucarate degradation I	275.4915408394
GLUCARDEG-PWY: D-glucarate degradation I|g__Escherichia.s__Escherichia_coli	214.3242556362
GLUCARDEG-PWY: D-glucarate degradation I|unclassified	37.7049237319
PWY-7220: adenosine deoxyribonucleotides de novo biosynthesis II	275.2142895380
PWY-7220: adenosine deoxyribonucleotides de novo biosynthesis II|g__Escherichia.s__Escherichia_coli	248.3148812907
PWY-7220: adenosine deoxyribonucleotides de novo biosynthesis II|unclassified	26.2195109363
PWY-7222: guanosine deoxyribonucleotides de novo biosynthesis II	275.2142895380
PWY-7222: guanosine deoxyribonucleotides de novo biosynthesis II|g__Escherichia.s__Escherichia_coli	248.3148812907
PWY-7222: guanosine deoxyribonucleotides de novo biosynthesis II|unclassified	26.2195109363
PWY-6121: 5-aminoimidazole ribonucleotide biosynthesis I	272.9744914718
PWY-6121: 5-aminoimidazole ribonucleotide biosynthesis I|g__Escherichia.s__Escherichia_coli	179.6879692982
PWY-6121: 5-aminoimidazole ribonucleotide biosynthesis I|unclassified	47.0963507975
FASYN-ELONG-PWY: fatty acid elongation -- saturated	271.2676768204
FASYN-ELONG-PWY: fatty acid elongation -- saturated|g__Escherichia.s__Escherichia_coli	260.3850264528
GLYCOGENSYNTH-PWY: glycogen biosynthesis I (from ADP-D-Glucose)	268.5995194622
GLYCOGENSYNTH-PWY: glycogen biosynthesis I (from ADP-D-Glucose)|g__Escherichia.s__Escherichia_coli	202.0257353350
GLYCOGENSYNTH-PWY: glycogen biosynthesis I (from ADP-D-Glucose)|unclassified	17.1000485819
POLYAMSYN-PWY: superpathway of polyamine biosynthesis I	267.6455202173
POLYAMSYN-PWY: superpathway of polyamine biosynthesis I|g__Escherichia.s__Escherichia_coli	241.7756994924
POLYAMSYN-PWY: superpathway of polyamine biosynthesis I|unclassified	52.6807145991
PWY0-1297: superpathway of purine deoxyribonucleosides degradation	266.7454856393
PWY0-1297: superpathway of purine deoxyribonucleosides degradation|g__Escherichia.s__Escherichia_coli	246.6033048693
GLYOXYLATE-BYPASS: glyoxylate cycle	264.9484543333
GLYOXYLATE-BYPASS: glyoxylate cycle|g__Escherichia.s__Escherichia_coli	233.8548511115
GLYOXYLATE-BYPASS: glyoxylate cycle|unclassified	20.7060804416
PWY-7228: superpathway of guanosine nucleotides de novo biosynthesis I	263.1506408140
PWY-7228: superpathway of guanosine nucleotides de novo biosynthesis I|g__Escherichia.s__Escherichia_coli	233.8325636900
PWY-7228: superpathway of guanosine nucleotides de novo biosynthesis I|unclassified	26.7041653149
PHOSLIPSYN-PWY: superpathway of phospholipid biosynthesis I (bacteria)	262.4587825068
PHOSLIPSYN-PWY: superpathway of phospholipid biosynthesis I (bacteria)|g__Escherichia.s__Escherichia_coli	202.2548328796
PHOSLIPSYN-PWY: superpathway of phospholipid biosynthesis I (bacteria)|unclassified	51.5857893201
PWY-5189: tetrapyrrole biosynthesis II (from glycine)	260.5759229422
PWY-5189: tetrapyrrole biosynthesis II (from glycine)|g__Escherichia.s__Escherichia_coli	249.0696349737
PWY-5971: palmitate biosynthesis (type II fatty acid synthase)	260.4617564633
PWY-5971: palmitate biosynthesis (type II fatty acid synthase)|g__Escherichia.s__Escherichia_coli	250.6163647062
PWY-7664: oleate biosynthesis IV (anaerobic)	253.6196595366
PWY-7664: oleate biosynthesis IV (anaerobic)|g__Escherichia.s__Escherichia_coli	245.4004124548
FASYN-INITIAL-PWY: superpathway of fatty acid biosynthesis initiation (E. coli)	252.2463222434
FASYN-INITIAL-PWY: superpathway of fatty acid biosynthesis initiation (E. coli)|g__Escherichia.s__Escherichia_coli	209.3741047832
FASYN-INITIAL-PWY: superpathway of fatty acid biosynthesis initiation (E. coli)|unclassified	26.6601504761
PWY-6125: superpathway of guanosine nucleotides de novo biosynthesis II	250.5957776044
PWY-6125: superpathway of guanosine nucleotides de novo biosynthesis II|g__Escherichia.s__Escherichia_coli	214.9286606128
FAO-PWY: fatty acid &beta;-oxidation I (generic)	248.0811298506
FAO-PWY: fatty acid &beta;-oxidation I (generic)|g__Escherichia.s__Escherichia_coli	233.8490148221
FAO-PWY: fatty acid &beta;-oxidation I (generic)|unclassified	38.6135967106
PWY0-1298: superpathway of pyrimidine deoxyribonucleosides degradation	247.4810599994
PWY0-1298: superpathway of pyrimidine deoxyribonucleosides degradation|g__Escherichia.s__Escherichia_coli	239.9486824835
PWY-6386: UDP-N-acetylmuramoyl-pentapeptide biosynthesis II (lysine-containing)	247.4757846220
PWY-6386: UDP-N-acetylmuramoyl-pentapeptide biosynthesis II (lysine-containing)|g__Escherichia.s__Escherichia_coli	224.8609606786
NAGLIPASYN-PWY: lipid IVA biosynthesis (E. coli)	246.4943149367
NAGLIPASYN-PWY: lipid IVA biosynthesis (E. coli)|g__Escherichia.s__Escherichia_coli	230.5860147020
PWY-5188: tetrapyrrole biosynthesis I (from glutamate)	244.6092336419
PWY-5188: tetrapyrrole biosynthesis I (from glutamate)|g__Escherichia.s__Escherichia_coli	212.9196047333
PWY-5188: tetrapyrrole biosynthesis I (from glutamate)|unclassified	10.7119318137
PWY-6519: 8-amino-7-oxononanoate biosynthesis I	244.3413339538
PWY-6519: 8-amino-7-oxononanoate biosynthesis I|g__Escherichia.s__Escherichia_coli	236.5267021511
PWY-6123: inosine-5'-phosphate biosynthesis I	244.2972282295
PWY-6123: inosine-5'-phosphate biosynthesis I|g__Escherichia.s__Escherichia_coli	212.0796035665
COMPLETE-ARO-PWY: superpathway of aromatic amino acid biosynthesis	244.2683784051
COMPLETE-ARO-PWY: superpathway of aromatic amino acid biosynthesis|g__Escherichia.s__Escherichia_coli	220.1224786605
SULFATE-CYS-PWY: superpathway of sulfate assimilation and cysteine biosynthesis	241.7078004106
SULFATE-CYS-PWY: superpathway of sulfate assimilation and cysteine biosynthesis|g__Escherichia.s__Escherichia_coli	221.9323366330
PWY-7221: guanosine ribonucleotides de novo biosynthesis	238.6943981404
PWY-7221: guanosine ribonucleotides de novo biosynthesis|g__Escherichia.s__Escherichia_coli	207.9330562225
PWY-7221: guanosine ribonucleotides de novo biosynthesis|unclassified	24.1742324979
PWY-6282: palmitoleate biosynthesis I (from (5Z)-dodec-5-enoate)	238.6714091946
PWY-6282: palmitoleate biosynthesis I (from (5Z)-dodec-5-enoate)|g__Escherichia.s__Escherichia_coli	231.1170019643
PWY4FS-7: phosphatidylglycerol biosynthesis I (plastidic)	236.1478409671
PWY4FS-7: phosphatidylglycerol biosynthesis I (plastidic)|g__Escherichia.s__Escherichia_coli	181.5174599485
PWY4FS-7: phosphatidylglycerol biosynthesis I (plastidic)|unclassified	45.6264145118
PWY4FS-8: phosphatidylglycerol biosynthesis II (non-plastidic)	236.1478409671
PWY4FS-8: phosphatidylglycerol biosynthesis II (non-plastidic)|g__Escherichia.s__Escherichia_coli	181.5174599485
PWY4FS-8: phosphatidylglycerol biosynthesis II (non-plastidic)|unclassified	45.6264145118
ARO-PWY: chorismate biosynthesis I	233.4092842821
ARO-PWY: chorismate biosynthesis I|g__Escherichia.s__Escherichia_coli	216.8222947602
PWY0-862: (5Z)-dodecenoate biosynthesis I	233.3758380273
PWY0-862: (5Z)-dodecenoate biosynthesis I|g__Escherichia.s__Escherichia_coli	227.9125574135
PWY-1269: CMP-3-deoxy-D-manno-octulosonate biosynthesis	232.2624784420
PWY-1269: CMP-3-deoxy-D-manno-octulosonate biosynthesis|g__Escherichia.s__Escherichia_coli	182.7118811445
PWY-1269: CMP-3-deoxy-D-manno-octulosonate biosynthesis|unclassified	34.7650288980
PWY-6609: adenine and adenosine salvage III	232.0488709776
PWY-6609: adenine and adenosine salvage III|g__Escherichia.s__Escherichia_coli	212.6168485861
PWY-6700: queuosine biosynthesis I (de novo)	231.4917004175
PWY-6700: queuosine biosynthesis I (de novo)|g__Escherichia.s__Escherichia_coli	201.4063610346
PWY-6700: queuosine biosynthesis I (de novo)|unclassified	25.4670816680
BIOTIN-BIOSYNTHESIS-PWY: biotin biosynthesis I	231.4061601637
BIOTIN-BIOSYNTHESIS-PWY: biotin biosynthesis I|g__Escherichia.s__Escherichia_coli	215.5914292440
ARGDEG-PWY: superpathway of L-arginine, putrescine, and 4-aminobutanoate degradation	230.1901105081
ARGDEG-PWY: superpathway of L-arginine, putrescine, and 4-aminobutanoate degradation|g__Escherichia.s__Escherichia_coli	209.5398359569
ORNARGDEG-PWY: superpathway of L-arginine and L-ornithine degradation	230.1901105081
ORNARGDEG-PWY: superpathway of L-arginine and L-ornithine degradation|g__Escherichia.s__Escherichia_coli	209.5398359569
PWY-5989: stearate biosynthesis II (bacteria and plants)	229.8568260523
PWY-5989: stearate biosynthesis II (bacteria and plants)|g__Escherichia.s__Escherichia_coli	212.9620957361
FUCCAT-PWY: fucose degradation	229.2808490065
FUCCAT-PWY: fucose degradation|g__Escherichia.s__Escherichia_coli	167.5309765002
FUCCAT-PWY: fucose degradation|unclassified	32.4735819339
FUC-RHAMCAT-PWY: superpathway of fucose and rhamnose degradation	227.9474125521
FUC-RHAMCAT-PWY: superpathway of fucose and rhamnose degradation|g__Escherichia.s__Escherichia_coli	174.0537238904
FUC-RHAMCAT-PWY: superpathway of fucose and rhamnose degradation|unclassified	43.6743141859
PWY-5659: GDP-mannose biosynthesis	226.1474950961
PWY-5659: GDP-mannose biosynthesis|unclassified	88.7081442937
PWY-5659: GDP-mannose biosynthesis|g__Escherichia.s__Escherichia_coli	78.2106818844
KETOGLUCONMET-PWY: ketogluconate metabolism	225.9349562581
KETOGLUCONMET-PWY: ketogluconate metabolism|g__Escherichia.s__Escherichia_coli	197.9516114697
KETOGLUCONMET-PWY: ketogluconate metabolism|unclassified	13.1779611952
PWY-7282: 4-amino-2-methyl-5-diphosphomethylpyrimidine biosynthesis II	225.7850798785
PWY-7282: 4-amino-2-methyl-5-diphosphomethylpyrimidine biosynthesis II|g__Escherichia.s__Escherichia_coli	182.0542220269
PWY-7282: 4-amino-2-methyl-5-diphosphomethylpyrimidine biosynthesis II|unclassified	25.3710376266
GLUCOSE1PMETAB-PWY: glucose and glucose-1-phosphate degradation	223.8833274761
GLUCOSE1PMETAB-PWY: glucose and glucose-1-phosphate degradation|g__Escherichia.s__Escherichia_coli	174.3032486185
GLUCOSE1PMETAB-PWY: glucose and glucose-1-phosphate degradation|unclassified	43.5580837740
SER-GLYSYN-PWY: superpathway of L-serine and glycine biosynthesis I	221.2785338567
SER-GLYSYN-PWY: superpathway of L-serine and glycine biosynthesis I|g__Escherichia.s__Escherichia_coli	207.6293308836
SER-GLYSYN-PWY: superpathway of L-serine and glycine biosynthesis I|unclassified	13.7349378048
PWY4LZ-257: superpathway of fermentation (Chlamydomonas reinhardtii)	220.3321127784
PWY4LZ-257: superpathway of fermentation (Chlamydomonas reinhardtii)|g__Escherichia.s__Escherichia_coli	147.5394811966
PWY4LZ-257: superpathway of fermentation (Chlamydomonas reinhardtii)|unclassified	5.3150525634
PWY-6285: superpathway of fatty acids biosynthesis (E. coli)	219.6702198447
PWY-6285: superpathway of fatty acids biosynthesis (E. coli)|g__Escherichia.s__Escherichia_coli	211.1987740838
PWY-6803: phosphatidylcholine acyl editing	219.2082158848
PWY-6803: phosphatidylcholine acyl editing|g__Escherichia.s__Escherichia_coli	189.0665794920
GLCMANNANAUT-PWY: superpathway of N-acetylglucosamine, N-acetylmannosamine and N-acetylneuraminate degradation	219.0542893434
GLCMANNANAUT-PWY: superpathway of N-acetylglucosamine, N-acetylmannosamine and N-acetylneuraminate degradation|g__Escherichia.s__Escherichia_coli	203.3974120066
PANTO-PWY: phosphopantothenate biosynthesis I	218.2488941770
PANTO-PWY: phosphopantothenate biosynthesis I|g__Escherichia.s__Escherichia_coli	198.5329604031
PWY-6151: S-adenosyl-L-methionine salvage I	216.9548977170
PWY-6151: S-adenosyl-L-methionine salvage I|g__Escherichia.s__Escherichia_coli	200.7673654122
PWY0-845: superpathway of pyridoxal 5'-phosphate biosynthesis and salvage	216.7353330554
PWY0-845: superpathway of pyridoxal 5'-phosphate biosynthesis and salvage|g__Escherichia.s__Escherichia_coli	168.0072733267
PWY0-845: superpathway of pyridoxal 5'-phosphate biosynthesis and salvage|unclassified	47.6396322852
PWY-4702: phytate degradation I	215.7396367544
PWY-4702: phytate degradation I|g__Escherichia.s__Escherichia_coli	179.4920154038
PWY-4702: phytate degradation I|unclassified	36.0896441658
PWY-5838: superpathway of menaquinol-8 biosynthesis I	211.9375595499
PWY-5838: superpathway of menaquinol-8 biosynthesis I|g__Escherichia.s__Escherichia_coli	174.3712405464
PWY-5384: sucrose degradation IV (sucrose phosphorylase)	209.4426920840
PWY-5384: sucrose degradation IV (sucrose phosphorylase)|g__Escherichia.s__Escherichia_coli	161.4111599257
PWY-5897: superpathway of menaquinol-11 biosynthesis	208.5566506851
PWY-5897: superpathway of menaquinol-11 biosynthesis|g__Escherichia.s__Escherichia_coli	168.3982775634
PWY-5898: superpathway of menaquinol-12 biosynthesis	208.5566506851
PWY-5898: superpathway of menaquinol-12 biosynthesis|g__Escherichia.s__Escherichia_coli	168.3982775634
PWY-5899: superpathway of menaquinol-13 biosynthesis	208.5566506851
PWY-5899: superpathway of menaquinol-13 biosynthesis|g__Escherichia.s__Escherichia_coli	168.3982775634
1CMET2-PWY: folate transformations III (E. coli)	207.9656346761
1CMET2-PWY: folate transformations III (E. coli)|g__Escherichia.s__Escherichia_coli	180.7464123957
PWY-5656: mannosylglycerate biosynthesis I	204.4387967124
PWY-5656: mannosylglycerate biosynthesis I|g__Escherichia.s__Escherichia_coli	62.2484412313
PWY-5656: mannosylglycerate biosynthesis I|unclassified	38.9807741759
PWY-841: superpathway of purine nucleotides de novo biosynthesis I	202.1384350098
PWY-841: superpathway of purine nucleotides de novo biosynthesis I|g__Escherichia.s__Escherichia_coli	169.0345131835
PWY-7229: superpathway of adenosine nucleotides de novo biosynthesis I	201.9024401959
PWY-7229: superpathway of adenosine nucleotides de novo biosynthesis I|g__Escherichia.s__Escherichia_coli	150.6172342771
PWY-7229: superpathway of adenosine nucleotides de novo biosynthesis I|unclassified	29.0928477504
PWY-2942: L-lysine biosynthesis III	201.6270074355
PWY-2942: L-lysine biosynthesis III|g__Escherichia.s__Escherichia_coli	153.9672348907
PWY-2942: L-lysine biosynthesis III|unclassified	35.1701652516
PWY-6126: superpathway of adenosine nucleotides de novo biosynthesis II	200.8601064850
PWY-6126: superpathway of adenosine nucleotides de novo biosynthesis II|g__Escherichia.s__Escherichia_coli	153.8627645421
PWY-6126: superpathway of adenosine nucleotides de novo biosynthesis II|unclassified	26.7751692279
P4-PWY: superpathway of L-lysine, L-threonine and L-methionine biosynthesis I	200.7149058120
P4-PWY: superpathway of L-lysine, L-threonine and L-methionine biosynthesis I|g__Escherichia.s__Escherichia_coli	166.4069477285
PWY-7219: adenosine ribonucleotides de novo biosynthesis	200.6760804431
PWY-7219: adenosine ribonucleotides de novo biosynthesis|g__Escherichia.s__Escherichia_coli	153.7343633918
PWY-7219: adenosine ribonucleotides de novo biosynthesis|unclassified	35.2704878417
PWY-724: superpathway of L-lysine, L-threonine and L-methionine biosynthesis II	200.4830472366
PWY-724: superpathway of L-lysine, L-threonine and L-methionine biosynthesis II|g__Escherichia.s__Escherichia_coli	159.8467270019
PWY66-409: superpathway of purine nucleotide salvage	200.2304761519
PWY66-409: superpathway of purine nucleotide salvage|g__Escherichia.s__Escherichia_coli	160.6027178974
COLANSYN-PWY: colanic acid building blocks biosynthesis	199.6183283908
COLANSYN-PWY: colanic acid building blocks biosynthesis|g__Escherichia.s__Escherichia_coli	105.6680186472
PWY-5861: superpathway of demethylmenaquinol-8 biosynthesis I	199.2969037213
PWY-5861: superpathway of demethylmenaquinol-8 biosynthesis I|g__Escherichia.s__Escherichia_coli	157.4721320488
PWY-5686: UMP biosynthesis I	198.7129797804
PWY-5686: UMP biosynthesis I|g__Escherichia.s__Escherichia_coli	150.8094158754
COBALSYN-PWY: superpathway of adenosylcobalamin salvage from cobinamide I	197.9923141610
COBALSYN-PWY: superpathway of adenosylcobalamin salvage from cobinamide I|g__Escherichia.s__Escherichia_coli	182.1755801335
PWY-6163: chorismate biosynthesis from 3-dehydroquinate	196.9729745949
PWY-6163: chorismate biosynthesis from 3-dehydroquinate|g__Escherichia.s__Escherichia_coli	185.1477978763
PWY0-1277: 3-phenylpropanoate and 3-(3-hydroxyphenyl)propanoate degradation	195.9098267875
PWY0-1277: 3-phenylpropanoate and 3-(3-hydroxyphenyl)propanoate degradation|g__Escherichia.s__Escherichia_coli	177.1780751688
PYRIDOXSYN-PWY: pyridoxal 5'-phosphate biosynthesis I	195.6499376084
PYRIDOXSYN-PWY: pyridoxal 5'-phosphate biosynthesis I|g__Escherichia.s__Escherichia_coli	179.8402924071
PYRIDOXSYN-PWY: pyridoxal 5'-phosphate biosynthesis I|unclassified	35.3439206019
PWY-5973: cis-vaccenate biosynthesis	195.1632976091
PWY-5973: cis-vaccenate biosynthesis|g__Escherichia.s__Escherichia_coli	183.5578593581
PWY-5097: L-lysine biosynthesis VI	194.3628370008
PWY-5097: L-lysine biosynthesis VI|g__Escherichia.s__Escherichia_coli	148.1274275459
PWY-5097: L-lysine biosynthesis VI|unclassified	35.6883368373
P105-PWY: TCA cycle IV (2-oxoglutarate decarboxylase)	193.2348534213
P105-PWY: TCA cycle IV (2-oxoglutarate decarboxylase)|g__Escherichia.s__Escherichia_coli	183.2370882086
PWY-6969: TCA cycle V (2-oxoglutarate synthase)	193.2348534213
PWY-6969: TCA cycle V (2-oxoglutarate synthase)|g__Escherichia.s__Escherichia_coli	183.2370882086
PWY0-781: aspartate superpathway	190.5416293363
PWY0-781: aspartate superpathway|g__Escherichia.s__Escherichia_coli	161.0164573399
PWY-5918: superpathway of heme b biosynthesis from glutamate	190.3675866851
PWY-5918: superpathway of heme b biosynthesis from glutamate|g__Escherichia.s__Escherichia_coli	167.3434723007
PWY-3841: folate transformations II (plants)	187.5921647268
PWY-3841: folate transformations II (plants)|g__Escherichia.s__Escherichia_coli	181.3747615572
PWY-6284: superpathway of unsaturated fatty acids biosynthesis (E. coli)	187.0217679584
PWY-6284: superpathway of unsaturated fatty acids biosynthesis (E. coli)|g__Escherichia.s__Escherichia_coli	181.1461782190
PYRIDNUCSYN-PWY: NAD de novo biosynthesis I (from aspartate)	185.2737624032
PYRIDNUCSYN-PWY: NAD de novo biosynthesis I (from aspartate)|g__Escherichia.s__Escherichia_coli	143.8304186975
PYRIDNUCSYN-PWY: NAD de novo biosynthesis I (from aspartate)|unclassified	32.5882608852
PWY-7560: methylerythritol phosphate pathway II	185.0424074620
PWY-7560: methylerythritol phosphate pathway II|g__Escherichia.s__Escherichia_coli	168.5504608330
PWY-6531: mannitol cycle	184.6064769926
PWY-6531: mannitol cycle|g__Escherichia.s__Escherichia_coli	174.2959890391
DTDPRHAMSYN-PWY: dTDP-&beta;-L-rhamnose biosynthesis	184.1596757714
DTDPRHAMSYN-PWY: dTDP-&beta;-L-rhamnose biosynthesis|g__Escherichia.s__Escherichia_coli	135.7114636208
DTDPRHAMSYN-PWY: dTDP-&beta;-L-rhamnose biosynthesis|unclassified	34.5774131646
OANTIGEN-PWY: O-antigen building blocks biosynthesis (E. coli)	183.4050208821
OANTIGEN-PWY: O-antigen building blocks biosynthesis (E. coli)|g__Escherichia.s__Escherichia_coli	156.4933668307
PWY-6731: starch degradation III	181.8521217421
PWY-6731: starch degradation III|g__Escherichia.s__Escherichia_coli	145.8908835077
AST-PWY: L-arginine degradation II (AST pathway)	180.7388364662
AST-PWY: L-arginine degradation II (AST pathway)|g__Escherichia.s__Escherichia_coli	153.3885943879
AST-PWY: L-arginine degradation II (AST pathway)|unclassified	27.5334649071
PWY-7199: pyrimidine deoxyribonucleosides salvage	178.7537884001
PWY-7199: pyrimidine deoxyribonucleosides salvage|g__Escherichia.s__Escherichia_coli	129.0563443972
PWY-7199: pyrimidine deoxyribonucleosides salvage|unclassified	18.4079670132
COA-PWY-1: superpathway of coenzyme A biosynthesis III (mammals)	176.2996564560
COA-PWY-1: superpathway of coenzyme A biosynthesis III (mammals)|g__Escherichia.s__Escherichia_coli	142.4539277528
COA-PWY-1: superpathway of coenzyme A biosynthesis III (mammals)|unclassified	31.5662754680
PWY0-42: 2-methylcitrate cycle I	176.0694827526
PWY0-42: 2-methylcitrate cycle I|g__Escherichia.s__Escherichia_coli	152.3606597732
PWY0-42: 2-methylcitrate cycle I|unclassified	16.7057345825
PWY-5747: 2-methylcitrate cycle II	175.5247878759
PWY-5747: 2-methylcitrate cycle II|g__Escherichia.s__Escherichia_coli	148.9305314890
PWY-5747: 2-methylcitrate cycle II|unclassified	23.3766127334
DAPLYSINESYN-PWY: L-lysine biosynthesis I	172.2652621210
DAPLYSINESYN-PWY: L-lysine biosynthesis I|g__Escherichia.s__Escherichia_coli	141.0531237016
DAPLYSINESYN-PWY: L-lysine biosynthesis I|unclassified	24.1053505655
PWY-2723: trehalose degradation V	171.9231612200
PWY-2723: trehalose degradation V|g__Escherichia.s__Escherichia_coli	120.2864575006
PWY-5840: superpathway of menaquinol-7 biosynthesis	170.0842590349
PWY-5840: superpathway of menaquinol-7 biosynthesis|g__Escherichia.s__Escherichia_coli	142.4946076047
PWY-5845: superpathway of menaquinol-9 biosynthesis	170.0842590349
PWY-5845: superpathway of menaquinol-9 biosynthesis|g__Escherichia.s__Escherichia_coli	142.4946076047
PWY-5850: superpathway of menaquinol-6 biosynthesis	170.0842590349
PWY-5850: superpathway of menaquinol-6 biosynthesis|g__Escherichia.s__Escherichia_coli	142.4946076047
PWY-5896: superpathway of menaquinol-10 biosynthesis	170.0842590349
PWY-5896: superpathway of menaquinol-10 biosynthesis|g__Escherichia.s__Escherichia_coli	142.4946076047
PWY-7197: pyrimidine deoxyribonucleotide phosphorylation	169.9775109698
PWY-7197: pyrimidine deoxyribonucleotide phosphorylation|g__Escherichia.s__Escherichia_coli	132.2386227836
PWY-7197: pyrimidine deoxyribonucleotide phosphorylation|unclassified	21.3023422083
HEMESYN2-PWY: heme b biosynthesis II (oxygen-independent)	169.8836712886
HEMESYN2-PWY: heme b biosynthesis II (oxygen-independent)|g__Escherichia.s__Escherichia_coli	155.6919255280
HEMESYN2-PWY: heme b biosynthesis II (oxygen-independent)|unclassified	11.8248861958
PWY0-162: superpathway of pyrimidine ribonucleotides de novo biosynthesis	168.7925123310
PWY0-162: superpathway of pyrimidine ribonucleotides de novo biosynthesis|g__Escherichia.s__Escherichia_coli	142.0462088217
PWY-6897: thiamine diphosphate salvage II	165.3621424575
PWY-6897: thiamine diphosphate salvage II|g__Escherichia.s__Escherichia_coli	151.9309565335
PWY-7323: superpathway of GDP-mannose-derived O-antigen building blocks biosynthesis	162.4657361160
PWY-7323: superpathway of GDP-mannose-derived O-antigen building blocks biosynthesis|g__Escherichia.s__Escherichia_coli	68.0546978239
GALACTUROCAT-PWY: D-galacturonate degradation I	160.6577597419
GALACTUROCAT-PWY: D-galacturonate degradation I|g__Escherichia.s__Escherichia_coli	154.4964070073
PWY-5837: 2-carboxy-1,4-naphthoquinol biosynthesis	160.6149118778
PWY-5837: 2-carboxy-1,4-naphthoquinol biosynthesis|g__Escherichia.s__Escherichia_coli	107.8490162479
PWY-7210: pyrimidine deoxyribonucleotides biosynthesis from CTP	160.6052099751
PWY-7210: pyrimidine deoxyribonucleotides biosynthesis from CTP|unclassified	33.2912590521
HISTSYN-PWY: L-histidine biosynthesis	160.1787247479
HISTSYN-PWY: L-histidine biosynthesis|g__Escherichia.s__Escherichia_coli	108.9293153184
HISTSYN-PWY: L-histidine biosynthesis|unclassified	29.2751021930
PWY-7254: TCA cycle VII (acetate-producers)	160.1104656187
PWY-7254: TCA cycle VII (acetate-producers)|g__Escherichia.s__Escherichia_coli	155.2986752478
PWY-6892: thiazole component of thiamine diphosphate biosynthesis I	158.6578182947
PWY-6892: thiazole component of thiamine diphosphate biosynthesis I|g__Escherichia.s__Escherichia_coli	146.9448032149
PWY-7184: pyrimidine deoxyribonucleotides de novo biosynthesis I	158.4401980541
PWY-7184: pyrimidine deoxyribonucleotides de novo biosynthesis I|g__Escherichia.s__Escherichia_coli	139.9018963415
PWY-7184: pyrimidine deoxyribonucleotides de novo biosynthesis I|unclassified	23.4666025588
PWY-7115: C4 photosynthetic carbon assimilation cycle, NAD-ME type	156.9801674523
PWY-7115: C4 photosynthetic carbon assimilation cycle, NAD-ME type|g__Escherichia.s__Escherichia_coli	137.0066085550
PWY-7115: C4 photosynthetic carbon assimilation cycle, NAD-ME type|unclassified	17.5112552654
PWY-7211: superpathway of pyrimidine deoxyribonucleotides de novo biosynthesis	156.0387432346
PWY-5083: NAD(P)/NADPH interconversion	155.4214386975
PWY-5083: NAD(P)/NADPH interconversion|g__Escherichia.s__Escherichia_coli	116.6537101451
PWY-5083: NAD(P)/NADPH interconversion|unclassified	26.9669523487
PWY-5690: TCA cycle II (plants and fungi)	154.8705346423
PWY-5690: TCA cycle II (plants and fungi)|g__Escherichia.s__Escherichia_coli	149.5586908653
METHGLYUT-PWY: superpathway of methylglyoxal degradation	148.5260978913
METHGLYUT-PWY: superpathway of methylglyoxal degradation|g__Escherichia.s__Escherichia_coli	116.7486445578
POLYISOPRENSYN-PWY: polyisoprenoid biosynthesis (E. coli)	148.4645094125
POLYISOPRENSYN-PWY: polyisoprenoid biosynthesis (E. coli)|g__Escherichia.s__Escherichia_coli	139.6887464315
PWY-5860: superpathway of demethylmenaquinol-6 biosynthesis I	147.9455955873
PWY-5860: superpathway of demethylmenaquinol-6 biosynthesis I|g__Escherichia.s__Escherichia_coli	120.8501843306
PWY-5862: superpathway of demethylmenaquinol-9 biosynthesis	147.9455955873
PWY-5862: superpathway of demethylmenaquinol-9 biosynthesis|g__Escherichia.s__Escherichia_coli	120.8501843306
PWY-7204: pyridoxal 5'-phosphate salvage II (plants)	147.3373309580
PWY-7204: pyridoxal 5'-phosphate salvage II (plants)|g__Escherichia.s__Escherichia_coli	130.3216139242
PWY-7357: thiamine phosphate formation from pyrithiamine and oxythiamine (yeast)	146.0138422017
PWY-7357: thiamine phosphate formation from pyrithiamine and oxythiamine (yeast)|g__Escherichia.s__Escherichia_coli	132.5849207933
PANTOSYN-PWY: superpathway of coenzyme A biosynthesis I (bacteria)	144.5677330084
PANTOSYN-PWY: superpathway of coenzyme A biosynthesis I (bacteria)|g__Escherichia.s__Escherichia_coli	92.1041389543
HEME-BIOSYNTHESIS-II: heme b biosynthesis I (aerobic)	143.8473286339
HEME-BIOSYNTHESIS-II: heme b biosynthesis I (aerobic)|g__Escherichia.s__Escherichia_coli	129.3826659160
HEME-BIOSYNTHESIS-II: heme b biosynthesis I (aerobic)|unclassified	14.0662932666
PWY0-1479: tRNA processing	141.7419525403
PWY0-1479: tRNA processing|g__Escherichia.s__Escherichia_coli	117.6338562099
PWY-7242: D-fructuronate degradation	140.1699525644
PWY-7242: D-fructuronate degradation|g__Escherichia.s__Escherichia_coli	132.2723856426
PWY0-166: superpathway of pyrimidine deoxyribonucleotides de novo biosynthesis (E. coli)	139.9085394157
PWY0-166: superpathway of pyrimidine deoxyribonucleotides de novo biosynthesis (E. coli)|g__Escherichia.s__Escherichia_coli	125.2654687668
PWY-7198: pyrimidine deoxyribonucleotides de novo biosynthesis IV	137.1581579282
PWY-7198: pyrimidine deoxyribonucleotides de novo biosynthesis IV|unclassified	21.5846084441
PWY0-1415: superpathway of heme b biosynthesis from uroporphyrinogen-III	135.5962219963
PWY0-1415: superpathway of heme b biosynthesis from uroporphyrinogen-III|g__Escherichia.s__Escherichia_coli	128.6764202905
PWY-6545: pyrimidine deoxyribonucleotides de novo biosynthesis III	135.4118861481
PWY0-1338: polymyxin resistance	135.3064003871
PWY0-1338: polymyxin resistance|g__Escherichia.s__Escherichia_coli	129.3744731162
THISYN-PWY: superpathway of thiamine diphosphate biosynthesis I	132.6434853881
THISYN-PWY: superpathway of thiamine diphosphate biosynthesis I|g__Escherichia.s__Escherichia_coli	118.8391319515
HCAMHPDEG-PWY: 3-phenylpropanoate and 3-(3-hydroxyphenyl)propanoate degradation to 2-hydroxypentadienoate	131.9304045401
HCAMHPDEG-PWY: 3-phenylpropanoate and 3-(3-hydroxyphenyl)propanoate degradation to 2-hydroxypentadienoate|g__Escherichia.s__Escherichia_coli	103.2952010544
HCAMHPDEG-PWY: 3-phenylpropanoate and 3-(3-hydroxyphenyl)propanoate degradation to 2-hydroxypentadienoate|unclassified	25.4686261585
PWY-6690: cinnamate and 3-hydroxycinnamate degradation to 2-hydroxypentadienoate	131.9304045401
PWY-6690: cinnamate and 3-hydroxycinnamate degradation to 2-hydroxypentadienoate|g__Escherichia.s__Escherichia_coli	103.2952010544
PWY-6690: cinnamate and 3-hydroxycinnamate degradation to 2-hydroxypentadienoate|unclassified	25.4686261585
PWY-6124: inosine-5'-phosphate biosynthesis II	131.8845725917
PWY-6124: inosine-5'-phosphate biosynthesis II|g__Escherichia.s__Escherichia_coli	125.6659182000
PWY-6507: 4-deoxy-L-threo-hex-4-enopyranuronate degradation	129.1148608377
PWY-6507: 4-deoxy-L-threo-hex-4-enopyranuronate degradation|g__Escherichia.s__Escherichia_coli	120.6067873188
PWY-7315: dTDP-N-acetylthomosamine biosynthesis	127.5435095908
PWY-7315: dTDP-N-acetylthomosamine biosynthesis|g__Escherichia.s__Escherichia_coli	111.4154831943
FOLSYN-PWY: superpathway of tetrahydrofolate biosynthesis and salvage	123.0643630716
FOLSYN-PWY: superpathway of tetrahydrofolate biosynthesis and salvage|g__Escherichia.s__Escherichia_coli	112.6828976559
NONMEVIPP-PWY: methylerythritol phosphate pathway I	121.1633386265
NONMEVIPP-PWY: methylerythritol phosphate pathway I|g__Escherichia.s__Escherichia_coli	100.4057259907
PWY-5100: pyruvate fermentation to acetate and lactate II	119.8846223271
PWY-5100: pyruvate fermentation to acetate and lactate II|g__Escherichia.s__Escherichia_coli	75.9721500106
PWY-5100: pyruvate fermentation to acetate and lactate II|unclassified	20.2305752618
COA-PWY: coenzyme A biosynthesis I (prokaryotic)	111.6163963836
COA-PWY: coenzyme A biosynthesis I (prokaryotic)|g__Escherichia.s__Escherichia_coli	58.7444517618
COA-PWY: coenzyme A biosynthesis I (prokaryotic)|unclassified	19.5914001848
PWY-7208: superpathway of pyrimidine nucleobases salvage	111.2876149757
PWY-7208: superpathway of pyrimidine nucleobases salvage|g__Escherichia.s__Escherichia_coli	109.6818662055
DENOVOPURINE2-PWY: superpathway of purine nucleotides de novo biosynthesis II	110.8892338894
DENOVOPURINE2-PWY: superpathway of purine nucleotides de novo biosynthesis II|g__Escherichia.s__Escherichia_coli	102.0911899960
PWY-7328: superpathway of UDP-glucose-derived O-antigen building blocks biosynthesis	110.8480489708
PWY-7328: superpathway of UDP-glucose-derived O-antigen building blocks biosynthesis|g__Escherichia.s__Escherichia_coli	66.1028189795
PWY-7234: inosine-5'-phosphate biosynthesis III	108.6354670416
PWY-7234: inosine-5'-phosphate biosynthesis III|g__Escherichia.s__Escherichia_coli	104.6285758925
PRPP-PWY: superpathway of histidine, purine, and pyrimidine biosynthesis	108.5779867947
PRPP-PWY: superpathway of histidine, purine, and pyrimidine biosynthesis|g__Escherichia.s__Escherichia_coli	100.0838471713
PWY-7269: mitochondrial NADPH production (yeast)	108.3411891469
PWY-7269: mitochondrial NADPH production (yeast)|g__Escherichia.s__Escherichia_coli	102.9591439407
PWY-6612: superpathway of tetrahydrofolate biosynthesis	108.2061860299
PWY-6612: superpathway of tetrahydrofolate biosynthesis|g__Escherichia.s__Escherichia_coli	101.4091595085
PWY-5791	103.7294445830
PWY-5791|g__Escherichia.s__Escherichia_coli	83.7817084445
PWY0-1241: ADP-L-glycero-&beta;-D-manno-heptose biosynthesis	103.2462241583
PWY0-1241: ADP-L-glycero-&beta;-D-manno-heptose biosynthesis|g__Escherichia.s__Escherichia_coli	95.4041861834
PWY0-1241: ADP-L-glycero-&beta;-D-manno-heptose biosynthesis|unclassified	11.8736246139
PWY66-389: phytol degradation	102.5837687004
PWY66-389: phytol degradation|g__Escherichia.s__Escherichia_coli	83.8297809321
PWY66-389: phytol degradation|unclassified	17.6028990837
PWY-5497: purine nucleobases degradation II (anaerobic)	102.3175360552
PWY-5497: purine nucleobases degradation II (anaerobic)|g__Escherichia.s__Escherichia_coli	99.8938228004
PWY-6703: preQ0 biosynthesis	102.0258539273
PWY-6703: preQ0 biosynthesis|g__Escherichia.s__Escherichia_coli	95.6199215575
PWY-6270: isoprene biosynthesis I	101.2425581536
PWY-6270: isoprene biosynthesis I|g__Escherichia.s__Escherichia_coli	64.9097675566
TRPSYN-PWY: L-tryptophan biosynthesis	100.3669632224
TRPSYN-PWY: L-tryptophan biosynthesis|g__Escherichia.s__Escherichia_coli	63.6162324280
TRPSYN-PWY: L-tryptophan biosynthesis|unclassified	32.6388978125
PWY-5367: petroselinate biosynthesis	100.0766783928
PWY-5367: petroselinate biosynthesis|g__Escherichia.s__Escherichia_coli	96.1789347552
PWY-5705: allantoin degradation to glyoxylate III	98.7286560939
PWY-5705: allantoin degradation to glyoxylate III|g__Escherichia.s__Escherichia_coli	87.6051719617
PWY-5705: allantoin degradation to glyoxylate III|unclassified	14.9339472055
UBISYN-PWY: superpathway of ubiquinol-8 biosynthesis (early decarboxylation)	95.6514854558
UBISYN-PWY: superpathway of ubiquinol-8 biosynthesis (early decarboxylation)|g__Escherichia.s__Escherichia_coli	87.7352350440
PWY-7094: fatty acid salvage	95.0547387412
PWY-7094: fatty acid salvage|unclassified	55.1528476325
PWY-6823: molybdopterin biosynthesis	91.7090567445
PWY-6823: molybdopterin biosynthesis|g__Escherichia.s__Escherichia_coli	71.3550525949
PWY0-1061: superpathway of L-alanine biosynthesis	90.1703778008
PWY0-1061: superpathway of L-alanine biosynthesis|g__Escherichia.s__Escherichia_coli	69.0283045679
PWY0-1061: superpathway of L-alanine biosynthesis|unclassified	17.2406827588
PWY-5855: ubiquinol-7 biosynthesis (early decarboxylation)	87.7967802669
PWY-5855: ubiquinol-7 biosynthesis (early decarboxylation)|g__Escherichia.s__Escherichia_coli	79.8600241809
PWY-5856: ubiquinol-9 biosynthesis (early decarboxylation)	87.7967802669
PWY-5856: ubiquinol-9 biosynthesis (early decarboxylation)|g__Escherichia.s__Escherichia_coli	79.8600241809
PWY-5857: ubiquinol-10 biosynthesis (early decarboxylation)	87.7967802669
PWY-5857: ubiquinol-10 biosynthesis (early decarboxylation)|g__Escherichia.s__Escherichia_coli	79.8600241809
PWY-6708: ubiquinol-8 biosynthesis (early decarboxylation)	87.7967802669
PWY-6708: ubiquinol-8 biosynthesis (early decarboxylation)|g__Escherichia.s__Escherichia_coli	79.8600241809
PWY-6901: superpathway of glucose and xylose degradation	86.7961042328
PWY-5920: superpathway of heme b biosynthesis from glycine	86.2268996248
PWY-5920: superpathway of heme b biosynthesis from glycine|g__Escherichia.s__Escherichia_coli	83.7540645239
PWY-7539: 6-hydroxymethyl-dihydropterin diphosphate biosynthesis III (Chlamydia)	84.4994007047
PWY-7539: 6-hydroxymethyl-dihydropterin diphosphate biosynthesis III (Chlamydia)|g__Escherichia.s__Escherichia_coli	72.0839268049
PWY-6630: superpathway of L-tyrosine biosynthesis	80.9508972203
PWY-6630: superpathway of L-tyrosine biosynthesis|g__Escherichia.s__Escherichia_coli	79.4748677541
GALACT-GLUCUROCAT-PWY: superpathway of hexuronide and hexuronate degradation	80.5832062767
GALACT-GLUCUROCAT-PWY: superpathway of hexuronide and hexuronate degradation|g__Escherichia.s__Escherichia_coli	78.3951572033
ECASYN-PWY: enterobacterial common antigen biosynthesis	79.7246806975
ECASYN-PWY: enterobacterial common antigen biosynthesis|g__Escherichia.s__Escherichia_coli	77.5209638783
PWY-7187: pyrimidine deoxyribonucleotides de novo biosynthesis II	77.8445820283
PWY-7187: pyrimidine deoxyribonucleotides de novo biosynthesis II|g__Escherichia.s__Escherichia_coli	72.8879431825
RIBOSYN2-PWY: flavin biosynthesis I (bacteria and plants)	76.3421046156
RIBOSYN2-PWY: flavin biosynthesis I (bacteria and plants)|g__Escherichia.s__Escherichia_coli	72.3593316831
PWY-7209: superpathway of pyrimidine ribonucleosides degradation	75.3214775159
PWY-7209: superpathway of pyrimidine ribonucleosides degradation|g__Escherichia.s__Escherichia_coli	74.1462758865
PWY-6147: 6-hydroxymethyl-dihydropterin diphosphate biosynthesis I	74.4012733585
PWY-6147: 6-hydroxymethyl-dihydropterin diphosphate biosynthesis I|g__Escherichia.s__Escherichia_coli	66.1011611965
PWY-6588: pyruvate fermentation to acetone	72.8860164826
PWY-6588: pyruvate fermentation to acetone|g__Escherichia.s__Escherichia_coli	60.6369864050
PWY-6168: flavin biosynthesis III (fungi)	70.1448587729
PWY-6168: flavin biosynthesis III (fungi)|g__Escherichia.s__Escherichia_coli	55.6943866251
PWY-4321: L-glutamate degradation IV	68.0407833912
PWY-4321: L-glutamate degradation IV|g__Escherichia.s__Escherichia_coli	29.9283012998
PWY-4321: L-glutamate degradation IV|unclassified	16.7758586900
PWY-7237: myo-, chiro- and scyllo-inositol degradation	67.6503619342
PWY-7237: myo-, chiro- and scyllo-inositol degradation|g__Escherichia.s__Escherichia_coli	65.7123365623
PWY-7237: myo-, chiro- and scyllo-inositol degradation|unclassified	1.9380253719
PWY-4242	64.5994287075
PWY-4242|g__Escherichia.s__Escherichia_coli	34.4274174326
P221-PWY: octane oxidation	63.6919634569
P221-PWY: octane oxidation|g__Escherichia.s__Escherichia_coli	55.3158068363
P221-PWY: octane oxidation|unclassified	7.2173759264
PPGPPMET-PWY: ppGpp metabolism	61.6190723143
PPGPPMET-PWY: ppGpp metabolism|g__Escherichia.s__Escherichia_coli	59.5706923739
GLUCUROCAT-PWY: superpathway of &beta;-D-glucuronosides degradation	58.7707813863
GLUCUROCAT-PWY: superpathway of &beta;-D-glucuronosides degradation|g__Escherichia.s__Escherichia_coli	57.7102864908
GLUDEG-I-PWY: GABA shunt	58.0740592284
GLUDEG-I-PWY: GABA shunt|g__Escherichia.s__Escherichia_coli	23.7942288325
GLUDEG-I-PWY: GABA shunt|unclassified	12.5383863526
LPSSYN-PWY: superpathway of lipopolysaccharide biosynthesis	57.8813246239
LPSSYN-PWY: superpathway of lipopolysaccharide biosynthesis|g__Escherichia.s__Escherichia_coli	56.9566192542
PWY-7446: sulfoquinovose degradation I	55.0072283752
PWY-7446: sulfoquinovose degradation I|g__Escherichia.s__Escherichia_coli	55.0072283752
PWY0-41: allantoin degradation IV (anaerobic)	42.0714309025
PWY0-41: allantoin degradation IV (anaerobic)|g__Escherichia.s__Escherichia_coli	30.2735164876
PWY0-41: allantoin degradation IV (anaerobic)|unclassified	10.8341775364
GLYCOL-GLYOXDEG-PWY: superpathway of glycol metabolism and degradation	37.1296880817
GLYCOL-GLYOXDEG-PWY: superpathway of glycol metabolism and degradation|g__Escherichia.s__Escherichia_coli	23.9716363222
GLYCOL-GLYOXDEG-PWY: superpathway of glycol metabolism and degradation|unclassified	18.8010840010
KDO-NAGLIPASYN-PWY: superpathway of (Kdo)2-lipid A biosynthesis	36.6797025291
KDO-NAGLIPASYN-PWY: superpathway of (Kdo)2-lipid A biosynthesis|g__Escherichia.s__Escherichia_coli	36.5246740410
PWY0-1533: methylphosphonate degradation I	36.4750376530
PWY-5121: superpathway of geranylgeranyl diphosphate biosynthesis II (via MEP)	32.2283203222
PYRIDNUCSAL-PWY: NAD salvage pathway I (PNC VI cycle)	29.2572821401
PYRIDNUCSAL-PWY: NAD salvage pathway I (PNC VI cycle)|unclassified	19.0800903155
PWY-6467: Kdo transfer to lipid IVA III (Chlamydia)	27.4746077752
PWY-6467: Kdo transfer to lipid IVA III (Chlamydia)|g__Escherichia.s__Escherichia_coli	27.4746077752
PWY-7409: phospholipid remodeling (phosphatidylethanolamine, yeast)	24.8938777972
PWY-6785: hydrogen production VIII	17.5880659631
PWY-6785: hydrogen production VIII|unclassified	11.6019487405
PWY-5692: allantoin degradation to glyoxylate II	17.4251553378
URDEGR-PWY: superpathway of allantoin degradation in plants	17.4251553378
PWY-6859: all-trans-farnesol biosynthesis	14.1965048777
PWY-101: photosynthesis light reactions	10.3298462664