# Pathway	COAD_noFFPEOnlyPrimaryNoRiboZeroG_left_Coverage
UNMAPPED	1.0000000000
UNINTEGRATED	1.0000000000
UNINTEGRATED|g__Cutibacterium.s__Cutibacterium_acnes	1.0000000000
UNINTEGRATED|g__Escherichia.s__Escherichia_coli	1.0000000000
UNINTEGRATED|g__Staphylococcus.s__Staphylococcus_epidermidis	1.0000000000
UNINTEGRATED|unclassified	1.0000000000
PWY0-1586: peptidoglycan maturation (meso-diaminopimelate containing)	1.0000000000
PWY0-1586: peptidoglycan maturation (meso-diaminopimelate containing)|g__Escherichia.s__Escherichia_coli	1.0000000000
PWY0-1586: peptidoglycan maturation (meso-diaminopimelate containing)|unclassified	0.9999999989
PWY0-1586: peptidoglycan maturation (meso-diaminopimelate containing)|g__Staphylococcus.s__Staphylococcus_epidermidis	0.0027335052
PWY-7111: pyruvate fermentation to isobutanol (engineered)	1.0000000000
PWY-7111: pyruvate fermentation to isobutanol (engineered)|g__Escherichia.s__Escherichia_coli	1.0000000000
PWY-7111: pyruvate fermentation to isobutanol (engineered)|unclassified	0.9999084005
NONOXIPENT-PWY: pentose phosphate pathway (non-oxidative branch) I	1.0000000000
NONOXIPENT-PWY: pentose phosphate pathway (non-oxidative branch) I|g__Escherichia.s__Escherichia_coli	1.0000000000
NONOXIPENT-PWY: pentose phosphate pathway (non-oxidative branch) I|unclassified	0.9474309551
ILEUSYN-PWY: L-isoleucine biosynthesis I (from threonine)	1.0000000000
ILEUSYN-PWY: L-isoleucine biosynthesis I (from threonine)|g__Escherichia.s__Escherichia_coli	1.0000000000
ILEUSYN-PWY: L-isoleucine biosynthesis I (from threonine)|unclassified	0.9998703320
VALSYN-PWY: L-valine biosynthesis	1.0000000000
VALSYN-PWY: L-valine biosynthesis|g__Escherichia.s__Escherichia_coli	1.0000000000
VALSYN-PWY: L-valine biosynthesis|unclassified	0.9998703320
SALVADEHYPOX-PWY: adenosine nucleotides degradation II	1.0000000000
SALVADEHYPOX-PWY: adenosine nucleotides degradation II|g__Escherichia.s__Escherichia_coli	1.0000000000
SALVADEHYPOX-PWY: adenosine nucleotides degradation II|unclassified	0.9868254450
PWY-1042: glycolysis IV	1.0000000000
PWY-1042: glycolysis IV|g__Escherichia.s__Escherichia_coli	1.0000000000
PWY-1042: glycolysis IV|g__Staphylococcus.s__Staphylococcus_epidermidis	0.9916780638
P461-PWY: hexitol fermentation to lactate, formate, ethanol and acetate	0.9919016756
P461-PWY: hexitol fermentation to lactate, formate, ethanol and acetate|g__Escherichia.s__Escherichia_coli	0.9995975298
P461-PWY: hexitol fermentation to lactate, formate, ethanol and acetate|unclassified	0.0009329845
CALVIN-PWY: Calvin-Benson-Bassham cycle	1.0000000000
CALVIN-PWY: Calvin-Benson-Bassham cycle|g__Escherichia.s__Escherichia_coli	1.0000000000
PWY-5913: partial TCA cycle (obligate autotrophs)	1.0000000000
PWY-5913: partial TCA cycle (obligate autotrophs)|g__Escherichia.s__Escherichia_coli	1.0000000000
PWY-5913: partial TCA cycle (obligate autotrophs)|unclassified	0.9948955226
PWY-5913: partial TCA cycle (obligate autotrophs)|g__Staphylococcus.s__Staphylococcus_epidermidis	0.0084957018
PWY-5695: inosine 5'-phosphate degradation	1.0000000000
PWY-5695: inosine 5'-phosphate degradation|g__Escherichia.s__Escherichia_coli	1.0000000000
PWY-5695: inosine 5'-phosphate degradation|unclassified	0.9944394691
PWY-6608: guanosine nucleotides degradation III	1.0000000000
PWY-6608: guanosine nucleotides degradation III|g__Escherichia.s__Escherichia_coli	1.0000000000
PWY-6608: guanosine nucleotides degradation III|unclassified	0.9856441861
ORNDEG-PWY: superpathway of ornithine degradation	0.9999993343
ORNDEG-PWY: superpathway of ornithine degradation|g__Escherichia.s__Escherichia_coli	0.9999999977
ORNDEG-PWY: superpathway of ornithine degradation|g__Staphylococcus.s__Staphylococcus_epidermidis	0.0001237832
PWY-4041: &gamma;-glutamyl cycle	0.9999999888
PWY-4041: &gamma;-glutamyl cycle|g__Escherichia.s__Escherichia_coli	0.9999999975
PWY-4041: &gamma;-glutamyl cycle|g__Staphylococcus.s__Staphylococcus_epidermidis	0.0033526311
PWY-4041: &gamma;-glutamyl cycle|unclassified	0.1798593061
PWY-7663: gondoate biosynthesis (anaerobic)	0.9999999993
PWY-7663: gondoate biosynthesis (anaerobic)|g__Escherichia.s__Escherichia_coli	1.0000000000
PWY-7663: gondoate biosynthesis (anaerobic)|g__Staphylococcus.s__Staphylococcus_epidermidis	0.0000453973
PWY-7663: gondoate biosynthesis (anaerobic)|unclassified	0.0000249511
GLYCOLYSIS: glycolysis I (from glucose 6-phosphate)	0.9801080559
GLYCOLYSIS: glycolysis I (from glucose 6-phosphate)|g__Escherichia.s__Escherichia_coli	0.0121024749
ANAGLYCOLYSIS-PWY: glycolysis III (from glucose)	0.9985079207
ANAGLYCOLYSIS-PWY: glycolysis III (from glucose)|g__Escherichia.s__Escherichia_coli	0.9999906359
PWY-7117: C4 photosynthetic carbon assimilation cycle, PEPCK type	0.9999810631
PWY-7117: C4 photosynthetic carbon assimilation cycle, PEPCK type|g__Escherichia.s__Escherichia_coli	0.9999342700
PWY-7117: C4 photosynthetic carbon assimilation cycle, PEPCK type|unclassified	0.2492576278
PWY-5484: glycolysis II (from fructose 6-phosphate)	0.9617258933
PWY-5484: glycolysis II (from fructose 6-phosphate)|g__Escherichia.s__Escherichia_coli	0.0060880781
UDPNAGSYN-PWY: UDP-N-acetyl-D-glucosamine biosynthesis I	0.9999999996
UDPNAGSYN-PWY: UDP-N-acetyl-D-glucosamine biosynthesis I|g__Escherichia.s__Escherichia_coli	1.0000000000
UDPNAGSYN-PWY: UDP-N-acetyl-D-glucosamine biosynthesis I|g__Cutibacterium.s__Cutibacterium_acnes	0.4970213916
UDPNAGSYN-PWY: UDP-N-acetyl-D-glucosamine biosynthesis I|unclassified	0.0000001097
TCA: TCA cycle I (prokaryotic)	0.0001078438
TCA: TCA cycle I (prokaryotic)|g__Escherichia.s__Escherichia_coli	0.0039945166
TCA: TCA cycle I (prokaryotic)|unclassified	0.0016566001
PWY-5723: Rubisco shunt	0.0000000000
PWY-5723: Rubisco shunt|g__Escherichia.s__Escherichia_coli	0.0000000156
PWY-5723: Rubisco shunt|unclassified	0.0000000001
HEXITOLDEGSUPER-PWY: superpathway of hexitol degradation (bacteria)	0.9696004068
HEXITOLDEGSUPER-PWY: superpathway of hexitol degradation (bacteria)|g__Escherichia.s__Escherichia_coli	0.0081009932
PWY-6353: purine nucleotides degradation II (aerobic)	0.0012909774
PWY-6353: purine nucleotides degradation II (aerobic)|g__Escherichia.s__Escherichia_coli	0.4974546017
PWY-6353: purine nucleotides degradation II (aerobic)|unclassified	0.4319888003
PWY0-1261: anhydromuropeptides recycling I	0.0000000000
PWY0-1261: anhydromuropeptides recycling I|g__Escherichia.s__Escherichia_coli	0.0000000000
PWY0-1261: anhydromuropeptides recycling I|unclassified	0.0000003518
PWY0-1261: anhydromuropeptides recycling I|g__Staphylococcus.s__Staphylococcus_epidermidis	0.0000000000
PWY-5347: superpathway of L-methionine biosynthesis (transsulfuration)	0.9943571745
PWY-5347: superpathway of L-methionine biosynthesis (transsulfuration)|g__Escherichia.s__Escherichia_coli	0.9995208943
PWY-5347: superpathway of L-methionine biosynthesis (transsulfuration)|unclassified	0.0290629667
GLYCOLYSIS-TCA-GLYOX-BYPASS: superpathway of glycolysis, pyruvate dehydrogenase, TCA, and glyoxylate bypass	0.0000000000
GLYCOLYSIS-TCA-GLYOX-BYPASS: superpathway of glycolysis, pyruvate dehydrogenase, TCA, and glyoxylate bypass|g__Escherichia.s__Escherichia_coli	0.0000000402
PWY-5675: nitrate reduction V (assimilatory)	0.0000527813
PWY-5675: nitrate reduction V (assimilatory)|g__Escherichia.s__Escherichia_coli	0.0000000000
PWY-5675: nitrate reduction V (assimilatory)|unclassified	0.7802656784
PWY-5675: nitrate reduction V (assimilatory)|g__Staphylococcus.s__Staphylococcus_epidermidis	0.1199179005
FERMENTATION-PWY: mixed acid fermentation	0.0000000000
FERMENTATION-PWY: mixed acid fermentation|g__Escherichia.s__Escherichia_coli	0.0000000000
FERMENTATION-PWY: mixed acid fermentation|unclassified	0.6887244059
METSYN-PWY: superpathway of L-homoserine and L-methionine biosynthesis	0.9934228891
METSYN-PWY: superpathway of L-homoserine and L-methionine biosynthesis|g__Escherichia.s__Escherichia_coli	0.9994410879
METSYN-PWY: superpathway of L-homoserine and L-methionine biosynthesis|unclassified	0.0264853311
THRESYN-PWY: superpathway of L-threonine biosynthesis	0.9439033717
THRESYN-PWY: superpathway of L-threonine biosynthesis|g__Escherichia.s__Escherichia_coli	0.0967001521
THRESYN-PWY: superpathway of L-threonine biosynthesis|g__Cutibacterium.s__Cutibacterium_acnes	0.5313822016
THRESYN-PWY: superpathway of L-threonine biosynthesis|unclassified	0.0000000002
FASYN-ELONG-PWY: fatty acid elongation -- saturated	0.0048306661
FASYN-ELONG-PWY: fatty acid elongation -- saturated|g__Escherichia.s__Escherichia_coli	0.0000000000
FASYN-ELONG-PWY: fatty acid elongation -- saturated|unclassified	0.0000000000
PWY-3001: superpathway of L-isoleucine biosynthesis I	0.0000169241
PWY-3001: superpathway of L-isoleucine biosynthesis I|g__Escherichia.s__Escherichia_coli	0.0000000004
PWY-3001: superpathway of L-isoleucine biosynthesis I|unclassified	0.0000000000
PWY-6305: superpathway of putrescine biosynthesis	0.0000000000
PWY-6305: superpathway of putrescine biosynthesis|g__Escherichia.s__Escherichia_coli	0.0000000000
PENTOSE-P-PWY: pentose phosphate pathway	0.0398030324
PENTOSE-P-PWY: pentose phosphate pathway|g__Escherichia.s__Escherichia_coli	0.5751551432
TCA-GLYOX-BYPASS: superpathway of glyoxylate bypass and TCA	0.0000808845
TCA-GLYOX-BYPASS: superpathway of glyoxylate bypass and TCA|g__Escherichia.s__Escherichia_coli	0.0029987374
TCA-GLYOX-BYPASS: superpathway of glyoxylate bypass and TCA|unclassified	0.0012481568
PWY-5971: palmitate biosynthesis (type II fatty acid synthase)	0.0000000000
PWY-5971: palmitate biosynthesis (type II fatty acid synthase)|g__Escherichia.s__Escherichia_coli	0.0000000000
BRANCHED-CHAIN-AA-SYN-PWY: superpathway of branched chain amino acid biosynthesis	0.0000112828
BRANCHED-CHAIN-AA-SYN-PWY: superpathway of branched chain amino acid biosynthesis|g__Escherichia.s__Escherichia_coli	0.0000000003
BRANCHED-CHAIN-AA-SYN-PWY: superpathway of branched chain amino acid biosynthesis|unclassified	0.0000000000
ASPASN-PWY: superpathway of L-aspartate and L-asparagine biosynthesis	0.9469086302
ASPASN-PWY: superpathway of L-aspartate and L-asparagine biosynthesis|g__Escherichia.s__Escherichia_coli	0.9922462499
ASPASN-PWY: superpathway of L-aspartate and L-asparagine biosynthesis|g__Staphylococcus.s__Staphylococcus_epidermidis	0.0008602871
ASPASN-PWY: superpathway of L-aspartate and L-asparagine biosynthesis|unclassified	0.0008585688
PWY-6737: starch degradation V	0.9999649363
PWY-6737: starch degradation V|g__Escherichia.s__Escherichia_coli	0.9994658361
PWY-6737: starch degradation V|unclassified	0.9237090552
MET-SAM-PWY: superpathway of S-adenosyl-L-methionine biosynthesis	0.9809619663
MET-SAM-PWY: superpathway of S-adenosyl-L-methionine biosynthesis|g__Escherichia.s__Escherichia_coli	0.9239972452
MET-SAM-PWY: superpathway of S-adenosyl-L-methionine biosynthesis|unclassified	0.0307489217
PWY-7664: oleate biosynthesis IV (anaerobic)	0.0042293867
PWY-7664: oleate biosynthesis IV (anaerobic)|g__Escherichia.s__Escherichia_coli	0.0000000000
PWY-7664: oleate biosynthesis IV (anaerobic)|unclassified	0.0000000000
PWY-6385: peptidoglycan biosynthesis III (mycobacteria)	0.7711333914
PWY-6385: peptidoglycan biosynthesis III (mycobacteria)|g__Escherichia.s__Escherichia_coli	0.0000001114
PWY-6385: peptidoglycan biosynthesis III (mycobacteria)|g__Cutibacterium.s__Cutibacterium_acnes	0.4447355930
PWY-7388: octanoyl-[acyl-carrier protein] biosynthesis (mitochondria, yeast)	0.2202600337
PWY-7388: octanoyl-[acyl-carrier protein] biosynthesis (mitochondria, yeast)|g__Escherichia.s__Escherichia_coli	0.3246726462
PWY-7388: octanoyl-[acyl-carrier protein] biosynthesis (mitochondria, yeast)|unclassified	0.0000000000
PWY-6282: palmitoleate biosynthesis I (from (5Z)-dodec-5-enoate)	0.0036273802
PWY-6282: palmitoleate biosynthesis I (from (5Z)-dodec-5-enoate)|g__Escherichia.s__Escherichia_coli	0.0000000000
PWY-6282: palmitoleate biosynthesis I (from (5Z)-dodec-5-enoate)|unclassified	0.0000000000
HOMOSER-METSYN-PWY: L-methionine biosynthesis I	0.9999899574
HOMOSER-METSYN-PWY: L-methionine biosynthesis I|g__Escherichia.s__Escherichia_coli	0.9998011642
HOMOSER-METSYN-PWY: L-methionine biosynthesis I|unclassified	0.7010135270
ARGSYN-PWY: L-arginine biosynthesis I (via L-ornithine)	0.9137577654
ARGSYN-PWY: L-arginine biosynthesis I (via L-ornithine)|g__Escherichia.s__Escherichia_coli	0.9426754225
ARGSYN-PWY: L-arginine biosynthesis I (via L-ornithine)|g__Cutibacterium.s__Cutibacterium_acnes	0.2992109932
PWY-6387: UDP-N-acetylmuramoyl-pentapeptide biosynthesis I (meso-diaminopimelate containing)	0.9883164457
PWY-6387: UDP-N-acetylmuramoyl-pentapeptide biosynthesis I (meso-diaminopimelate containing)|g__Escherichia.s__Escherichia_coli	0.5433241961
PWY-6387: UDP-N-acetylmuramoyl-pentapeptide biosynthesis I (meso-diaminopimelate containing)|g__Cutibacterium.s__Cutibacterium_acnes	0.4823619423
PWY-7400: L-arginine biosynthesis IV (archaebacteria)	0.9118487942
PWY-7400: L-arginine biosynthesis IV (archaebacteria)|g__Escherichia.s__Escherichia_coli	0.9412382483
PWY-7400: L-arginine biosynthesis IV (archaebacteria)|g__Cutibacterium.s__Cutibacterium_acnes	0.2959103764
RHAMCAT-PWY: L-rhamnose degradation I	0.9211554193
RHAMCAT-PWY: L-rhamnose degradation I|g__Escherichia.s__Escherichia_coli	0.9625045312
RHAMCAT-PWY: L-rhamnose degradation I|unclassified	0.0000009364
PWY-5103: L-isoleucine biosynthesis III	0.0000084621
PWY-5103: L-isoleucine biosynthesis III|g__Escherichia.s__Escherichia_coli	0.0000000002
PWY-5103: L-isoleucine biosynthesis III|unclassified	0.0000000000
PWY-6936: seleno-amino acid biosynthesis (plants)	0.9998698952
PWY-6936: seleno-amino acid biosynthesis (plants)|g__Escherichia.s__Escherichia_coli	0.9999702208
PWY-6936: seleno-amino acid biosynthesis (plants)|unclassified	0.0000000043
PWY-5667: CDP-diacylglycerol biosynthesis I	0.9950284686
PWY-5667: CDP-diacylglycerol biosynthesis I|g__Escherichia.s__Escherichia_coli	0.5653469666
PWY-5667: CDP-diacylglycerol biosynthesis I|unclassified	0.9930504745
PWY0-1319: CDP-diacylglycerol biosynthesis II	0.9950284686
PWY0-1319: CDP-diacylglycerol biosynthesis II|g__Escherichia.s__Escherichia_coli	0.5653469666
PWY0-1319: CDP-diacylglycerol biosynthesis II|unclassified	0.9930504745
ARGSYNBSUB-PWY: L-arginine biosynthesis II (acetyl cycle)	0.4993586950
ARGSYNBSUB-PWY: L-arginine biosynthesis II (acetyl cycle)|g__Escherichia.s__Escherichia_coli	0.6641100064
ARGSYNBSUB-PWY: L-arginine biosynthesis II (acetyl cycle)|g__Cutibacterium.s__Cutibacterium_acnes	0.4176434302
PWY0-1296: purine ribonucleosides degradation	0.9967022409
PWY0-1296: purine ribonucleosides degradation|g__Escherichia.s__Escherichia_coli	0.9999997466
PWY-6606: guanosine nucleotides degradation II	0.0004698652
PWY-6606: guanosine nucleotides degradation II|g__Escherichia.s__Escherichia_coli	0.2977273114
PWY-5154: L-arginine biosynthesis III (via N-acetyl-L-citrulline)	0.3604029951
PWY-5154: L-arginine biosynthesis III (via N-acetyl-L-citrulline)|g__Escherichia.s__Escherichia_coli	0.5280289957
PWY0-862: (5Z)-dodecenoate biosynthesis I	0.0036273802
PWY0-862: (5Z)-dodecenoate biosynthesis I|g__Escherichia.s__Escherichia_coli	0.0000000000
PWY0-862: (5Z)-dodecenoate biosynthesis I|unclassified	0.0000000000
GLUCONEO-PWY: gluconeogenesis I	0.0000000000
GLUCONEO-PWY: gluconeogenesis I|g__Escherichia.s__Escherichia_coli	0.0000000179
GLUCONEO-PWY: gluconeogenesis I|unclassified	0.0000593369
GLYCOLYSIS-E-D: superpathway of glycolysis and the Entner-Doudoroff pathway	0.0000000000
GLYCOLYSIS-E-D: superpathway of glycolysis and the Entner-Doudoroff pathway|g__Escherichia.s__Escherichia_coli	0.0000000000
PWY-6122: 5-aminoimidazole ribonucleotide biosynthesis II	0.9990351664
PWY-6122: 5-aminoimidazole ribonucleotide biosynthesis II|g__Escherichia.s__Escherichia_coli	0.8167508369
PWY-6122: 5-aminoimidazole ribonucleotide biosynthesis II|unclassified	0.9694155122
PWY-6122: 5-aminoimidazole ribonucleotide biosynthesis II|g__Cutibacterium.s__Cutibacterium_acnes	0.4170621119
PWY-6277: superpathway of 5-aminoimidazole ribonucleotide biosynthesis	0.9990351664
PWY-6277: superpathway of 5-aminoimidazole ribonucleotide biosynthesis|g__Escherichia.s__Escherichia_coli	0.8167508369
PWY-6277: superpathway of 5-aminoimidazole ribonucleotide biosynthesis|unclassified	0.9694155122
PWY-6277: superpathway of 5-aminoimidazole ribonucleotide biosynthesis|g__Cutibacterium.s__Cutibacterium_acnes	0.4170621119
PEPTIDOGLYCANSYN-PWY: peptidoglycan biosynthesis I (meso-diaminopimelate containing)	0.7711066790
PEPTIDOGLYCANSYN-PWY: peptidoglycan biosynthesis I (meso-diaminopimelate containing)|g__Escherichia.s__Escherichia_coli	0.0000001114
PEPTIDOGLYCANSYN-PWY: peptidoglycan biosynthesis I (meso-diaminopimelate containing)|g__Cutibacterium.s__Cutibacterium_acnes	0.5068947816
PWY-5989: stearate biosynthesis II (bacteria and plants)	0.0036273776
PWY-5989: stearate biosynthesis II (bacteria and plants)|g__Escherichia.s__Escherichia_coli	0.0000000000
PWY-5989: stearate biosynthesis II (bacteria and plants)|g__Staphylococcus.s__Staphylococcus_epidermidis	0.0000680937
PWY-5989: stearate biosynthesis II (bacteria and plants)|unclassified	0.0000000000
ARG+POLYAMINE-SYN: superpathway of arginine and polyamine biosynthesis	0.0000003650
ARG+POLYAMINE-SYN: superpathway of arginine and polyamine biosynthesis|g__Escherichia.s__Escherichia_coli	0.0003729072
PWY-5173	0.9791519932
PWY-5173|g__Escherichia.s__Escherichia_coli	0.9934450736
PWY-5173|unclassified	0.0050392503
PWY-6519: 8-amino-7-oxononanoate biosynthesis I	0.0040102319
PWY-6519: 8-amino-7-oxononanoate biosynthesis I|g__Escherichia.s__Escherichia_coli	0.0000000000
PWY-6519: 8-amino-7-oxononanoate biosynthesis I|unclassified	0.0000000000
P161-PWY: acetylene degradation (anaerobic)	0.0000012494
P161-PWY: acetylene degradation (anaerobic)|g__Escherichia.s__Escherichia_coli	0.0096388239
GLUTORN-PWY: L-ornithine biosynthesis I	0.9772929545
GLUTORN-PWY: L-ornithine biosynthesis I|g__Escherichia.s__Escherichia_coli	0.9712900631
GLUTORN-PWY: L-ornithine biosynthesis I|unclassified	0.0002905423
GLUTORN-PWY: L-ornithine biosynthesis I|g__Cutibacterium.s__Cutibacterium_acnes	0.1739518515
PWY-6386: UDP-N-acetylmuramoyl-pentapeptide biosynthesis II (lysine-containing)	0.7620613376
PWY-6386: UDP-N-acetylmuramoyl-pentapeptide biosynthesis II (lysine-containing)|g__Escherichia.s__Escherichia_coli	0.0000001070
PWY-6386: UDP-N-acetylmuramoyl-pentapeptide biosynthesis II (lysine-containing)|g__Cutibacterium.s__Cutibacterium_acnes	0.4786918601
GLYCOGENSYNTH-PWY: glycogen biosynthesis I (from ADP-D-Glucose)	0.8349161450
GLYCOGENSYNTH-PWY: glycogen biosynthesis I (from ADP-D-Glucose)|g__Escherichia.s__Escherichia_coli	0.0000000061
GLYCOGENSYNTH-PWY: glycogen biosynthesis I (from ADP-D-Glucose)|unclassified	0.0000000003
POLYAMSYN-PWY: superpathway of polyamine biosynthesis I	0.0000001825
POLYAMSYN-PWY: superpathway of polyamine biosynthesis I|g__Escherichia.s__Escherichia_coli	0.0001865080
POLYAMSYN-PWY: superpathway of polyamine biosynthesis I|unclassified	0.0000000000
P441-PWY: superpathway of N-acetylneuraminate degradation	0.0000000000
P441-PWY: superpathway of N-acetylneuraminate degradation|g__Escherichia.s__Escherichia_coli	0.0000000181
PWY-6121: 5-aminoimidazole ribonucleotide biosynthesis I	0.8706242792
PWY-6121: 5-aminoimidazole ribonucleotide biosynthesis I|g__Escherichia.s__Escherichia_coli	0.5705475725
PWY-6121: 5-aminoimidazole ribonucleotide biosynthesis I|unclassified	0.1089792483
PWY-6121: 5-aminoimidazole ribonucleotide biosynthesis I|g__Cutibacterium.s__Cutibacterium_acnes	0.3180587592
TRNA-CHARGING-PWY: tRNA charging	0.0000125445
TRNA-CHARGING-PWY: tRNA charging|g__Escherichia.s__Escherichia_coli	0.0000000000
PHOSLIPSYN-PWY: superpathway of phospholipid biosynthesis I (bacteria)	0.0017161194
PHOSLIPSYN-PWY: superpathway of phospholipid biosynthesis I (bacteria)|g__Escherichia.s__Escherichia_coli	0.0000000001
PWY-5973: cis-vaccenate biosynthesis	0.0030244121
PWY-5973: cis-vaccenate biosynthesis|g__Escherichia.s__Escherichia_coli	0.0000000000
PWY-5973: cis-vaccenate biosynthesis|g__Staphylococcus.s__Staphylococcus_epidermidis	0.0000571577
PWY-5973: cis-vaccenate biosynthesis|unclassified	0.0000000000
PWY-6285: superpathway of fatty acids biosynthesis (E. coli)	0.0000000000
PWY-6285: superpathway of fatty acids biosynthesis (E. coli)|g__Escherichia.s__Escherichia_coli	0.0000000000
GLYCOCAT-PWY: glycogen degradation I	0.0000000000
GLYCOCAT-PWY: glycogen degradation I|g__Escherichia.s__Escherichia_coli	0.0000000000
PWY-5104: L-isoleucine biosynthesis IV	0.0000032537
PWY-5104: L-isoleucine biosynthesis IV|g__Escherichia.s__Escherichia_coli	0.0000000002
PWY-5104: L-isoleucine biosynthesis IV|unclassified	0.9770868418
PWY4FS-7: phosphatidylglycerol biosynthesis I (plastidic)	0.0010303967
PWY4FS-7: phosphatidylglycerol biosynthesis I (plastidic)|g__Escherichia.s__Escherichia_coli	0.0000000001
PWY4FS-8: phosphatidylglycerol biosynthesis II (non-plastidic)	0.0010303967
PWY4FS-8: phosphatidylglycerol biosynthesis II (non-plastidic)|g__Escherichia.s__Escherichia_coli	0.0000000001
COMPLETE-ARO-PWY: superpathway of aromatic amino acid biosynthesis	0.0000041369
COMPLETE-ARO-PWY: superpathway of aromatic amino acid biosynthesis|g__Escherichia.s__Escherichia_coli	0.0000000000
PWY-5188: tetrapyrrole biosynthesis I (from glutamate)	0.1334071793
PWY-5188: tetrapyrrole biosynthesis I (from glutamate)|g__Escherichia.s__Escherichia_coli	0.5201076074
PWY-5188: tetrapyrrole biosynthesis I (from glutamate)|g__Cutibacterium.s__Cutibacterium_acnes	0.4547138592
PWY-5188: tetrapyrrole biosynthesis I (from glutamate)|unclassified	0.0000001889
GLYOXYLATE-BYPASS: glyoxylate cycle	0.0000359503
GLYOXYLATE-BYPASS: glyoxylate cycle|g__Escherichia.s__Escherichia_coli	0.0013349963
GLYOXYLATE-BYPASS: glyoxylate cycle|unclassified	0.8312614887
FASYN-INITIAL-PWY: superpathway of fatty acid biosynthesis initiation (E. coli)	0.1204176452
FASYN-INITIAL-PWY: superpathway of fatty acid biosynthesis initiation (E. coli)|g__Escherichia.s__Escherichia_coli	0.0406085385
FASYN-INITIAL-PWY: superpathway of fatty acid biosynthesis initiation (E. coli)|g__Staphylococcus.s__Staphylococcus_epidermidis	0.0347418491
FASYN-INITIAL-PWY: superpathway of fatty acid biosynthesis initiation (E. coli)|unclassified	0.0000000001
ARO-PWY: chorismate biosynthesis I	0.0000036198
ARO-PWY: chorismate biosynthesis I|g__Escherichia.s__Escherichia_coli	0.0000000000
PWY-7228: superpathway of guanosine nucleotides de novo biosynthesis I	0.0000000031
PWY-7228: superpathway of guanosine nucleotides de novo biosynthesis I|g__Escherichia.s__Escherichia_coli	0.0000031696
PWY-7228: superpathway of guanosine nucleotides de novo biosynthesis I|g__Cutibacterium.s__Cutibacterium_acnes	0.6699745084
PWY-7228: superpathway of guanosine nucleotides de novo biosynthesis I|unclassified	0.0000000000
BIOTIN-BIOSYNTHESIS-PWY: biotin biosynthesis I	0.0000000000
BIOTIN-BIOSYNTHESIS-PWY: biotin biosynthesis I|g__Escherichia.s__Escherichia_coli	0.0000000000
BIOTIN-BIOSYNTHESIS-PWY: biotin biosynthesis I|unclassified	0.0000000000
PWY-6123: inosine-5'-phosphate biosynthesis I	0.0070002634
PWY-6123: inosine-5'-phosphate biosynthesis I|g__Escherichia.s__Escherichia_coli	0.0000303711
PWY-6123: inosine-5'-phosphate biosynthesis I|g__Cutibacterium.s__Cutibacterium_acnes	0.2944350662
PWY0-1297: superpathway of purine deoxyribonucleosides degradation	0.0000018741
PWY0-1297: superpathway of purine deoxyribonucleosides degradation|g__Escherichia.s__Escherichia_coli	0.0143888293
PWY-5189: tetrapyrrole biosynthesis II (from glycine)	0.0952635576
PWY-5189: tetrapyrrole biosynthesis II (from glycine)|g__Escherichia.s__Escherichia_coli	0.4250769556
PWY-5189: tetrapyrrole biosynthesis II (from glycine)|g__Cutibacterium.s__Cutibacterium_acnes	0.4314256648
PWY-5189: tetrapyrrole biosynthesis II (from glycine)|unclassified	0.0000000000
PWY4LZ-257: superpathway of fermentation (Chlamydomonas reinhardtii)	0.0000000000
PWY4LZ-257: superpathway of fermentation (Chlamydomonas reinhardtii)|g__Escherichia.s__Escherichia_coli	0.0000000000
PWY-7220: adenosine deoxyribonucleotides de novo biosynthesis II	0.0000000016
PWY-7220: adenosine deoxyribonucleotides de novo biosynthesis II|g__Escherichia.s__Escherichia_coli	0.0000015853
PWY-7220: adenosine deoxyribonucleotides de novo biosynthesis II|g__Staphylococcus.s__Staphylococcus_epidermidis	0.1265022513
PWY-7220: adenosine deoxyribonucleotides de novo biosynthesis II|g__Cutibacterium.s__Cutibacterium_acnes	0.6171692285
PWY-7220: adenosine deoxyribonucleotides de novo biosynthesis II|unclassified	0.0000000000
PWY-7222: guanosine deoxyribonucleotides de novo biosynthesis II	0.0000000016
PWY-7222: guanosine deoxyribonucleotides de novo biosynthesis II|g__Escherichia.s__Escherichia_coli	0.0000015853
PWY-7222: guanosine deoxyribonucleotides de novo biosynthesis II|g__Staphylococcus.s__Staphylococcus_epidermidis	0.1265022513
PWY-7222: guanosine deoxyribonucleotides de novo biosynthesis II|g__Cutibacterium.s__Cutibacterium_acnes	0.6171692285
PWY-7222: guanosine deoxyribonucleotides de novo biosynthesis II|unclassified	0.0000000000
PWY-6609: adenine and adenosine salvage III	0.0001032522
PWY-6609: adenine and adenosine salvage III|g__Escherichia.s__Escherichia_coli	0.0112961053
PWY-6609: adenine and adenosine salvage III|unclassified	0.2177743188
PWY-6609: adenine and adenosine salvage III|g__Cutibacterium.s__Cutibacterium_acnes	0.0349059133
ANAEROFRUCAT-PWY: homolactic fermentation	0.0000000000
ANAEROFRUCAT-PWY: homolactic fermentation|g__Escherichia.s__Escherichia_coli	0.0000000000
ARGDEG-PWY: superpathway of L-arginine, putrescine, and 4-aminobutanoate degradation	0.0000000000
ARGDEG-PWY: superpathway of L-arginine, putrescine, and 4-aminobutanoate degradation|g__Escherichia.s__Escherichia_coli	0.0000000000
ORNARGDEG-PWY: superpathway of L-arginine and L-ornithine degradation	0.0000000000
ORNARGDEG-PWY: superpathway of L-arginine and L-ornithine degradation|g__Escherichia.s__Escherichia_coli	0.0000000000
PWY-6284: superpathway of unsaturated fatty acids biosynthesis (E. coli)	0.0000000000
PWY-6284: superpathway of unsaturated fatty acids biosynthesis (E. coli)|g__Escherichia.s__Escherichia_coli	0.0000000000
GALACTARDEG-PWY: D-galactarate degradation I	0.0000000000
GALACTARDEG-PWY: D-galactarate degradation I|g__Escherichia.s__Escherichia_coli	0.0000000000
GALACTARDEG-PWY: D-galactarate degradation I|unclassified	0.1662217785
GLUCARGALACTSUPER-PWY: superpathway of D-glucarate and D-galactarate degradation	0.0000000000
GLUCARGALACTSUPER-PWY: superpathway of D-glucarate and D-galactarate degradation|g__Escherichia.s__Escherichia_coli	0.0000000000
GLUCARGALACTSUPER-PWY: superpathway of D-glucarate and D-galactarate degradation|unclassified	0.1662217785
PWY-6125: superpathway of guanosine nucleotides de novo biosynthesis II	0.0000000024
PWY-6125: superpathway of guanosine nucleotides de novo biosynthesis II|g__Escherichia.s__Escherichia_coli	0.0000024655
PWY-6125: superpathway of guanosine nucleotides de novo biosynthesis II|g__Cutibacterium.s__Cutibacterium_acnes	0.6314772975
PWY-7221: guanosine ribonucleotides de novo biosynthesis	0.0000246228
PWY-7221: guanosine ribonucleotides de novo biosynthesis|g__Escherichia.s__Escherichia_coli	0.0034290464
PWY-7221: guanosine ribonucleotides de novo biosynthesis|g__Cutibacterium.s__Cutibacterium_acnes	0.6638879729
PWY-7221: guanosine ribonucleotides de novo biosynthesis|unclassified	0.0000000000
FUC-RHAMCAT-PWY: superpathway of fucose and rhamnose degradation	0.0000000000
FUC-RHAMCAT-PWY: superpathway of fucose and rhamnose degradation|g__Escherichia.s__Escherichia_coli	0.0000000000
PWY-6151: S-adenosyl-L-methionine salvage I	0.0000010984
PWY-6151: S-adenosyl-L-methionine salvage I|g__Escherichia.s__Escherichia_coli	0.0000000002
PWY-6151: S-adenosyl-L-methionine salvage I|g__Cutibacterium.s__Cutibacterium_acnes	0.2803410016
PWY-6151: S-adenosyl-L-methionine salvage I|unclassified	0.0000000143
SO4ASSIM-PWY: assimilatory sulfate reduction I	0.0000000000
SO4ASSIM-PWY: assimilatory sulfate reduction I|g__Escherichia.s__Escherichia_coli	0.0000011198
FUCCAT-PWY: fucose degradation	0.0083620987
FUCCAT-PWY: fucose degradation|g__Escherichia.s__Escherichia_coli	0.0000195440
PWY-1269: CMP-3-deoxy-D-manno-octulosonate biosynthesis	0.0000000000
PWY-1269: CMP-3-deoxy-D-manno-octulosonate biosynthesis|g__Escherichia.s__Escherichia_coli	0.0000000000
PWY-1269: CMP-3-deoxy-D-manno-octulosonate biosynthesis|unclassified	0.0686176342
PWY-5659: GDP-mannose biosynthesis	0.0000005742
PWY-5659: GDP-mannose biosynthesis|g__Escherichia.s__Escherichia_coli	0.0000000000
PWY-5659: GDP-mannose biosynthesis|unclassified	0.1397719811
GLCMANNANAUT-PWY: superpathway of N-acetylglucosamine, N-acetylmannosamine and N-acetylneuraminate degradation	0.0000000622
GLCMANNANAUT-PWY: superpathway of N-acetylglucosamine, N-acetylmannosamine and N-acetylneuraminate degradation|g__Escherichia.s__Escherichia_coli	0.0000000539
PWY0-1298: superpathway of pyrimidine deoxyribonucleosides degradation	0.0000000014
PWY0-1298: superpathway of pyrimidine deoxyribonucleosides degradation|g__Escherichia.s__Escherichia_coli	0.0000561131
NAGLIPASYN-PWY: lipid IVA biosynthesis (E. coli)	0.0000018729
NAGLIPASYN-PWY: lipid IVA biosynthesis (E. coli)|g__Escherichia.s__Escherichia_coli	0.0000011113
NAGLIPASYN-PWY: lipid IVA biosynthesis (E. coli)|g__Staphylococcus.s__Staphylococcus_epidermidis	0.1596969282
NAGLIPASYN-PWY: lipid IVA biosynthesis (E. coli)|unclassified	0.0000032314
PWY-2942: L-lysine biosynthesis III	0.0000000000
PWY-2942: L-lysine biosynthesis III|g__Escherichia.s__Escherichia_coli	0.0000000331
PWY-2942: L-lysine biosynthesis III|g__Cutibacterium.s__Cutibacterium_acnes	0.2152861115
P105-PWY: TCA cycle IV (2-oxoglutarate decarboxylase)	0.0000000000
P105-PWY: TCA cycle IV (2-oxoglutarate decarboxylase)|g__Escherichia.s__Escherichia_coli	0.0000000000
P105-PWY: TCA cycle IV (2-oxoglutarate decarboxylase)|unclassified	0.0000000006
PWY-6969: TCA cycle V (2-oxoglutarate synthase)	0.0000000000
PWY-6969: TCA cycle V (2-oxoglutarate synthase)|g__Escherichia.s__Escherichia_coli	0.0000000000
PWY-6969: TCA cycle V (2-oxoglutarate synthase)|unclassified	0.0000000006
PWY-6163: chorismate biosynthesis from 3-dehydroquinate	0.0000025856
PWY-6163: chorismate biosynthesis from 3-dehydroquinate|g__Escherichia.s__Escherichia_coli	0.0000000000
PWY-7229: superpathway of adenosine nucleotides de novo biosynthesis I	0.0000000000
PWY-7229: superpathway of adenosine nucleotides de novo biosynthesis I|g__Escherichia.s__Escherichia_coli	0.0000000000
PWY-7229: superpathway of adenosine nucleotides de novo biosynthesis I|g__Cutibacterium.s__Cutibacterium_acnes	0.2924143859
PWY-7229: superpathway of adenosine nucleotides de novo biosynthesis I|unclassified	0.0000000001
1CMET2-PWY: folate transformations III (E. coli)	0.0000000000
1CMET2-PWY: folate transformations III (E. coli)|g__Escherichia.s__Escherichia_coli	0.0000000877
1CMET2-PWY: folate transformations III (E. coli)|g__Cutibacterium.s__Cutibacterium_acnes	0.0607721980
PWY-7282: 4-amino-2-methyl-5-diphosphomethylpyrimidine biosynthesis II	0.0000000000
PWY-7282: 4-amino-2-methyl-5-diphosphomethylpyrimidine biosynthesis II|g__Escherichia.s__Escherichia_coli	0.0000000000
PWY-7282: 4-amino-2-methyl-5-diphosphomethylpyrimidine biosynthesis II|unclassified	0.0000000000
SULFATE-CYS-PWY: superpathway of sulfate assimilation and cysteine biosynthesis	0.0000000000
SULFATE-CYS-PWY: superpathway of sulfate assimilation and cysteine biosynthesis|g__Escherichia.s__Escherichia_coli	0.0000000000
PWY-6126: superpathway of adenosine nucleotides de novo biosynthesis II	0.0000000000
PWY-6126: superpathway of adenosine nucleotides de novo biosynthesis II|g__Escherichia.s__Escherichia_coli	0.0000000000
PWY-6126: superpathway of adenosine nucleotides de novo biosynthesis II|g__Cutibacterium.s__Cutibacterium_acnes	0.3118140366
PWY-6126: superpathway of adenosine nucleotides de novo biosynthesis II|unclassified	0.0000000000
PWY-6700: queuosine biosynthesis I (de novo)	0.0000001370
PWY-6700: queuosine biosynthesis I (de novo)|g__Escherichia.s__Escherichia_coli	0.0000205365
PWY-6700: queuosine biosynthesis I (de novo)|unclassified	0.0000000046
KETOGLUCONMET-PWY: ketogluconate metabolism	0.0000000000
KETOGLUCONMET-PWY: ketogluconate metabolism|g__Escherichia.s__Escherichia_coli	0.0000000000
KETOGLUCONMET-PWY: ketogluconate metabolism|unclassified	0.0000000000
PWY-841: superpathway of purine nucleotides de novo biosynthesis I	0.0000000000
PWY-841: superpathway of purine nucleotides de novo biosynthesis I|g__Escherichia.s__Escherichia_coli	0.0000000000
PWY-6803: phosphatidylcholine acyl editing	0.0000000000
PWY-6803: phosphatidylcholine acyl editing|g__Escherichia.s__Escherichia_coli	0.0000096213
PWY0-845: superpathway of pyridoxal 5'-phosphate biosynthesis and salvage	0.0000000000
PWY0-845: superpathway of pyridoxal 5'-phosphate biosynthesis and salvage|g__Escherichia.s__Escherichia_coli	0.0000000000
PWY0-845: superpathway of pyridoxal 5'-phosphate biosynthesis and salvage|unclassified	0.0000000005
GLUCARDEG-PWY: D-glucarate degradation I	0.0000000000
GLUCARDEG-PWY: D-glucarate degradation I|g__Escherichia.s__Escherichia_coli	0.0000000000
GLUCARDEG-PWY: D-glucarate degradation I|unclassified	0.1651842306
DTDPRHAMSYN-PWY: dTDP-&beta;-L-rhamnose biosynthesis	0.0000000000
DTDPRHAMSYN-PWY: dTDP-&beta;-L-rhamnose biosynthesis|g__Escherichia.s__Escherichia_coli	0.0000000000
DTDPRHAMSYN-PWY: dTDP-&beta;-L-rhamnose biosynthesis|unclassified	0.0000005934
PWY-7219: adenosine ribonucleotides de novo biosynthesis	0.0000000239
PWY-7219: adenosine ribonucleotides de novo biosynthesis|g__Escherichia.s__Escherichia_coli	0.0000159767
PWY-7219: adenosine ribonucleotides de novo biosynthesis|g__Cutibacterium.s__Cutibacterium_acnes	0.3761957841
PWY-7219: adenosine ribonucleotides de novo biosynthesis|unclassified	0.0000001022
PYRIDOXSYN-PWY: pyridoxal 5'-phosphate biosynthesis I	0.0000000000
PYRIDOXSYN-PWY: pyridoxal 5'-phosphate biosynthesis I|g__Escherichia.s__Escherichia_coli	0.0000000000
PYRIDOXSYN-PWY: pyridoxal 5'-phosphate biosynthesis I|unclassified	0.0000000004
HEMESYN2-PWY: heme b biosynthesis II (oxygen-independent)	0.0000000000
HEMESYN2-PWY: heme b biosynthesis II (oxygen-independent)|g__Escherichia.s__Escherichia_coli	0.0000000010
HEMESYN2-PWY: heme b biosynthesis II (oxygen-independent)|unclassified	0.0000000028
PWY66-409: superpathway of purine nucleotide salvage	0.0000000000
PWY66-409: superpathway of purine nucleotide salvage|g__Escherichia.s__Escherichia_coli	0.0000000000
PWY66-409: superpathway of purine nucleotide salvage|g__Cutibacterium.s__Cutibacterium_acnes	0.0657133630
GALACTUROCAT-PWY: D-galacturonate degradation I	0.0000000000
GALACTUROCAT-PWY: D-galacturonate degradation I|g__Escherichia.s__Escherichia_coli	0.0000000000
FAO-PWY: fatty acid &beta;-oxidation I (generic)	0.0000000000
FAO-PWY: fatty acid &beta;-oxidation I (generic)|g__Escherichia.s__Escherichia_coli	0.0000000000
FAO-PWY: fatty acid &beta;-oxidation I (generic)|unclassified	0.0000023940
COBALSYN-PWY: superpathway of adenosylcobalamin salvage from cobinamide I	0.0000000062
COBALSYN-PWY: superpathway of adenosylcobalamin salvage from cobinamide I|g__Escherichia.s__Escherichia_coli	0.0000001924
PWY-5838: superpathway of menaquinol-8 biosynthesis I	0.0000000000
PWY-5838: superpathway of menaquinol-8 biosynthesis I|g__Escherichia.s__Escherichia_coli	0.0000000000
PWY-4702: phytate degradation I	0.0000000000
PWY-4702: phytate degradation I|g__Escherichia.s__Escherichia_coli	0.0000000000
PANTO-PWY: phosphopantothenate biosynthesis I	0.0000365789
PANTO-PWY: phosphopantothenate biosynthesis I|g__Escherichia.s__Escherichia_coli	0.0000120713
P4-PWY: superpathway of L-lysine, L-threonine and L-methionine biosynthesis I	0.0000000000
P4-PWY: superpathway of L-lysine, L-threonine and L-methionine biosynthesis I|g__Escherichia.s__Escherichia_coli	0.0000000000
PWY-5656: mannosylglycerate biosynthesis I	0.0000216723
PWY-5656: mannosylglycerate biosynthesis I|g__Escherichia.s__Escherichia_coli	0.0000000000
PWY-6531: mannitol cycle	0.0000000000
PWY-6531: mannitol cycle|g__Escherichia.s__Escherichia_coli	0.0000000000
PWY-6531: mannitol cycle|g__Staphylococcus.s__Staphylococcus_epidermidis	0.0008300415
PWY-6531: mannitol cycle|unclassified	0.0000000000
PWY-7254: TCA cycle VII (acetate-producers)	0.0000000000
PWY-7254: TCA cycle VII (acetate-producers)|g__Escherichia.s__Escherichia_coli	0.0000000000
PWY-7254: TCA cycle VII (acetate-producers)|unclassified	0.0008324972
PWY-5918: superpathway of heme b biosynthesis from glutamate	0.0000000000
PWY-5918: superpathway of heme b biosynthesis from glutamate|g__Escherichia.s__Escherichia_coli	0.0000000000
PWY-5918: superpathway of heme b biosynthesis from glutamate|g__Cutibacterium.s__Cutibacterium_acnes	0.1125961942
PWY-5918: superpathway of heme b biosynthesis from glutamate|unclassified	0.0000000000
PWY-5384: sucrose degradation IV (sucrose phosphorylase)	0.0000000000
PWY-5384: sucrose degradation IV (sucrose phosphorylase)|g__Escherichia.s__Escherichia_coli	0.0000000000
PWY-5384: sucrose degradation IV (sucrose phosphorylase)|unclassified	0.0000000000
PWY-5897: superpathway of menaquinol-11 biosynthesis	0.0000000000
PWY-5897: superpathway of menaquinol-11 biosynthesis|g__Escherichia.s__Escherichia_coli	0.0000000000
PWY-5898: superpathway of menaquinol-12 biosynthesis	0.0000000000
PWY-5898: superpathway of menaquinol-12 biosynthesis|g__Escherichia.s__Escherichia_coli	0.0000000000
PWY-5899: superpathway of menaquinol-13 biosynthesis	0.0000000000
PWY-5899: superpathway of menaquinol-13 biosynthesis|g__Escherichia.s__Escherichia_coli	0.0000000000
GLUCOSE1PMETAB-PWY: glucose and glucose-1-phosphate degradation	0.0000000000
GLUCOSE1PMETAB-PWY: glucose and glucose-1-phosphate degradation|g__Escherichia.s__Escherichia_coli	0.0000000000
PWY-7560: methylerythritol phosphate pathway II	0.0000000000
PWY-7560: methylerythritol phosphate pathway II|g__Escherichia.s__Escherichia_coli	0.0000000000
PWY-7560: methylerythritol phosphate pathway II|unclassified	0.0000000114
PWY-7560: methylerythritol phosphate pathway II|g__Cutibacterium.s__Cutibacterium_acnes	0.1603594970
SER-GLYSYN-PWY: superpathway of L-serine and glycine biosynthesis I	0.0000000000
SER-GLYSYN-PWY: superpathway of L-serine and glycine biosynthesis I|g__Escherichia.s__Escherichia_coli	0.0000000000
SER-GLYSYN-PWY: superpathway of L-serine and glycine biosynthesis I|unclassified	0.0000001865
COLANSYN-PWY: colanic acid building blocks biosynthesis	0.0000000000
COLANSYN-PWY: colanic acid building blocks biosynthesis|g__Escherichia.s__Escherichia_coli	0.0000000000
COLANSYN-PWY: colanic acid building blocks biosynthesis|unclassified	0.0000000000
PYRIDNUCSYN-PWY: NAD de novo biosynthesis I (from aspartate)	0.0000000000
PYRIDNUCSYN-PWY: NAD de novo biosynthesis I (from aspartate)|g__Escherichia.s__Escherichia_coli	0.0000000000
PWY-5686: UMP biosynthesis I	0.0000000000
PWY-5686: UMP biosynthesis I|g__Escherichia.s__Escherichia_coli	0.0000000000
PWY-5686: UMP biosynthesis I|g__Cutibacterium.s__Cutibacterium_acnes	0.6204544129
PWY-5686: UMP biosynthesis I|unclassified	0.0000021377
PWY-5840: superpathway of menaquinol-7 biosynthesis	0.0000000000
PWY-5840: superpathway of menaquinol-7 biosynthesis|g__Escherichia.s__Escherichia_coli	0.0000000000
PWY-5845: superpathway of menaquinol-9 biosynthesis	0.0000000000
PWY-5845: superpathway of menaquinol-9 biosynthesis|g__Escherichia.s__Escherichia_coli	0.0000000000
PWY-5850: superpathway of menaquinol-6 biosynthesis	0.0000000000
PWY-5850: superpathway of menaquinol-6 biosynthesis|g__Escherichia.s__Escherichia_coli	0.0000000000
PWY-5896: superpathway of menaquinol-10 biosynthesis	0.0000000000
PWY-5896: superpathway of menaquinol-10 biosynthesis|g__Escherichia.s__Escherichia_coli	0.0000000000
PWY-3841: folate transformations II (plants)	0.0000000000
PWY-3841: folate transformations II (plants)|g__Escherichia.s__Escherichia_coli	0.0000000501
PWY-3841: folate transformations II (plants)|g__Cutibacterium.s__Cutibacterium_acnes	0.1965329781
PWY-5690: TCA cycle II (plants and fungi)	0.0000000000
PWY-5690: TCA cycle II (plants and fungi)|g__Escherichia.s__Escherichia_coli	0.0000000000
PWY-5690: TCA cycle II (plants and fungi)|unclassified	0.0000000004
COA-PWY-1: superpathway of coenzyme A biosynthesis III (mammals)	0.0000000000
COA-PWY-1: superpathway of coenzyme A biosynthesis III (mammals)|g__Escherichia.s__Escherichia_coli	0.0000000000
COA-PWY-1: superpathway of coenzyme A biosynthesis III (mammals)|g__Cutibacterium.s__Cutibacterium_acnes	0.4745905444
COA-PWY-1: superpathway of coenzyme A biosynthesis III (mammals)|unclassified	0.0000000000
PWY-6892: thiazole component of thiamine diphosphate biosynthesis I	0.0000000000
PWY-6892: thiazole component of thiamine diphosphate biosynthesis I|g__Escherichia.s__Escherichia_coli	0.0000000000
OANTIGEN-PWY: O-antigen building blocks biosynthesis (E. coli)	0.0000000000
OANTIGEN-PWY: O-antigen building blocks biosynthesis (E. coli)|g__Escherichia.s__Escherichia_coli	0.0000000000
OANTIGEN-PWY: O-antigen building blocks biosynthesis (E. coli)|unclassified	0.0000000023
PWY-5861: superpathway of demethylmenaquinol-8 biosynthesis I	0.0000000000
PWY-5861: superpathway of demethylmenaquinol-8 biosynthesis I|g__Escherichia.s__Escherichia_coli	0.0000000000
PWY0-781: aspartate superpathway	0.0000000000
PWY0-781: aspartate superpathway|g__Escherichia.s__Escherichia_coli	0.0000000000
PWY-724: superpathway of L-lysine, L-threonine and L-methionine biosynthesis II	0.0000000000
PWY-724: superpathway of L-lysine, L-threonine and L-methionine biosynthesis II|g__Escherichia.s__Escherichia_coli	0.0000000000
PWY-724: superpathway of L-lysine, L-threonine and L-methionine biosynthesis II|g__Cutibacterium.s__Cutibacterium_acnes	0.3003284142
PWY0-42: 2-methylcitrate cycle I	0.0000000000
PWY0-42: 2-methylcitrate cycle I|g__Escherichia.s__Escherichia_coli	0.0000000000
PWY0-42: 2-methylcitrate cycle I|unclassified	0.3188132451
PWY0-162: superpathway of pyrimidine ribonucleotides de novo biosynthesis	0.0000000000
PWY0-162: superpathway of pyrimidine ribonucleotides de novo biosynthesis|g__Escherichia.s__Escherichia_coli	0.0000000000
PWY-7242: D-fructuronate degradation	0.0000000000
PWY-7242: D-fructuronate degradation|g__Escherichia.s__Escherichia_coli	0.0000000000
PWY-7242: D-fructuronate degradation|g__Staphylococcus.s__Staphylococcus_epidermidis	0.9758047641
PWY-6731: starch degradation III	0.0000000000
PWY-6731: starch degradation III|g__Escherichia.s__Escherichia_coli	0.0000000000
PWY-5747: 2-methylcitrate cycle II	0.0000000000
PWY-5747: 2-methylcitrate cycle II|g__Escherichia.s__Escherichia_coli	0.0000000000
PWY-5747: 2-methylcitrate cycle II|unclassified	0.8087660797
METHGLYUT-PWY: superpathway of methylglyoxal degradation	0.0000000000
METHGLYUT-PWY: superpathway of methylglyoxal degradation|g__Escherichia.s__Escherichia_coli	0.0000000026
PWY-5083: NAD(P)/NADPH interconversion	0.0000000000
PWY-5083: NAD(P)/NADPH interconversion|g__Escherichia.s__Escherichia_coli	0.0000000000
PWY-5083: NAD(P)/NADPH interconversion|unclassified	0.0000028595
PWY0-1277: 3-phenylpropanoate and 3-(3-hydroxyphenyl)propanoate degradation	0.0000000000
PWY0-1277: 3-phenylpropanoate and 3-(3-hydroxyphenyl)propanoate degradation|g__Escherichia.s__Escherichia_coli	0.0000000000
PWY-5860: superpathway of demethylmenaquinol-6 biosynthesis I	0.0000000000
PWY-5860: superpathway of demethylmenaquinol-6 biosynthesis I|g__Escherichia.s__Escherichia_coli	0.0000000000
PWY-5862: superpathway of demethylmenaquinol-9 biosynthesis	0.0000000000
PWY-5862: superpathway of demethylmenaquinol-9 biosynthesis|g__Escherichia.s__Escherichia_coli	0.0000000000
PWY-6897: thiamine diphosphate salvage II	0.0000000000
PWY-6897: thiamine diphosphate salvage II|g__Escherichia.s__Escherichia_coli	0.0000000000
PWY-6897: thiamine diphosphate salvage II|g__Cutibacterium.s__Cutibacterium_acnes	0.2638774907
PWY0-1415: superpathway of heme b biosynthesis from uroporphyrinogen-III	0.0000000000
PWY0-1415: superpathway of heme b biosynthesis from uroporphyrinogen-III|g__Escherichia.s__Escherichia_coli	0.0000000000
PWY-7199: pyrimidine deoxyribonucleosides salvage	0.0000000000
PWY-7199: pyrimidine deoxyribonucleosides salvage|g__Escherichia.s__Escherichia_coli	0.0000000000
PWY-7199: pyrimidine deoxyribonucleosides salvage|unclassified	0.0000000001
PWY-7184: pyrimidine deoxyribonucleotides de novo biosynthesis I	0.0000000000
PWY-7184: pyrimidine deoxyribonucleotides de novo biosynthesis I|g__Escherichia.s__Escherichia_coli	0.0000000000
PWY-7184: pyrimidine deoxyribonucleotides de novo biosynthesis I|unclassified	0.0000000000
THISYN-PWY: superpathway of thiamine diphosphate biosynthesis I	0.0000000000
THISYN-PWY: superpathway of thiamine diphosphate biosynthesis I|g__Escherichia.s__Escherichia_coli	0.0000000000
PWY0-1479: tRNA processing	0.0000000000
PWY0-1479: tRNA processing|g__Escherichia.s__Escherichia_coli	0.0000000000
PWY0-1479: tRNA processing|unclassified	0.0000000017
PWY-6901: superpathway of glucose and xylose degradation	0.0000000000
PWY-6901: superpathway of glucose and xylose degradation|g__Escherichia.s__Escherichia_coli	0.0000000000
POLYISOPRENSYN-PWY: polyisoprenoid biosynthesis (E. coli)	0.0000000000
POLYISOPRENSYN-PWY: polyisoprenoid biosynthesis (E. coli)|g__Escherichia.s__Escherichia_coli	0.0000000000
PWY-6507: 4-deoxy-L-threo-hex-4-enopyranuronate degradation	0.0000000000
PWY-6507: 4-deoxy-L-threo-hex-4-enopyranuronate degradation|g__Escherichia.s__Escherichia_coli	0.0000000000
AST-PWY: L-arginine degradation II (AST pathway)	0.0000000000
AST-PWY: L-arginine degradation II (AST pathway)|g__Escherichia.s__Escherichia_coli	0.0000000000
AST-PWY: L-arginine degradation II (AST pathway)|unclassified	0.0086118449
PWY0-1061: superpathway of L-alanine biosynthesis	0.0000000000
PWY0-1061: superpathway of L-alanine biosynthesis|g__Escherichia.s__Escherichia_coli	0.0000000000
PWY-5097: L-lysine biosynthesis VI	0.0000000000
PWY-5097: L-lysine biosynthesis VI|g__Escherichia.s__Escherichia_coli	0.0000000000
PWY-5097: L-lysine biosynthesis VI|g__Cutibacterium.s__Cutibacterium_acnes	0.2381977430
DENOVOPURINE2-PWY: superpathway of purine nucleotides de novo biosynthesis II	0.0000000000
DENOVOPURINE2-PWY: superpathway of purine nucleotides de novo biosynthesis II|g__Escherichia.s__Escherichia_coli	0.0000000000
PWY-5367: petroselinate biosynthesis	0.0000000000
PWY-5367: petroselinate biosynthesis|g__Escherichia.s__Escherichia_coli	0.0000000000
PWY-5367: petroselinate biosynthesis|g__Staphylococcus.s__Staphylococcus_epidermidis	0.0000457267
PWY-5100: pyruvate fermentation to acetate and lactate II	0.0000000000
PWY-5100: pyruvate fermentation to acetate and lactate II|g__Escherichia.s__Escherichia_coli	0.0000000000
PANTOSYN-PWY: superpathway of coenzyme A biosynthesis I (bacteria)	0.0000000000
PANTOSYN-PWY: superpathway of coenzyme A biosynthesis I (bacteria)|g__Escherichia.s__Escherichia_coli	0.0000000000
DAPLYSINESYN-PWY: L-lysine biosynthesis I	0.0000000000
DAPLYSINESYN-PWY: L-lysine biosynthesis I|g__Escherichia.s__Escherichia_coli	0.0000000000
DAPLYSINESYN-PWY: L-lysine biosynthesis I|g__Cutibacterium.s__Cutibacterium_acnes	0.2633425972
HEME-BIOSYNTHESIS-II: heme b biosynthesis I (aerobic)	0.0000000000
HEME-BIOSYNTHESIS-II: heme b biosynthesis I (aerobic)|g__Escherichia.s__Escherichia_coli	0.0000000000
HEME-BIOSYNTHESIS-II: heme b biosynthesis I (aerobic)|g__Cutibacterium.s__Cutibacterium_acnes	0.2819749521
HEME-BIOSYNTHESIS-II: heme b biosynthesis I (aerobic)|unclassified	0.0000000028
PWY-7323: superpathway of GDP-mannose-derived O-antigen building blocks biosynthesis	0.0000000000
PWY-7323: superpathway of GDP-mannose-derived O-antigen building blocks biosynthesis|g__Escherichia.s__Escherichia_coli	0.0000000000
PWY-7323: superpathway of GDP-mannose-derived O-antigen building blocks biosynthesis|unclassified	0.0000000000
PWY-7357: thiamine phosphate formation from pyrithiamine and oxythiamine (yeast)	0.0000000000
PWY-7357: thiamine phosphate formation from pyrithiamine and oxythiamine (yeast)|g__Escherichia.s__Escherichia_coli	0.0000000000
PWY-7357: thiamine phosphate formation from pyrithiamine and oxythiamine (yeast)|g__Cutibacterium.s__Cutibacterium_acnes	0.1804761469
HISTSYN-PWY: L-histidine biosynthesis	0.0000000000
HISTSYN-PWY: L-histidine biosynthesis|g__Escherichia.s__Escherichia_coli	0.0000000000
HISTSYN-PWY: L-histidine biosynthesis|unclassified	0.0009915669
HISTSYN-PWY: L-histidine biosynthesis|g__Cutibacterium.s__Cutibacterium_acnes	0.0103702859
PRPP-PWY: superpathway of histidine, purine, and pyrimidine biosynthesis	0.0000000000
PRPP-PWY: superpathway of histidine, purine, and pyrimidine biosynthesis|g__Escherichia.s__Escherichia_coli	0.0000000000
PWY-6703: preQ0 biosynthesis	0.0000000000
PWY-6703: preQ0 biosynthesis|g__Escherichia.s__Escherichia_coli	0.0000000000
PWY-7197: pyrimidine deoxyribonucleotide phosphorylation	0.0000000000
PWY-7197: pyrimidine deoxyribonucleotide phosphorylation|g__Escherichia.s__Escherichia_coli	0.0000000000
PWY-7197: pyrimidine deoxyribonucleotide phosphorylation|g__Cutibacterium.s__Cutibacterium_acnes	0.1052637048
PWY0-166: superpathway of pyrimidine deoxyribonucleotides de novo biosynthesis (E. coli)	0.0000000000
PWY0-166: superpathway of pyrimidine deoxyribonucleotides de novo biosynthesis (E. coli)|g__Escherichia.s__Escherichia_coli	0.0000000000
COA-PWY: coenzyme A biosynthesis I (prokaryotic)	0.0000000000
COA-PWY: coenzyme A biosynthesis I (prokaryotic)|g__Escherichia.s__Escherichia_coli	0.0000000000
COA-PWY: coenzyme A biosynthesis I (prokaryotic)|g__Cutibacterium.s__Cutibacterium_acnes	0.5529724817
COA-PWY: coenzyme A biosynthesis I (prokaryotic)|unclassified	0.0000000000
PWY66-389: phytol degradation	0.0000000000
PWY66-389: phytol degradation|g__Escherichia.s__Escherichia_coli	0.0000000000
PWY66-389: phytol degradation|unclassified	0.0000000004
PWY-7208: superpathway of pyrimidine nucleobases salvage	0.0000000000
PWY-7208: superpathway of pyrimidine nucleobases salvage|g__Escherichia.s__Escherichia_coli	0.0000000000
PWY-7208: superpathway of pyrimidine nucleobases salvage|g__Cutibacterium.s__Cutibacterium_acnes	0.2933669854
PWY-7115: C4 photosynthetic carbon assimilation cycle, NAD-ME type	0.0000000000
PWY-7115: C4 photosynthetic carbon assimilation cycle, NAD-ME type|g__Escherichia.s__Escherichia_coli	0.0000000000
PWY-5837: 2-carboxy-1,4-naphthoquinol biosynthesis	0.0000000000
PWY-5837: 2-carboxy-1,4-naphthoquinol biosynthesis|g__Escherichia.s__Escherichia_coli	0.0000000000
PWY-5920: superpathway of heme b biosynthesis from glycine	0.0000000000
PWY-5920: superpathway of heme b biosynthesis from glycine|g__Escherichia.s__Escherichia_coli	0.0000000000
PWY-6124: inosine-5'-phosphate biosynthesis II	0.0000000000
PWY-6124: inosine-5'-phosphate biosynthesis II|g__Escherichia.s__Escherichia_coli	0.0000000000
PWY-7204: pyridoxal 5'-phosphate salvage II (plants)	0.0000000000
PWY-7204: pyridoxal 5'-phosphate salvage II (plants)|g__Escherichia.s__Escherichia_coli	0.0000000000
PWY-7234: inosine-5'-phosphate biosynthesis III	0.0000000000
PWY-7234: inosine-5'-phosphate biosynthesis III|g__Escherichia.s__Escherichia_coli	0.0000000000
PWY-5791	0.0000000000
PWY-5791|g__Escherichia.s__Escherichia_coli	0.0000000000
PWY-7315: dTDP-N-acetylthomosamine biosynthesis	0.0000000000
PWY-7315: dTDP-N-acetylthomosamine biosynthesis|g__Escherichia.s__Escherichia_coli	0.0000000000
PWY-7315: dTDP-N-acetylthomosamine biosynthesis|unclassified	0.0000000028
HCAMHPDEG-PWY: 3-phenylpropanoate and 3-(3-hydroxyphenyl)propanoate degradation to 2-hydroxypentadienoate	0.0000000000
HCAMHPDEG-PWY: 3-phenylpropanoate and 3-(3-hydroxyphenyl)propanoate degradation to 2-hydroxypentadienoate|g__Escherichia.s__Escherichia_coli	0.0000000000
PWY-6690: cinnamate and 3-hydroxycinnamate degradation to 2-hydroxypentadienoate	0.0000000000
PWY-6690: cinnamate and 3-hydroxycinnamate degradation to 2-hydroxypentadienoate|g__Escherichia.s__Escherichia_coli	0.0000000000
FOLSYN-PWY: superpathway of tetrahydrofolate biosynthesis and salvage	0.0000000000
FOLSYN-PWY: superpathway of tetrahydrofolate biosynthesis and salvage|g__Escherichia.s__Escherichia_coli	0.0000000000
RIBOSYN2-PWY: flavin biosynthesis I (bacteria and plants)	0.0000000000
RIBOSYN2-PWY: flavin biosynthesis I (bacteria and plants)|g__Escherichia.s__Escherichia_coli	0.0000000000
PWY0-1338: polymyxin resistance	0.0000000000
PWY0-1338: polymyxin resistance|g__Escherichia.s__Escherichia_coli	0.0000000000
PWY-4242	0.0000000000
PWY-4242|g__Escherichia.s__Escherichia_coli	0.0000000000
PWY-4242|g__Cutibacterium.s__Cutibacterium_acnes	0.2462029599
NONMEVIPP-PWY: methylerythritol phosphate pathway I	0.0000000000
NONMEVIPP-PWY: methylerythritol phosphate pathway I|g__Escherichia.s__Escherichia_coli	0.0000000000
NONMEVIPP-PWY: methylerythritol phosphate pathway I|g__Cutibacterium.s__Cutibacterium_acnes	0.4733709270
NONMEVIPP-PWY: methylerythritol phosphate pathway I|unclassified	0.0000000114
PWY-2723: trehalose degradation V	0.0000000000
PWY-2723: trehalose degradation V|g__Escherichia.s__Escherichia_coli	0.0000000000
PWY-6612: superpathway of tetrahydrofolate biosynthesis	0.0000000000
PWY-6612: superpathway of tetrahydrofolate biosynthesis|g__Escherichia.s__Escherichia_coli	0.0000000000
PWY-6168: flavin biosynthesis III (fungi)	0.0000000000
PWY-6168: flavin biosynthesis III (fungi)|g__Escherichia.s__Escherichia_coli	0.0000000000
PWY-5497: purine nucleobases degradation II (anaerobic)	0.0000000000
PWY-5497: purine nucleobases degradation II (anaerobic)|g__Escherichia.s__Escherichia_coli	0.0000000000
PWY0-1241: ADP-L-glycero-&beta;-D-manno-heptose biosynthesis	0.0000000000
PWY0-1241: ADP-L-glycero-&beta;-D-manno-heptose biosynthesis|g__Escherichia.s__Escherichia_coli	0.0000000000
PWY-6270: isoprene biosynthesis I	0.0000000000
PWY-6270: isoprene biosynthesis I|g__Escherichia.s__Escherichia_coli	0.0000000000
PWY-6270: isoprene biosynthesis I|g__Cutibacterium.s__Cutibacterium_acnes	0.1778155108
PWY-7211: superpathway of pyrimidine deoxyribonucleotides de novo biosynthesis	0.0000000000
PWY-7187: pyrimidine deoxyribonucleotides de novo biosynthesis II	0.0000000000
PWY-7187: pyrimidine deoxyribonucleotides de novo biosynthesis II|g__Escherichia.s__Escherichia_coli	0.0000000000
PPGPPMET-PWY: ppGpp metabolism	0.0000000000
PPGPPMET-PWY: ppGpp metabolism|g__Escherichia.s__Escherichia_coli	0.0000000000
PWY-7269: mitochondrial NADPH production (yeast)	0.0000000000
PWY-7269: mitochondrial NADPH production (yeast)|g__Escherichia.s__Escherichia_coli	0.0000000000
PWY-7328: superpathway of UDP-glucose-derived O-antigen building blocks biosynthesis	0.0000000000
PWY-7328: superpathway of UDP-glucose-derived O-antigen building blocks biosynthesis|g__Escherichia.s__Escherichia_coli	0.0000000000
PWY-6147: 6-hydroxymethyl-dihydropterin diphosphate biosynthesis I	0.0000000000
PWY-6147: 6-hydroxymethyl-dihydropterin diphosphate biosynthesis I|g__Escherichia.s__Escherichia_coli	0.0000000000
PWY-6147: 6-hydroxymethyl-dihydropterin diphosphate biosynthesis I|g__Cutibacterium.s__Cutibacterium_acnes	0.2383584878
PWY-6147: 6-hydroxymethyl-dihydropterin diphosphate biosynthesis I|unclassified	0.0000004409
PWY-6630: superpathway of L-tyrosine biosynthesis	0.0000000000
PWY-6630: superpathway of L-tyrosine biosynthesis|g__Escherichia.s__Escherichia_coli	0.0000000000
PWY-7539: 6-hydroxymethyl-dihydropterin diphosphate biosynthesis III (Chlamydia)	0.0000000000
PWY-7539: 6-hydroxymethyl-dihydropterin diphosphate biosynthesis III (Chlamydia)|g__Escherichia.s__Escherichia_coli	0.0000000000
PWY-7539: 6-hydroxymethyl-dihydropterin diphosphate biosynthesis III (Chlamydia)|g__Cutibacterium.s__Cutibacterium_acnes	0.2419983325
TRPSYN-PWY: L-tryptophan biosynthesis	0.0000000000
TRPSYN-PWY: L-tryptophan biosynthesis|g__Escherichia.s__Escherichia_coli	0.0000000000
TRPSYN-PWY: L-tryptophan biosynthesis|unclassified	0.0257184189
UBISYN-PWY: superpathway of ubiquinol-8 biosynthesis (early decarboxylation)	0.0000000000
UBISYN-PWY: superpathway of ubiquinol-8 biosynthesis (early decarboxylation)|g__Escherichia.s__Escherichia_coli	0.0000000000
PWY-7210: pyrimidine deoxyribonucleotides biosynthesis from CTP	0.0000000000
PWY-4321: L-glutamate degradation IV	0.0000000000
PWY-4321: L-glutamate degradation IV|g__Escherichia.s__Escherichia_coli	0.0000000000
PWY-5705: allantoin degradation to glyoxylate III	0.0000000000
PWY-5705: allantoin degradation to glyoxylate III|g__Escherichia.s__Escherichia_coli	0.0000000000
PWY-6708: ubiquinol-8 biosynthesis (early decarboxylation)	0.0000000000
PWY-6708: ubiquinol-8 biosynthesis (early decarboxylation)|g__Escherichia.s__Escherichia_coli	0.0000000000
PWY-5855: ubiquinol-7 biosynthesis (early decarboxylation)	0.0000000000
PWY-5855: ubiquinol-7 biosynthesis (early decarboxylation)|g__Escherichia.s__Escherichia_coli	0.0000000000
PWY-5856: ubiquinol-9 biosynthesis (early decarboxylation)	0.0000000000
PWY-5856: ubiquinol-9 biosynthesis (early decarboxylation)|g__Escherichia.s__Escherichia_coli	0.0000000000
PWY-5857: ubiquinol-10 biosynthesis (early decarboxylation)	0.0000000000
PWY-5857: ubiquinol-10 biosynthesis (early decarboxylation)|g__Escherichia.s__Escherichia_coli	0.0000000000
GALACT-GLUCUROCAT-PWY: superpathway of hexuronide and hexuronate degradation	0.0000000000
GALACT-GLUCUROCAT-PWY: superpathway of hexuronide and hexuronate degradation|g__Escherichia.s__Escherichia_coli	0.0000000000
ECASYN-PWY: enterobacterial common antigen biosynthesis	0.0000000000
ECASYN-PWY: enterobacterial common antigen biosynthesis|g__Escherichia.s__Escherichia_coli	0.0000000000
PWY-6823: molybdopterin biosynthesis	0.0000000000
PWY-6823: molybdopterin biosynthesis|g__Escherichia.s__Escherichia_coli	0.0000000000
PWY-6545: pyrimidine deoxyribonucleotides de novo biosynthesis III	0.0000000000
PWY-6545: pyrimidine deoxyribonucleotides de novo biosynthesis III|unclassified	0.0000000000
PWY-7237: myo-, chiro- and scyllo-inositol degradation	0.0000000000
PWY-7237: myo-, chiro- and scyllo-inositol degradation|g__Escherichia.s__Escherichia_coli	0.0000000000
PWY-7237: myo-, chiro- and scyllo-inositol degradation|unclassified	0.0000000000
PWY-6588: pyruvate fermentation to acetone	0.0000000000
PWY-6588: pyruvate fermentation to acetone|g__Escherichia.s__Escherichia_coli	0.0000000000
PWY-7209: superpathway of pyrimidine ribonucleosides degradation	0.0000000000
PWY-7209: superpathway of pyrimidine ribonucleosides degradation|g__Escherichia.s__Escherichia_coli	0.0000000000
GLUDEG-I-PWY: GABA shunt	0.0000000000
GLUDEG-I-PWY: GABA shunt|g__Escherichia.s__Escherichia_coli	0.0000000000
PWY-7094: fatty acid salvage	0.0000000000
PWY-7094: fatty acid salvage|unclassified	0.9195788160
PWY-7198: pyrimidine deoxyribonucleotides de novo biosynthesis IV	0.0000000000
GLUCUROCAT-PWY: superpathway of &beta;-D-glucuronosides degradation	0.0000000000
GLUCUROCAT-PWY: superpathway of &beta;-D-glucuronosides degradation|g__Escherichia.s__Escherichia_coli	0.0000000000
LPSSYN-PWY: superpathway of lipopolysaccharide biosynthesis	0.0000000000
LPSSYN-PWY: superpathway of lipopolysaccharide biosynthesis|g__Escherichia.s__Escherichia_coli	0.0000000000
PWY-7446: sulfoquinovose degradation I	0.0000000000
PWY-7446: sulfoquinovose degradation I|g__Escherichia.s__Escherichia_coli	0.0000000000
P221-PWY: octane oxidation	0.0000000000
P221-PWY: octane oxidation|g__Escherichia.s__Escherichia_coli	0.0000000000
P221-PWY: octane oxidation|unclassified	0.0000000000
GLYCOL-GLYOXDEG-PWY: superpathway of glycol metabolism and degradation	0.0000000000
GLYCOL-GLYOXDEG-PWY: superpathway of glycol metabolism and degradation|g__Escherichia.s__Escherichia_coli	0.0000000000
GLYCOL-GLYOXDEG-PWY: superpathway of glycol metabolism and degradation|unclassified	0.0005435681
P108-PWY: pyruvate fermentation to propanoate I	0.0000000000
P122-PWY: heterolactic fermentation	0.0000000000
PYRIDNUCSAL-PWY: NAD salvage pathway I (PNC VI cycle)	0.0000000000
KDO-NAGLIPASYN-PWY: superpathway of (Kdo)2-lipid A biosynthesis	0.0000000000
KDO-NAGLIPASYN-PWY: superpathway of (Kdo)2-lipid A biosynthesis|g__Escherichia.s__Escherichia_coli	0.0000000000
PWY0-41: allantoin degradation IV (anaerobic)	0.0000000000
PWY0-41: allantoin degradation IV (anaerobic)|g__Escherichia.s__Escherichia_coli	0.0000000000
PWY-5121: superpathway of geranylgeranyl diphosphate biosynthesis II (via MEP)	0.0000000000
PWY-5121: superpathway of geranylgeranyl diphosphate biosynthesis II (via MEP)|g__Escherichia.s__Escherichia_coli	0.0000000000
PWY-241: C4 photosynthetic carbon assimilation cycle, NADP-ME type	0.0000000000
PWY-6467: Kdo transfer to lipid IVA III (Chlamydia)	0.0000000000
PWY-6467: Kdo transfer to lipid IVA III (Chlamydia)|g__Escherichia.s__Escherichia_coli	0.0000000000
PWY-7616: methanol oxidation to carbon dioxide	0.0000000000
PWY-5005: biotin biosynthesis II	0.0000000000
PWY0-1533: methylphosphonate degradation I	0.0000000000
PWY-1361: benzoyl-CoA degradation I (aerobic)	0.0000000000
NAD-BIOSYNTHESIS-II: NAD salvage pathway III (to nicotinamide riboside)	0.0000000000
NAD-BIOSYNTHESIS-II: NAD salvage pathway III (to nicotinamide riboside)|g__Escherichia.s__Escherichia_coli	0.0000000000
PWY-4981: L-proline biosynthesis II (from arginine)	0.0000000000
PWY-4981: L-proline biosynthesis II (from arginine)|g__Cutibacterium.s__Cutibacterium_acnes	0.4898605537
PWY-5692: allantoin degradation to glyoxylate II	0.0000000000
URDEGR-PWY: superpathway of allantoin degradation in plants	0.0000000000
PWY-7409: phospholipid remodeling (phosphatidylethanolamine, yeast)	0.0000000000
PWY-6859: all-trans-farnesol biosynthesis	0.0000000000
PWY-6859: all-trans-farnesol biosynthesis|g__Escherichia.s__Escherichia_coli	0.0000000000
HISDEG-PWY: L-histidine degradation I	0.0000000000
HISDEG-PWY: L-histidine degradation I|g__Cutibacterium.s__Cutibacterium_acnes	0.4015589552
PWY-5028: L-histidine degradation II	0.0000000000
PWY-5028: L-histidine degradation II|g__Cutibacterium.s__Cutibacterium_acnes	0.3230993665
PWY-6785: hydrogen production VIII	0.0000000000
PWY-6785: hydrogen production VIII|unclassified	0.0000000000
PWY-101: photosynthesis light reactions	0.0000000000
PWY-101: photosynthesis light reactions|unclassified	0.0000000000
PWY-6317: D-galactose degradation I (Leloir pathway)	0.0000000000
PWY-6317: D-galactose degradation I (Leloir pathway)|unclassified	0.0000000015