# Pathway	COAD_noFFPEOnlyPrimaryNoRiboZeroG_CMS234_86random_8_Abundance
UNMAPPED	6319904.3242914490
UNINTEGRATED	1275848.1471466543
UNINTEGRATED|g__Escherichia.s__Escherichia_coli	803287.3037856331
UNINTEGRATED|unclassified	273178.2031420814
UNINTEGRATED|g__Cutibacterium.s__Cutibacterium_acnes	54889.5543373514
UNINTEGRATED|g__Cutibacterium.s__Propionibacterium_humerusii	520.7681150326
PWY0-1586: peptidoglycan maturation (meso-diaminopimelate containing)	1624.3274815844
PWY0-1586: peptidoglycan maturation (meso-diaminopimelate containing)|g__Escherichia.s__Escherichia_coli	1434.4356451334
PWY0-1586: peptidoglycan maturation (meso-diaminopimelate containing)|unclassified	179.0235467452
PWY-7111: pyruvate fermentation to isobutanol (engineered)	1062.0778067909
PWY-7111: pyruvate fermentation to isobutanol (engineered)|g__Escherichia.s__Escherichia_coli	987.7804497362
PWY-7111: pyruvate fermentation to isobutanol (engineered)|unclassified	82.4895984349
ILEUSYN-PWY: L-isoleucine biosynthesis I (from threonine)	931.9948481606
ILEUSYN-PWY: L-isoleucine biosynthesis I (from threonine)|g__Escherichia.s__Escherichia_coli	869.8574105885
VALSYN-PWY: L-valine biosynthesis	931.9948481606
VALSYN-PWY: L-valine biosynthesis|g__Escherichia.s__Escherichia_coli	869.8574105885
VALSYN-PWY: L-valine biosynthesis|unclassified	72.1968460925
SALVADEHYPOX-PWY: adenosine nucleotides degradation II	874.5581665649
SALVADEHYPOX-PWY: adenosine nucleotides degradation II|g__Escherichia.s__Escherichia_coli	781.1514534697
SALVADEHYPOX-PWY: adenosine nucleotides degradation II|unclassified	69.8753559679
P461-PWY: hexitol fermentation to lactate, formate, ethanol and acetate	864.6758252772
P461-PWY: hexitol fermentation to lactate, formate, ethanol and acetate|g__Escherichia.s__Escherichia_coli	784.4602529939
P461-PWY: hexitol fermentation to lactate, formate, ethanol and acetate|unclassified	45.7786961395
NONOXIPENT-PWY: pentose phosphate pathway (non-oxidative branch) I	843.3301045031
NONOXIPENT-PWY: pentose phosphate pathway (non-oxidative branch) I|g__Escherichia.s__Escherichia_coli	794.7348776862
NONOXIPENT-PWY: pentose phosphate pathway (non-oxidative branch) I|unclassified	63.6873038703
PWY-5695: inosine 5'-phosphate degradation	796.7887402272
PWY-5695: inosine 5'-phosphate degradation|g__Escherichia.s__Escherichia_coli	708.7941587756
PWY-5695: inosine 5'-phosphate degradation|unclassified	63.6789557414
PWY-6608: guanosine nucleotides degradation III	796.7887402272
PWY-6608: guanosine nucleotides degradation III|g__Escherichia.s__Escherichia_coli	708.7941587756
PWY-6608: guanosine nucleotides degradation III|unclassified	63.6789557414
PWY-1042: glycolysis IV	791.4942569585
PWY-1042: glycolysis IV|g__Escherichia.s__Escherichia_coli	676.7733810031
PWY-1042: glycolysis IV|unclassified	37.9996395276
ORNDEG-PWY: superpathway of ornithine degradation	783.4855990895
ORNDEG-PWY: superpathway of ornithine degradation|g__Escherichia.s__Escherichia_coli	701.6399931630
ORNDEG-PWY: superpathway of ornithine degradation|unclassified	104.2170542571
CALVIN-PWY: Calvin-Benson-Bassham cycle	761.5869968669
CALVIN-PWY: Calvin-Benson-Bassham cycle|g__Escherichia.s__Escherichia_coli	668.2783008327
PWY-7663: gondoate biosynthesis (anaerobic)	712.9087553748
PWY-7663: gondoate biosynthesis (anaerobic)|g__Escherichia.s__Escherichia_coli	671.3644695315
PWY-7663: gondoate biosynthesis (anaerobic)|unclassified	18.5040541549
PWY0-1261: anhydromuropeptides recycling I	682.0672768671
PWY0-1261: anhydromuropeptides recycling I|g__Escherichia.s__Escherichia_coli	568.1716821177
PWY0-1261: anhydromuropeptides recycling I|unclassified	39.4480854748
UDPNAGSYN-PWY: UDP-N-acetyl-D-glucosamine biosynthesis I	666.7480500727
UDPNAGSYN-PWY: UDP-N-acetyl-D-glucosamine biosynthesis I|g__Escherichia.s__Escherichia_coli	569.6048980914
UDPNAGSYN-PWY: UDP-N-acetyl-D-glucosamine biosynthesis I|unclassified	44.1681945232
UDPNAGSYN-PWY: UDP-N-acetyl-D-glucosamine biosynthesis I|g__Cutibacterium.s__Cutibacterium_acnes	29.9902842224
PWY-5913: partial TCA cycle (obligate autotrophs)	651.7101564838
PWY-5913: partial TCA cycle (obligate autotrophs)|g__Escherichia.s__Escherichia_coli	607.4697754602
PWY-5913: partial TCA cycle (obligate autotrophs)|unclassified	46.0768340083
GLYCOLYSIS: glycolysis I (from glucose 6-phosphate)	639.6443537127
GLYCOLYSIS: glycolysis I (from glucose 6-phosphate)|g__Escherichia.s__Escherichia_coli	543.5886541291
GLYCOLYSIS: glycolysis I (from glucose 6-phosphate)|unclassified	32.4807993070
PWY-4041: &gamma;-glutamyl cycle	626.5624942687
PWY-4041: &gamma;-glutamyl cycle|g__Escherichia.s__Escherichia_coli	573.4590759738
PWY-4041: &gamma;-glutamyl cycle|unclassified	51.1711243532
PWY-6737: starch degradation V	619.0896753094
PWY-6737: starch degradation V|g__Escherichia.s__Escherichia_coli	504.3635308516
PWY-6737: starch degradation V|unclassified	108.9780864775
ANAGLYCOLYSIS-PWY: glycolysis III (from glucose)	617.3855577111
ANAGLYCOLYSIS-PWY: glycolysis III (from glucose)|g__Escherichia.s__Escherichia_coli	534.4765034218
PWY-6353: purine nucleotides degradation II (aerobic)	610.6829292617
PWY-6353: purine nucleotides degradation II (aerobic)|g__Escherichia.s__Escherichia_coli	547.4564423401
PWY-6353: purine nucleotides degradation II (aerobic)|unclassified	48.6257715996
PWY-7388: octanoyl-[acyl-carrier protein] biosynthesis (mitochondria, yeast)	610.6194464274
PWY-7388: octanoyl-[acyl-carrier protein] biosynthesis (mitochondria, yeast)|g__Escherichia.s__Escherichia_coli	566.6326271254
PWY-6936: seleno-amino acid biosynthesis (plants)	599.2197495923
PWY-6936: seleno-amino acid biosynthesis (plants)|g__Escherichia.s__Escherichia_coli	498.4448806312
PWY-6936: seleno-amino acid biosynthesis (plants)|unclassified	37.8436372509
PWY-5484: glycolysis II (from fructose 6-phosphate)	597.8523366923
PWY-5484: glycolysis II (from fructose 6-phosphate)|g__Escherichia.s__Escherichia_coli	492.7349523344
PWY-6305: superpathway of putrescine biosynthesis	594.5850742794
PWY-6305: superpathway of putrescine biosynthesis|g__Escherichia.s__Escherichia_coli	569.1442936478
PWY-5723: Rubisco shunt	594.1378207057
PWY-5723: Rubisco shunt|g__Escherichia.s__Escherichia_coli	513.9248410274
HEXITOLDEGSUPER-PWY: superpathway of hexitol degradation (bacteria)	592.1562943906
HEXITOLDEGSUPER-PWY: superpathway of hexitol degradation (bacteria)|g__Escherichia.s__Escherichia_coli	501.3622660613
TCA: TCA cycle I (prokaryotic)	586.5615933293
TCA: TCA cycle I (prokaryotic)|g__Escherichia.s__Escherichia_coli	496.4868930849
TCA: TCA cycle I (prokaryotic)|unclassified	42.2551914266
GLYCOLYSIS-TCA-GLYOX-BYPASS: superpathway of glycolysis, pyruvate dehydrogenase, TCA, and glyoxylate bypass	586.1209385721
GLYCOLYSIS-TCA-GLYOX-BYPASS: superpathway of glycolysis, pyruvate dehydrogenase, TCA, and glyoxylate bypass|g__Escherichia.s__Escherichia_coli	503.3973906147
PWY-6385: peptidoglycan biosynthesis III (mycobacteria)	584.3611643744
PWY-6385: peptidoglycan biosynthesis III (mycobacteria)|g__Escherichia.s__Escherichia_coli	507.7094631633
PWY-6385: peptidoglycan biosynthesis III (mycobacteria)|g__Cutibacterium.s__Cutibacterium_acnes	32.0465820784
RHAMCAT-PWY: L-rhamnose degradation I	584.2663192591
RHAMCAT-PWY: L-rhamnose degradation I|g__Escherichia.s__Escherichia_coli	488.6778711936
RHAMCAT-PWY: L-rhamnose degradation I|unclassified	72.8250168192
BRANCHED-CHAIN-AA-SYN-PWY: superpathway of branched chain amino acid biosynthesis	579.5360835379
BRANCHED-CHAIN-AA-SYN-PWY: superpathway of branched chain amino acid biosynthesis|g__Escherichia.s__Escherichia_coli	450.8772859655
PWY-5154: L-arginine biosynthesis III (via N-acetyl-L-citrulline)	578.9457802231
PWY-5154: L-arginine biosynthesis III (via N-acetyl-L-citrulline)|g__Escherichia.s__Escherichia_coli	498.8404882217
HOMOSER-METSYN-PWY: L-methionine biosynthesis I	576.1736450717
HOMOSER-METSYN-PWY: L-methionine biosynthesis I|g__Escherichia.s__Escherichia_coli	483.0113837173
HOMOSER-METSYN-PWY: L-methionine biosynthesis I|unclassified	79.7025065900
PWY-7117: C4 photosynthetic carbon assimilation cycle, PEPCK type	575.9011703668
PWY-7117: C4 photosynthetic carbon assimilation cycle, PEPCK type|g__Escherichia.s__Escherichia_coli	527.3054961139
PWY-7117: C4 photosynthetic carbon assimilation cycle, PEPCK type|unclassified	18.8493986441
ARGSYNBSUB-PWY: L-arginine biosynthesis II (acetyl cycle)	570.0682791075
ARGSYNBSUB-PWY: L-arginine biosynthesis II (acetyl cycle)|g__Escherichia.s__Escherichia_coli	500.3906140691
ARGSYNBSUB-PWY: L-arginine biosynthesis II (acetyl cycle)|g__Cutibacterium.s__Cutibacterium_acnes	32.8231896623
PWY-6387: UDP-N-acetylmuramoyl-pentapeptide biosynthesis I (meso-diaminopimelate containing)	569.8506160865
PWY-6387: UDP-N-acetylmuramoyl-pentapeptide biosynthesis I (meso-diaminopimelate containing)|g__Escherichia.s__Escherichia_coli	494.7851843828
PWY-6387: UDP-N-acetylmuramoyl-pentapeptide biosynthesis I (meso-diaminopimelate containing)|g__Cutibacterium.s__Cutibacterium_acnes	32.4822919975
ARGSYN-PWY: L-arginine biosynthesis I (via L-ornithine)	559.4470007993
ARGSYN-PWY: L-arginine biosynthesis I (via L-ornithine)|g__Escherichia.s__Escherichia_coli	499.0408902410
ARGSYN-PWY: L-arginine biosynthesis I (via L-ornithine)|g__Cutibacterium.s__Cutibacterium_acnes	30.8728140613
PWY0-1296: purine ribonucleosides degradation	556.3521324945
PWY0-1296: purine ribonucleosides degradation|g__Escherichia.s__Escherichia_coli	499.5049153975
PWY0-1296: purine ribonucleosides degradation|unclassified	45.2849044710
PWY-5347: superpathway of L-methionine biosynthesis (transsulfuration)	554.8549970273
PWY-5347: superpathway of L-methionine biosynthesis (transsulfuration)|g__Escherichia.s__Escherichia_coli	491.1287365665
PWY-5347: superpathway of L-methionine biosynthesis (transsulfuration)|unclassified	16.1490669764
PWY-7400: L-arginine biosynthesis IV (archaebacteria)	553.5230952569
PWY-7400: L-arginine biosynthesis IV (archaebacteria)|g__Escherichia.s__Escherichia_coli	490.5588563029
PWY-7400: L-arginine biosynthesis IV (archaebacteria)|g__Cutibacterium.s__Cutibacterium_acnes	30.7473243867
TCA-GLYOX-BYPASS: superpathway of glyoxylate bypass and TCA	552.5184762484
TCA-GLYOX-BYPASS: superpathway of glyoxylate bypass and TCA|g__Escherichia.s__Escherichia_coli	468.7401909282
TCA-GLYOX-BYPASS: superpathway of glyoxylate bypass and TCA|unclassified	40.9634966757
METSYN-PWY: superpathway of L-homoserine and L-methionine biosynthesis	551.1692590496
METSYN-PWY: superpathway of L-homoserine and L-methionine biosynthesis|g__Escherichia.s__Escherichia_coli	479.7806156965
METSYN-PWY: superpathway of L-homoserine and L-methionine biosynthesis|unclassified	55.4088080468
MET-SAM-PWY: superpathway of S-adenosyl-L-methionine biosynthesis	547.5733608422
MET-SAM-PWY: superpathway of S-adenosyl-L-methionine biosynthesis|g__Escherichia.s__Escherichia_coli	463.9443649758
MET-SAM-PWY: superpathway of S-adenosyl-L-methionine biosynthesis|unclassified	54.8880731676
PEPTIDOGLYCANSYN-PWY: peptidoglycan biosynthesis I (meso-diaminopimelate containing)	545.1154042708
PEPTIDOGLYCANSYN-PWY: peptidoglycan biosynthesis I (meso-diaminopimelate containing)|g__Escherichia.s__Escherichia_coli	471.5333287094
PEPTIDOGLYCANSYN-PWY: peptidoglycan biosynthesis I (meso-diaminopimelate containing)|g__Cutibacterium.s__Cutibacterium_acnes	33.2304657999
ASPASN-PWY: superpathway of L-aspartate and L-asparagine biosynthesis	543.8312866561
ASPASN-PWY: superpathway of L-aspartate and L-asparagine biosynthesis|g__Escherichia.s__Escherichia_coli	519.3490401524
ASPASN-PWY: superpathway of L-aspartate and L-asparagine biosynthesis|unclassified	10.1016562515
PWY-5103: L-isoleucine biosynthesis III	543.7553745057
PWY-5103: L-isoleucine biosynthesis III|g__Escherichia.s__Escherichia_coli	405.6530863789
FERMENTATION-PWY: mixed acid fermentation	536.1902184919
FERMENTATION-PWY: mixed acid fermentation|g__Escherichia.s__Escherichia_coli	481.4189212511
PWY-3001: superpathway of L-isoleucine biosynthesis I	535.5498384867
PWY-3001: superpathway of L-isoleucine biosynthesis I|g__Escherichia.s__Escherichia_coli	436.1190760923
PWY-5675: nitrate reduction V (assimilatory)	534.8869762328
PWY-5675: nitrate reduction V (assimilatory)|g__Escherichia.s__Escherichia_coli	442.3152443649
PWY-5675: nitrate reduction V (assimilatory)|unclassified	79.0446515172
GLUTORN-PWY: L-ornithine biosynthesis I	527.5889106559
GLUTORN-PWY: L-ornithine biosynthesis I|g__Escherichia.s__Escherichia_coli	476.4790484612
GLUTORN-PWY: L-ornithine biosynthesis I|g__Cutibacterium.s__Cutibacterium_acnes	29.3517574686
GLUTORN-PWY: L-ornithine biosynthesis I|unclassified	12.3053193835
ARG+POLYAMINE-SYN: superpathway of arginine and polyamine biosynthesis	520.8769463733
ARG+POLYAMINE-SYN: superpathway of arginine and polyamine biosynthesis|g__Escherichia.s__Escherichia_coli	473.7459149810
PWY-5173	520.7381711612
PWY-5173|g__Escherichia.s__Escherichia_coli	402.3734869057
PWY-5173|unclassified	69.6978835157
GLYCOGENSYNTH-PWY: glycogen biosynthesis I (from ADP-D-Glucose)	519.9434717114
GLYCOGENSYNTH-PWY: glycogen biosynthesis I (from ADP-D-Glucose)|g__Escherichia.s__Escherichia_coli	420.6590031341
PWY-6122: 5-aminoimidazole ribonucleotide biosynthesis II	518.4560454365
PWY-6122: 5-aminoimidazole ribonucleotide biosynthesis II|g__Escherichia.s__Escherichia_coli	353.7405736243
PWY-6122: 5-aminoimidazole ribonucleotide biosynthesis II|unclassified	69.7216563741
PWY-6122: 5-aminoimidazole ribonucleotide biosynthesis II|g__Cutibacterium.s__Cutibacterium_acnes	39.8244391344
PWY-6277: superpathway of 5-aminoimidazole ribonucleotide biosynthesis	518.4560454365
PWY-6277: superpathway of 5-aminoimidazole ribonucleotide biosynthesis|g__Escherichia.s__Escherichia_coli	353.7405736243
PWY-6277: superpathway of 5-aminoimidazole ribonucleotide biosynthesis|unclassified	69.7216563741
PWY-6277: superpathway of 5-aminoimidazole ribonucleotide biosynthesis|g__Cutibacterium.s__Cutibacterium_acnes	39.8244391344
GLUCONEO-PWY: gluconeogenesis I	509.4824218962
GLUCONEO-PWY: gluconeogenesis I|g__Escherichia.s__Escherichia_coli	443.0642436096
GLUCONEO-PWY: gluconeogenesis I|unclassified	35.9900712468
TRNA-CHARGING-PWY: tRNA charging	509.4270458171
TRNA-CHARGING-PWY: tRNA charging|g__Escherichia.s__Escherichia_coli	373.4165011477
P161-PWY: acetylene degradation (anaerobic)	506.8671939042
P161-PWY: acetylene degradation (anaerobic)|g__Escherichia.s__Escherichia_coli	481.8885498158
P161-PWY: acetylene degradation (anaerobic)|unclassified	11.8368619929
P441-PWY: superpathway of N-acetylneuraminate degradation	506.3024719505
P441-PWY: superpathway of N-acetylneuraminate degradation|g__Escherichia.s__Escherichia_coli	462.0167688689
PWY-7220: adenosine deoxyribonucleotides de novo biosynthesis II	501.6294617340
PWY-7220: adenosine deoxyribonucleotides de novo biosynthesis II|g__Escherichia.s__Escherichia_coli	396.8911318944
PWY-7220: adenosine deoxyribonucleotides de novo biosynthesis II|g__Cutibacterium.s__Cutibacterium_acnes	53.5083508890
PWY-7220: adenosine deoxyribonucleotides de novo biosynthesis II|unclassified	46.6968973399
PWY-7222: guanosine deoxyribonucleotides de novo biosynthesis II	501.6294617340
PWY-7222: guanosine deoxyribonucleotides de novo biosynthesis II|g__Escherichia.s__Escherichia_coli	396.8911318944
PWY-7222: guanosine deoxyribonucleotides de novo biosynthesis II|g__Cutibacterium.s__Cutibacterium_acnes	53.5083508890
PWY-7222: guanosine deoxyribonucleotides de novo biosynthesis II|unclassified	46.6968973399
PWY-6606: guanosine nucleotides degradation II	500.7419629515
PWY-6606: guanosine nucleotides degradation II|g__Escherichia.s__Escherichia_coli	457.2775543580
PWY-6606: guanosine nucleotides degradation II|unclassified	40.5684029296
THRESYN-PWY: superpathway of L-threonine biosynthesis	497.1189588894
THRESYN-PWY: superpathway of L-threonine biosynthesis|g__Escherichia.s__Escherichia_coli	445.3640204692
THRESYN-PWY: superpathway of L-threonine biosynthesis|g__Cutibacterium.s__Cutibacterium_acnes	30.1378126612
GLYCOLYSIS-E-D: superpathway of glycolysis and the Entner-Doudoroff pathway	493.2433964219
GLYCOLYSIS-E-D: superpathway of glycolysis and the Entner-Doudoroff pathway|g__Escherichia.s__Escherichia_coli	425.0154107071
PWY-6386: UDP-N-acetylmuramoyl-pentapeptide biosynthesis II (lysine-containing)	489.2523503226
PWY-6386: UDP-N-acetylmuramoyl-pentapeptide biosynthesis II (lysine-containing)|g__Escherichia.s__Escherichia_coli	431.0009691008
PWY-6386: UDP-N-acetylmuramoyl-pentapeptide biosynthesis II (lysine-containing)|g__Cutibacterium.s__Cutibacterium_acnes	32.3502877288
POLYAMSYN-PWY: superpathway of polyamine biosynthesis I	487.8742921061
POLYAMSYN-PWY: superpathway of polyamine biosynthesis I|g__Escherichia.s__Escherichia_coli	453.9283443165
POLYAMSYN-PWY: superpathway of polyamine biosynthesis I|unclassified	65.6224858667
PENTOSE-P-PWY: pentose phosphate pathway	486.3428518348
PENTOSE-P-PWY: pentose phosphate pathway|g__Escherichia.s__Escherichia_coli	352.5186965405
PENTOSE-P-PWY: pentose phosphate pathway|unclassified	38.9382477229
PWY-7228: superpathway of guanosine nucleotides de novo biosynthesis I	485.7842403671
PWY-7228: superpathway of guanosine nucleotides de novo biosynthesis I|g__Escherichia.s__Escherichia_coli	390.3798716924
PWY-7228: superpathway of guanosine nucleotides de novo biosynthesis I|g__Cutibacterium.s__Cutibacterium_acnes	42.0563776380
PWY-7228: superpathway of guanosine nucleotides de novo biosynthesis I|unclassified	37.2558369703
FASYN-ELONG-PWY: fatty acid elongation -- saturated	480.3782896827
FASYN-ELONG-PWY: fatty acid elongation -- saturated|g__Escherichia.s__Escherichia_coli	423.9679431218
PWY-6121: 5-aminoimidazole ribonucleotide biosynthesis I	475.4127830652
PWY-6121: 5-aminoimidazole ribonucleotide biosynthesis I|g__Escherichia.s__Escherichia_coli	335.2692620083
PWY-6121: 5-aminoimidazole ribonucleotide biosynthesis I|unclassified	61.9878205386
PWY-6121: 5-aminoimidazole ribonucleotide biosynthesis I|g__Cutibacterium.s__Cutibacterium_acnes	36.3270043186
FASYN-INITIAL-PWY: superpathway of fatty acid biosynthesis initiation (E. coli)	470.8561359542
FASYN-INITIAL-PWY: superpathway of fatty acid biosynthesis initiation (E. coli)|g__Escherichia.s__Escherichia_coli	398.9656434599
FASYN-INITIAL-PWY: superpathway of fatty acid biosynthesis initiation (E. coli)|unclassified	24.1984386531
PWY-5971: palmitate biosynthesis (type II fatty acid synthase)	461.8682893740
PWY-5971: palmitate biosynthesis (type II fatty acid synthase)|g__Escherichia.s__Escherichia_coli	409.3894555001
PWY-6123: inosine-5'-phosphate biosynthesis I	457.4777711325
PWY-6123: inosine-5'-phosphate biosynthesis I|g__Escherichia.s__Escherichia_coli	405.4736538610
PWY-6123: inosine-5'-phosphate biosynthesis I|g__Cutibacterium.s__Cutibacterium_acnes	24.7945947145
PWY-6123: inosine-5'-phosphate biosynthesis I|unclassified	17.5910630754
PWY-5667: CDP-diacylglycerol biosynthesis I	452.2347024804
PWY-5667: CDP-diacylglycerol biosynthesis I|g__Escherichia.s__Escherichia_coli	378.7276079703
PWY-5667: CDP-diacylglycerol biosynthesis I|unclassified	67.5416207416
PWY0-1319: CDP-diacylglycerol biosynthesis II	452.2347024804
PWY0-1319: CDP-diacylglycerol biosynthesis II|g__Escherichia.s__Escherichia_coli	378.7276079703
PWY0-1319: CDP-diacylglycerol biosynthesis II|unclassified	67.5416207416
PWY-7664: oleate biosynthesis IV (anaerobic)	449.7487836078
PWY-7664: oleate biosynthesis IV (anaerobic)|g__Escherichia.s__Escherichia_coli	397.5814793546
PWY-5104: L-isoleucine biosynthesis IV	448.8993788276
PWY-5104: L-isoleucine biosynthesis IV|g__Escherichia.s__Escherichia_coli	337.8527519511
PWY-5104: L-isoleucine biosynthesis IV|unclassified	65.5140934774
PHOSLIPSYN-PWY: superpathway of phospholipid biosynthesis I (bacteria)	446.6634966643
PHOSLIPSYN-PWY: superpathway of phospholipid biosynthesis I (bacteria)|g__Escherichia.s__Escherichia_coli	359.5667227019
PHOSLIPSYN-PWY: superpathway of phospholipid biosynthesis I (bacteria)|unclassified	56.6084699804
PWY-6609: adenine and adenosine salvage III	444.7070794013
PWY-6609: adenine and adenosine salvage III|g__Escherichia.s__Escherichia_coli	379.7909623731
PWY-6609: adenine and adenosine salvage III|unclassified	36.2828396836
PWY-6609: adenine and adenosine salvage III|g__Cutibacterium.s__Cutibacterium_acnes	30.5455541338
PWY-5188: tetrapyrrole biosynthesis I (from glutamate)	443.2780427184
PWY-5188: tetrapyrrole biosynthesis I (from glutamate)|g__Escherichia.s__Escherichia_coli	389.9588718971
PWY-5188: tetrapyrrole biosynthesis I (from glutamate)|g__Cutibacterium.s__Cutibacterium_acnes	28.1124029667
PWY-5188: tetrapyrrole biosynthesis I (from glutamate)|unclassified	14.4870638170
PWY0-1297: superpathway of purine deoxyribonucleosides degradation	441.6448590060
PWY0-1297: superpathway of purine deoxyribonucleosides degradation|g__Escherichia.s__Escherichia_coli	411.4187230043
PWY0-1297: superpathway of purine deoxyribonucleosides degradation|unclassified	14.2254245106
GLYCOCAT-PWY: glycogen degradation I	436.6333685915
GLYCOCAT-PWY: glycogen degradation I|g__Escherichia.s__Escherichia_coli	386.8598817509
PWY-7221: guanosine ribonucleotides de novo biosynthesis	435.3847681960
PWY-7221: guanosine ribonucleotides de novo biosynthesis|g__Escherichia.s__Escherichia_coli	351.3820143356
PWY-7221: guanosine ribonucleotides de novo biosynthesis|g__Cutibacterium.s__Cutibacterium_acnes	36.3308935384
PWY-7221: guanosine ribonucleotides de novo biosynthesis|unclassified	31.3735870965
PWY4LZ-257: superpathway of fermentation (Chlamydomonas reinhardtii)	433.5308616509
PWY4LZ-257: superpathway of fermentation (Chlamydomonas reinhardtii)|g__Escherichia.s__Escherichia_coli	339.3195591703
PWY4LZ-257: superpathway of fermentation (Chlamydomonas reinhardtii)|unclassified	14.3810595960
PWY-6125: superpathway of guanosine nucleotides de novo biosynthesis II	432.6441618867
PWY-6125: superpathway of guanosine nucleotides de novo biosynthesis II|g__Escherichia.s__Escherichia_coli	366.8548125285
PWY-6125: superpathway of guanosine nucleotides de novo biosynthesis II|g__Cutibacterium.s__Cutibacterium_acnes	36.9620104007
PWY-6519: 8-amino-7-oxononanoate biosynthesis I	428.6900782410
PWY-6519: 8-amino-7-oxononanoate biosynthesis I|g__Escherichia.s__Escherichia_coli	381.3913606118
GLYOXYLATE-BYPASS: glyoxylate cycle	428.4031366117
GLYOXYLATE-BYPASS: glyoxylate cycle|g__Escherichia.s__Escherichia_coli	357.7136584250
GLYOXYLATE-BYPASS: glyoxylate cycle|unclassified	32.6452840549
PWY-5189: tetrapyrrole biosynthesis II (from glycine)	427.3281055614
PWY-5189: tetrapyrrole biosynthesis II (from glycine)|g__Escherichia.s__Escherichia_coli	384.8250555289
PWY-5189: tetrapyrrole biosynthesis II (from glycine)|g__Cutibacterium.s__Cutibacterium_acnes	26.2317465633
PWY-5189: tetrapyrrole biosynthesis II (from glycine)|unclassified	8.1129288846
PWY-6282: palmitoleate biosynthesis I (from (5Z)-dodec-5-enoate)	426.8314339463
PWY-6282: palmitoleate biosynthesis I (from (5Z)-dodec-5-enoate)|g__Escherichia.s__Escherichia_coli	374.0318544093
ARGDEG-PWY: superpathway of L-arginine, putrescine, and 4-aminobutanoate degradation	424.8846058816
ARGDEG-PWY: superpathway of L-arginine, putrescine, and 4-aminobutanoate degradation|g__Escherichia.s__Escherichia_coli	391.5845665319
ARGDEG-PWY: superpathway of L-arginine, putrescine, and 4-aminobutanoate degradation|unclassified	20.1288855111
ORNARGDEG-PWY: superpathway of L-arginine and L-ornithine degradation	424.8846058816
ORNARGDEG-PWY: superpathway of L-arginine and L-ornithine degradation|g__Escherichia.s__Escherichia_coli	391.5845665319
ORNARGDEG-PWY: superpathway of L-arginine and L-ornithine degradation|unclassified	20.1288855111
GALACTARDEG-PWY: D-galactarate degradation I	418.3134860978
GALACTARDEG-PWY: D-galactarate degradation I|g__Escherichia.s__Escherichia_coli	356.2998813245
GALACTARDEG-PWY: D-galactarate degradation I|unclassified	54.1078237352
GLUCARGALACTSUPER-PWY: superpathway of D-glucarate and D-galactarate degradation	418.3134860978
GLUCARGALACTSUPER-PWY: superpathway of D-glucarate and D-galactarate degradation|g__Escherichia.s__Escherichia_coli	356.2998813245
GLUCARGALACTSUPER-PWY: superpathway of D-glucarate and D-galactarate degradation|unclassified	54.1078237352
COMPLETE-ARO-PWY: superpathway of aromatic amino acid biosynthesis	416.4829960937
COMPLETE-ARO-PWY: superpathway of aromatic amino acid biosynthesis|g__Escherichia.s__Escherichia_coli	355.5509603530
PWY0-862: (5Z)-dodecenoate biosynthesis I	414.5092923927
PWY0-862: (5Z)-dodecenoate biosynthesis I|g__Escherichia.s__Escherichia_coli	367.1171526557
PWY-7282: 4-amino-2-methyl-5-diphosphomethylpyrimidine biosynthesis II	414.1340837836
PWY-7282: 4-amino-2-methyl-5-diphosphomethylpyrimidine biosynthesis II|g__Escherichia.s__Escherichia_coli	347.1063053924
PWY-7282: 4-amino-2-methyl-5-diphosphomethylpyrimidine biosynthesis II|unclassified	21.1518008623
GLCMANNANAUT-PWY: superpathway of N-acetylglucosamine, N-acetylmannosamine and N-acetylneuraminate degradation	413.1172484778
GLCMANNANAUT-PWY: superpathway of N-acetylglucosamine, N-acetylmannosamine and N-acetylneuraminate degradation|g__Escherichia.s__Escherichia_coli	366.1023559669
GLCMANNANAUT-PWY: superpathway of N-acetylglucosamine, N-acetylmannosamine and N-acetylneuraminate degradation|unclassified	20.9880397165
BIOTIN-BIOSYNTHESIS-PWY: biotin biosynthesis I	411.8712143739
BIOTIN-BIOSYNTHESIS-PWY: biotin biosynthesis I|g__Escherichia.s__Escherichia_coli	354.2866823824
NAGLIPASYN-PWY: lipid IVA biosynthesis (E. coli)	411.8300902370
NAGLIPASYN-PWY: lipid IVA biosynthesis (E. coli)|g__Escherichia.s__Escherichia_coli	379.7835650127
PWY-5989: stearate biosynthesis II (bacteria and plants)	406.9121768321
PWY-5989: stearate biosynthesis II (bacteria and plants)|g__Escherichia.s__Escherichia_coli	345.7019508454
FUCCAT-PWY: fucose degradation	406.5275427644
FUCCAT-PWY: fucose degradation|g__Escherichia.s__Escherichia_coli	332.6525017962
ANAEROFRUCAT-PWY: homolactic fermentation	404.1855256141
ANAEROFRUCAT-PWY: homolactic fermentation|g__Escherichia.s__Escherichia_coli	301.1161766889
ARO-PWY: chorismate biosynthesis I	399.2215382810
ARO-PWY: chorismate biosynthesis I|g__Escherichia.s__Escherichia_coli	343.4253152052
PWY-2942: L-lysine biosynthesis III	397.8819840015
PWY-2942: L-lysine biosynthesis III|g__Escherichia.s__Escherichia_coli	336.9943075004
PWY-2942: L-lysine biosynthesis III|g__Cutibacterium.s__Cutibacterium_acnes	30.1494542241
PWY-2942: L-lysine biosynthesis III|unclassified	21.0400722002
PWY0-845: superpathway of pyridoxal 5'-phosphate biosynthesis and salvage	391.9667917358
PWY0-845: superpathway of pyridoxal 5'-phosphate biosynthesis and salvage|g__Escherichia.s__Escherichia_coli	338.5055283482
PWY0-845: superpathway of pyridoxal 5'-phosphate biosynthesis and salvage|unclassified	24.3792888808
SO4ASSIM-PWY: assimilatory sulfate reduction I	386.7481598138
SO4ASSIM-PWY: assimilatory sulfate reduction I|g__Escherichia.s__Escherichia_coli	364.5513347119
PWY4FS-7: phosphatidylglycerol biosynthesis I (plastidic)	385.2715944780
PWY4FS-7: phosphatidylglycerol biosynthesis I (plastidic)|g__Escherichia.s__Escherichia_coli	294.0097885980
PWY4FS-7: phosphatidylglycerol biosynthesis I (plastidic)|unclassified	49.2569930597
PWY4FS-8: phosphatidylglycerol biosynthesis II (non-plastidic)	385.2715944780
PWY4FS-8: phosphatidylglycerol biosynthesis II (non-plastidic)|g__Escherichia.s__Escherichia_coli	294.0097885980
PWY4FS-8: phosphatidylglycerol biosynthesis II (non-plastidic)|unclassified	49.2569930597
PWY0-1298: superpathway of pyrimidine deoxyribonucleosides degradation	383.9400754855
PWY0-1298: superpathway of pyrimidine deoxyribonucleosides degradation|g__Escherichia.s__Escherichia_coli	356.0544170384
1CMET2-PWY: folate transformations III (E. coli)	382.9864653296
1CMET2-PWY: folate transformations III (E. coli)|g__Escherichia.s__Escherichia_coli	336.0087658441
1CMET2-PWY: folate transformations III (E. coli)|g__Cutibacterium.s__Cutibacterium_acnes	21.7086796438
PWY-6285: superpathway of fatty acids biosynthesis (E. coli)	382.5941680033
PWY-6285: superpathway of fatty acids biosynthesis (E. coli)|g__Escherichia.s__Escherichia_coli	348.0208296541
PWY-7219: adenosine ribonucleotides de novo biosynthesis	381.7481230032
PWY-7219: adenosine ribonucleotides de novo biosynthesis|g__Escherichia.s__Escherichia_coli	270.0049411783
PWY-7219: adenosine ribonucleotides de novo biosynthesis|unclassified	45.5877199276
PWY-7219: adenosine ribonucleotides de novo biosynthesis|g__Cutibacterium.s__Cutibacterium_acnes	33.5602145940
PWY-7219: adenosine ribonucleotides de novo biosynthesis|g__Cutibacterium.s__Propionibacterium_humerusii	1.2221060150
PWY-7229: superpathway of adenosine nucleotides de novo biosynthesis I	380.2290347271
PWY-7229: superpathway of adenosine nucleotides de novo biosynthesis I|g__Escherichia.s__Escherichia_coli	269.9974732340
PWY-7229: superpathway of adenosine nucleotides de novo biosynthesis I|g__Cutibacterium.s__Cutibacterium_acnes	35.3003713805
PWY-7229: superpathway of adenosine nucleotides de novo biosynthesis I|unclassified	27.8028347600
PWY-6126: superpathway of adenosine nucleotides de novo biosynthesis II	376.4131693288
PWY-6126: superpathway of adenosine nucleotides de novo biosynthesis II|g__Escherichia.s__Escherichia_coli	271.3687890211
PWY-6126: superpathway of adenosine nucleotides de novo biosynthesis II|g__Cutibacterium.s__Cutibacterium_acnes	36.1814332091
PWY-6126: superpathway of adenosine nucleotides de novo biosynthesis II|unclassified	28.3979551828
PWY-841: superpathway of purine nucleotides de novo biosynthesis I	376.2693392286
PWY-841: superpathway of purine nucleotides de novo biosynthesis I|g__Escherichia.s__Escherichia_coli	308.2554475506
PWY-6151: S-adenosyl-L-methionine salvage I	375.7807011407
PWY-6151: S-adenosyl-L-methionine salvage I|g__Escherichia.s__Escherichia_coli	320.8611861967
PWY-6151: S-adenosyl-L-methionine salvage I|g__Cutibacterium.s__Cutibacterium_acnes	38.6049055244
PYRIDOXSYN-PWY: pyridoxal 5'-phosphate biosynthesis I	374.4417422022
PYRIDOXSYN-PWY: pyridoxal 5'-phosphate biosynthesis I|g__Escherichia.s__Escherichia_coli	300.1950477308
PYRIDOXSYN-PWY: pyridoxal 5'-phosphate biosynthesis I|unclassified	28.2552145681
PWY-1269: CMP-3-deoxy-D-manno-octulosonate biosynthesis	372.9465566277
PWY-1269: CMP-3-deoxy-D-manno-octulosonate biosynthesis|g__Escherichia.s__Escherichia_coli	358.3869089171
PWY-1269: CMP-3-deoxy-D-manno-octulosonate biosynthesis|unclassified	16.4983207496
PWY-5973: cis-vaccenate biosynthesis	372.5015492276
PWY-5973: cis-vaccenate biosynthesis|g__Escherichia.s__Escherichia_coli	328.9729561082
FUC-RHAMCAT-PWY: superpathway of fucose and rhamnose degradation	371.0531834271
FUC-RHAMCAT-PWY: superpathway of fucose and rhamnose degradation|g__Escherichia.s__Escherichia_coli	335.4256665452
P4-PWY: superpathway of L-lysine, L-threonine and L-methionine biosynthesis I	368.7798799128
P4-PWY: superpathway of L-lysine, L-threonine and L-methionine biosynthesis I|g__Escherichia.s__Escherichia_coli	303.5594511733
PWY0-781: aspartate superpathway	367.2993870690
PWY0-781: aspartate superpathway|g__Escherichia.s__Escherichia_coli	295.3981505226
PWY-6803: phosphatidylcholine acyl editing	367.1727608527
PWY-6803: phosphatidylcholine acyl editing|g__Escherichia.s__Escherichia_coli	323.1429122268
PWY66-409: superpathway of purine nucleotide salvage	366.1591951339
PWY66-409: superpathway of purine nucleotide salvage|g__Escherichia.s__Escherichia_coli	275.2378700899
PWY66-409: superpathway of purine nucleotide salvage|g__Cutibacterium.s__Cutibacterium_acnes	31.1944115898
PWY-4702: phytate degradation I	364.2678997277
PWY-4702: phytate degradation I|g__Escherichia.s__Escherichia_coli	312.2467284844
PWY-4702: phytate degradation I|unclassified	23.1058765047
PANTO-PWY: phosphopantothenate biosynthesis I	363.1613384515
PANTO-PWY: phosphopantothenate biosynthesis I|g__Escherichia.s__Escherichia_coli	318.2625065140
GLUCARDEG-PWY: D-glucarate degradation I	362.6349110457
GLUCARDEG-PWY: D-glucarate degradation I|g__Escherichia.s__Escherichia_coli	312.3535663077
GLUCARDEG-PWY: D-glucarate degradation I|unclassified	45.9072625724
HEMESYN2-PWY: heme b biosynthesis II (oxygen-independent)	360.5897305918
HEMESYN2-PWY: heme b biosynthesis II (oxygen-independent)|g__Escherichia.s__Escherichia_coli	311.8778911518
HEMESYN2-PWY: heme b biosynthesis II (oxygen-independent)|unclassified	16.8519966430
PWY-6892: thiazole component of thiamine diphosphate biosynthesis I	357.9689916544
PWY-6892: thiazole component of thiamine diphosphate biosynthesis I|g__Escherichia.s__Escherichia_coli	313.2072271604
FAO-PWY: fatty acid &beta;-oxidation I (generic)	356.8783285207
FAO-PWY: fatty acid &beta;-oxidation I (generic)|g__Escherichia.s__Escherichia_coli	345.5733874141
FAO-PWY: fatty acid &beta;-oxidation I (generic)|unclassified	45.8552456348
PWY-7560: methylerythritol phosphate pathway II	352.1309994940
PWY-7560: methylerythritol phosphate pathway II|g__Escherichia.s__Escherichia_coli	298.6477931294
PWY-7560: methylerythritol phosphate pathway II|g__Cutibacterium.s__Cutibacterium_acnes	23.7688889505
PWY-5686: UMP biosynthesis I	351.3247944456
PWY-5686: UMP biosynthesis I|g__Escherichia.s__Escherichia_coli	301.0331146168
PWY-5686: UMP biosynthesis I|g__Cutibacterium.s__Cutibacterium_acnes	34.0378754719
PWY-5918: superpathway of heme b biosynthesis from glutamate	351.1012850635
PWY-5918: superpathway of heme b biosynthesis from glutamate|g__Escherichia.s__Escherichia_coli	286.9972571440
PWY-5918: superpathway of heme b biosynthesis from glutamate|g__Cutibacterium.s__Cutibacterium_acnes	25.5084883557
PWY-5918: superpathway of heme b biosynthesis from glutamate|unclassified	15.5569552772
PWY-6700: queuosine biosynthesis I (de novo)	350.4667194656
PWY-6700: queuosine biosynthesis I (de novo)|g__Escherichia.s__Escherichia_coli	286.6288741796
KETOGLUCONMET-PWY: ketogluconate metabolism	349.7898258316
KETOGLUCONMET-PWY: ketogluconate metabolism|g__Escherichia.s__Escherichia_coli	326.0608818635
KETOGLUCONMET-PWY: ketogluconate metabolism|unclassified	20.9421755479
PWY-5097: L-lysine biosynthesis VI	349.7076569973
PWY-5097: L-lysine biosynthesis VI|g__Escherichia.s__Escherichia_coli	275.9799330363
PWY-5097: L-lysine biosynthesis VI|g__Cutibacterium.s__Cutibacterium_acnes	31.9759681934
PWY-5097: L-lysine biosynthesis VI|unclassified	23.3027942783
SULFATE-CYS-PWY: superpathway of sulfate assimilation and cysteine biosynthesis	348.7764464544
SULFATE-CYS-PWY: superpathway of sulfate assimilation and cysteine biosynthesis|g__Escherichia.s__Escherichia_coli	306.2758491935
PWY0-162: superpathway of pyrimidine ribonucleotides de novo biosynthesis	348.4208244882
PWY0-162: superpathway of pyrimidine ribonucleotides de novo biosynthesis|g__Escherichia.s__Escherichia_coli	282.2053351295
PWY-3841: folate transformations II (plants)	345.7536445790
PWY-3841: folate transformations II (plants)|g__Escherichia.s__Escherichia_coli	310.5697481168
PWY-3841: folate transformations II (plants)|g__Cutibacterium.s__Cutibacterium_acnes	26.0159876684
PWY-5838: superpathway of menaquinol-8 biosynthesis I	340.4882312217
PWY-5838: superpathway of menaquinol-8 biosynthesis I|g__Escherichia.s__Escherichia_coli	298.5727939890
DAPLYSINESYN-PWY: L-lysine biosynthesis I	337.0523666368
DAPLYSINESYN-PWY: L-lysine biosynthesis I|g__Escherichia.s__Escherichia_coli	266.6872805926
DAPLYSINESYN-PWY: L-lysine biosynthesis I|g__Cutibacterium.s__Cutibacterium_acnes	31.6147271006
DAPLYSINESYN-PWY: L-lysine biosynthesis I|unclassified	26.0048563093
P105-PWY: TCA cycle IV (2-oxoglutarate decarboxylase)	336.5535931363
P105-PWY: TCA cycle IV (2-oxoglutarate decarboxylase)|g__Escherichia.s__Escherichia_coli	307.6250478515
PWY-6969: TCA cycle V (2-oxoglutarate synthase)	336.5535931363
PWY-6969: TCA cycle V (2-oxoglutarate synthase)|g__Escherichia.s__Escherichia_coli	307.6250478515
PWY-5897: superpathway of menaquinol-11 biosynthesis	335.0067695962
PWY-5897: superpathway of menaquinol-11 biosynthesis|g__Escherichia.s__Escherichia_coli	290.2367411182
PWY-5898: superpathway of menaquinol-12 biosynthesis	335.0067695962
PWY-5898: superpathway of menaquinol-12 biosynthesis|g__Escherichia.s__Escherichia_coli	290.2367411182
PWY-5899: superpathway of menaquinol-13 biosynthesis	335.0067695962
PWY-5899: superpathway of menaquinol-13 biosynthesis|g__Escherichia.s__Escherichia_coli	290.2367411182
PWY-724: superpathway of L-lysine, L-threonine and L-methionine biosynthesis II	333.4580386662
PWY-724: superpathway of L-lysine, L-threonine and L-methionine biosynthesis II|g__Escherichia.s__Escherichia_coli	272.3849212728
PWY-724: superpathway of L-lysine, L-threonine and L-methionine biosynthesis II|g__Cutibacterium.s__Cutibacterium_acnes	32.0391454612
PWY-6163: chorismate biosynthesis from 3-dehydroquinate	332.4485766726
PWY-6163: chorismate biosynthesis from 3-dehydroquinate|g__Escherichia.s__Escherichia_coli	282.8076145083
COA-PWY-1: superpathway of coenzyme A biosynthesis III (mammals)	331.3990809535
COA-PWY-1: superpathway of coenzyme A biosynthesis III (mammals)|g__Escherichia.s__Escherichia_coli	250.5255114453
COA-PWY-1: superpathway of coenzyme A biosynthesis III (mammals)|g__Cutibacterium.s__Cutibacterium_acnes	29.2493626360
PWY-5656: mannosylglycerate biosynthesis I	329.7525845992
PWY-5656: mannosylglycerate biosynthesis I|g__Escherichia.s__Escherichia_coli	133.1955840565
PWY-5656: mannosylglycerate biosynthesis I|unclassified	20.5043457520
PWY-6531: mannitol cycle	329.6518481243
PWY-6531: mannitol cycle|g__Escherichia.s__Escherichia_coli	308.2550035311
PWY-6531: mannitol cycle|unclassified	16.2908865524
PWY-5659: GDP-mannose biosynthesis	328.8501585496
PWY-5659: GDP-mannose biosynthesis|g__Escherichia.s__Escherichia_coli	152.1033586375
PWY-5659: GDP-mannose biosynthesis|unclassified	91.1841411173
PWY0-1277: 3-phenylpropanoate and 3-(3-hydroxyphenyl)propanoate degradation	322.0006512650
PWY0-1277: 3-phenylpropanoate and 3-(3-hydroxyphenyl)propanoate degradation|g__Escherichia.s__Escherichia_coli	306.0560494315
PWY-6284: superpathway of unsaturated fatty acids biosynthesis (E. coli)	321.9626408679
PWY-6284: superpathway of unsaturated fatty acids biosynthesis (E. coli)|g__Escherichia.s__Escherichia_coli	300.9416230795
COLANSYN-PWY: colanic acid building blocks biosynthesis	321.1216540901
COLANSYN-PWY: colanic acid building blocks biosynthesis|g__Escherichia.s__Escherichia_coli	173.2052232807
COLANSYN-PWY: colanic acid building blocks biosynthesis|unclassified	42.4854378087
PWY0-1479: tRNA processing	319.7457633722
PWY0-1479: tRNA processing|g__Escherichia.s__Escherichia_coli	220.7030514493
PWY0-1479: tRNA processing|unclassified	27.6990928596
GLUCOSE1PMETAB-PWY: glucose and glucose-1-phosphate degradation	314.9146469571
GLUCOSE1PMETAB-PWY: glucose and glucose-1-phosphate degradation|g__Escherichia.s__Escherichia_coli	239.1991470275
GLUCOSE1PMETAB-PWY: glucose and glucose-1-phosphate degradation|unclassified	59.4169515730
COBALSYN-PWY: superpathway of adenosylcobalamin salvage from cobinamide I	314.8007237542
COBALSYN-PWY: superpathway of adenosylcobalamin salvage from cobinamide I|g__Escherichia.s__Escherichia_coli	281.7281216024
PWY-5861: superpathway of demethylmenaquinol-8 biosynthesis I	314.6523037936
PWY-5861: superpathway of demethylmenaquinol-8 biosynthesis I|g__Escherichia.s__Escherichia_coli	263.3954340447
PWY-6901: superpathway of glucose and xylose degradation	312.5671686925
PWY-6901: superpathway of glucose and xylose degradation|g__Escherichia.s__Escherichia_coli	233.6283762674
PWY-6897: thiamine diphosphate salvage II	311.9124519640
PWY-6897: thiamine diphosphate salvage II|g__Escherichia.s__Escherichia_coli	276.9683406238
AST-PWY: L-arginine degradation II (AST pathway)	308.9530091283
AST-PWY: L-arginine degradation II (AST pathway)|g__Escherichia.s__Escherichia_coli	292.8376511137
PWY-7199: pyrimidine deoxyribonucleosides salvage	308.9528375589
PWY-7199: pyrimidine deoxyribonucleosides salvage|g__Escherichia.s__Escherichia_coli	259.0615550592
PWY-7199: pyrimidine deoxyribonucleosides salvage|g__Cutibacterium.s__Cutibacterium_acnes	22.0875000198
PWY-7199: pyrimidine deoxyribonucleosides salvage|unclassified	18.2801978827
PWY-5840: superpathway of menaquinol-7 biosynthesis	304.7581742554
PWY-5840: superpathway of menaquinol-7 biosynthesis|g__Escherichia.s__Escherichia_coli	270.8707289342
PWY-5845: superpathway of menaquinol-9 biosynthesis	304.7581742554
PWY-5845: superpathway of menaquinol-9 biosynthesis|g__Escherichia.s__Escherichia_coli	270.8707289342
PWY-5850: superpathway of menaquinol-6 biosynthesis	304.7581742554
PWY-5850: superpathway of menaquinol-6 biosynthesis|g__Escherichia.s__Escherichia_coli	270.8707289342
PWY-5896: superpathway of menaquinol-10 biosynthesis	304.7581742554
PWY-5896: superpathway of menaquinol-10 biosynthesis|g__Escherichia.s__Escherichia_coli	270.8707289342
PYRIDNUCSYN-PWY: NAD de novo biosynthesis I (from aspartate)	302.3349284822
PYRIDNUCSYN-PWY: NAD de novo biosynthesis I (from aspartate)|g__Escherichia.s__Escherichia_coli	240.3003656801
PYRIDNUCSYN-PWY: NAD de novo biosynthesis I (from aspartate)|unclassified	27.5207551001
PWY-6731: starch degradation III	297.0513213243
PWY-6731: starch degradation III|g__Escherichia.s__Escherichia_coli	277.9398066822
THISYN-PWY: superpathway of thiamine diphosphate biosynthesis I	291.4043939662
THISYN-PWY: superpathway of thiamine diphosphate biosynthesis I|g__Escherichia.s__Escherichia_coli	238.5023771606
PWY-5083: NAD(P)/NADPH interconversion	288.6687794544
PWY-5083: NAD(P)/NADPH interconversion|g__Escherichia.s__Escherichia_coli	256.1105016588
PWY-5083: NAD(P)/NADPH interconversion|unclassified	27.4052505751
PWY-7254: TCA cycle VII (acetate-producers)	286.7624006538
PWY-7254: TCA cycle VII (acetate-producers)|g__Escherichia.s__Escherichia_coli	274.8648086201
PWY-7184: pyrimidine deoxyribonucleotides de novo biosynthesis I	285.1646007180
PWY-7184: pyrimidine deoxyribonucleotides de novo biosynthesis I|g__Escherichia.s__Escherichia_coli	240.2572980390
SER-GLYSYN-PWY: superpathway of L-serine and glycine biosynthesis I	281.3000764588
SER-GLYSYN-PWY: superpathway of L-serine and glycine biosynthesis I|g__Escherichia.s__Escherichia_coli	243.1071095369
SER-GLYSYN-PWY: superpathway of L-serine and glycine biosynthesis I|unclassified	24.0082042153
HISTSYN-PWY: L-histidine biosynthesis	279.5983182115
HISTSYN-PWY: L-histidine biosynthesis|g__Escherichia.s__Escherichia_coli	186.9332878854
HISTSYN-PWY: L-histidine biosynthesis|unclassified	26.9176525635
HISTSYN-PWY: L-histidine biosynthesis|g__Cutibacterium.s__Cutibacterium_acnes	22.1431373794
POLYISOPRENSYN-PWY: polyisoprenoid biosynthesis (E. coli)	278.8409173571
POLYISOPRENSYN-PWY: polyisoprenoid biosynthesis (E. coli)|g__Escherichia.s__Escherichia_coli	245.7778884775
PWY-5100: pyruvate fermentation to acetate and lactate II	277.8038768346
PWY-5100: pyruvate fermentation to acetate and lactate II|g__Escherichia.s__Escherichia_coli	202.2900949652
PWY-5100: pyruvate fermentation to acetate and lactate II|unclassified	18.8071995133
NONMEVIPP-PWY: methylerythritol phosphate pathway I	277.0270826539
NONMEVIPP-PWY: methylerythritol phosphate pathway I|g__Escherichia.s__Escherichia_coli	191.7263396746
NONMEVIPP-PWY: methylerythritol phosphate pathway I|g__Cutibacterium.s__Cutibacterium_acnes	30.2672074884
PWY0-42: 2-methylcitrate cycle I	276.5952288173
PWY0-42: 2-methylcitrate cycle I|g__Escherichia.s__Escherichia_coli	220.3488587791
PWY0-42: 2-methylcitrate cycle I|unclassified	3.2040355938
PWY-7357: thiamine phosphate formation from pyrithiamine and oxythiamine (yeast)	275.2270019116
PWY-7357: thiamine phosphate formation from pyrithiamine and oxythiamine (yeast)|g__Escherichia.s__Escherichia_coli	239.5806328113
PWY-5384: sucrose degradation IV (sucrose phosphorylase)	273.0705047644
PWY-5384: sucrose degradation IV (sucrose phosphorylase)|g__Escherichia.s__Escherichia_coli	226.5795798431
PWY-5384: sucrose degradation IV (sucrose phosphorylase)|unclassified	27.9796348808
PWY0-1415: superpathway of heme b biosynthesis from uroporphyrinogen-III	272.4426456183
PWY0-1415: superpathway of heme b biosynthesis from uroporphyrinogen-III|g__Escherichia.s__Escherichia_coli	228.4691771186
PWY0-1415: superpathway of heme b biosynthesis from uroporphyrinogen-III|unclassified	17.0119568283
PWY-5690: TCA cycle II (plants and fungi)	272.3636661860
PWY-5690: TCA cycle II (plants and fungi)|g__Escherichia.s__Escherichia_coli	255.8196583058
HEME-BIOSYNTHESIS-II: heme b biosynthesis I (aerobic)	271.5117546101
HEME-BIOSYNTHESIS-II: heme b biosynthesis I (aerobic)|g__Escherichia.s__Escherichia_coli	207.1401206666
HEME-BIOSYNTHESIS-II: heme b biosynthesis I (aerobic)|g__Cutibacterium.s__Cutibacterium_acnes	32.0175574229
HEME-BIOSYNTHESIS-II: heme b biosynthesis I (aerobic)|unclassified	17.8465099909
PWY-6147: 6-hydroxymethyl-dihydropterin diphosphate biosynthesis I	270.7216743885
PWY-6147: 6-hydroxymethyl-dihydropterin diphosphate biosynthesis I|g__Escherichia.s__Escherichia_coli	214.3263053812
PWY-6147: 6-hydroxymethyl-dihydropterin diphosphate biosynthesis I|g__Cutibacterium.s__Cutibacterium_acnes	21.3923299380
PWY-6147: 6-hydroxymethyl-dihydropterin diphosphate biosynthesis I|unclassified	18.6664695948
PWY-5860: superpathway of demethylmenaquinol-6 biosynthesis I	270.6647235802
PWY-5860: superpathway of demethylmenaquinol-6 biosynthesis I|g__Escherichia.s__Escherichia_coli	231.9986736013
PWY-5862: superpathway of demethylmenaquinol-9 biosynthesis	270.6647235802
PWY-5862: superpathway of demethylmenaquinol-9 biosynthesis|g__Escherichia.s__Escherichia_coli	231.9986736013
PWY-7204: pyridoxal 5'-phosphate salvage II (plants)	266.6750283709
PWY-7204: pyridoxal 5'-phosphate salvage II (plants)|g__Escherichia.s__Escherichia_coli	250.8428869171
OANTIGEN-PWY: O-antigen building blocks biosynthesis (E. coli)	262.3822126379
OANTIGEN-PWY: O-antigen building blocks biosynthesis (E. coli)|g__Escherichia.s__Escherichia_coli	236.8481410835
PWY-7234: inosine-5'-phosphate biosynthesis III	261.3406006737
PWY-7234: inosine-5'-phosphate biosynthesis III|g__Escherichia.s__Escherichia_coli	209.7539720119
PWY-7323: superpathway of GDP-mannose-derived O-antigen building blocks biosynthesis	260.4217274600
PWY-7323: superpathway of GDP-mannose-derived O-antigen building blocks biosynthesis|g__Escherichia.s__Escherichia_coli	100.4905441755
PWY-7323: superpathway of GDP-mannose-derived O-antigen building blocks biosynthesis|unclassified	28.7267184169
PWY-7208: superpathway of pyrimidine nucleobases salvage	259.1438241001
PWY-7208: superpathway of pyrimidine nucleobases salvage|g__Escherichia.s__Escherichia_coli	197.5624084962
PWY-7208: superpathway of pyrimidine nucleobases salvage|g__Cutibacterium.s__Cutibacterium_acnes	34.5391863577
PWY-5747: 2-methylcitrate cycle II	258.6321332160
PWY-5747: 2-methylcitrate cycle II|g__Escherichia.s__Escherichia_coli	202.6742975654
PWY-5747: 2-methylcitrate cycle II|unclassified	2.6005839206
PWY-5837: 2-carboxy-1,4-naphthoquinol biosynthesis	257.1800580105
PWY-5837: 2-carboxy-1,4-naphthoquinol biosynthesis|g__Escherichia.s__Escherichia_coli	198.2667852630
PWY-6703: preQ0 biosynthesis	256.8902532220
PWY-6703: preQ0 biosynthesis|g__Escherichia.s__Escherichia_coli	232.9614372308
PWY-6124: inosine-5'-phosphate biosynthesis II	256.8688792906
PWY-6124: inosine-5'-phosphate biosynthesis II|g__Escherichia.s__Escherichia_coli	245.5882464154
PWY-6124: inosine-5'-phosphate biosynthesis II|unclassified	18.1910225738
COA-PWY: coenzyme A biosynthesis I (prokaryotic)	256.6087905929
COA-PWY: coenzyme A biosynthesis I (prokaryotic)|g__Escherichia.s__Escherichia_coli	209.8537339263
COA-PWY: coenzyme A biosynthesis I (prokaryotic)|g__Cutibacterium.s__Cutibacterium_acnes	35.0944708038
PWY-5920: superpathway of heme b biosynthesis from glycine	255.4646983938
PWY-5920: superpathway of heme b biosynthesis from glycine|g__Escherichia.s__Escherichia_coli	192.8455525037
PWY-5920: superpathway of heme b biosynthesis from glycine|unclassified	11.0852932515
PWY-7539: 6-hydroxymethyl-dihydropterin diphosphate biosynthesis III (Chlamydia)	254.8460268958
PWY-7539: 6-hydroxymethyl-dihydropterin diphosphate biosynthesis III (Chlamydia)|g__Escherichia.s__Escherichia_coli	197.8222442024
PWY-7539: 6-hydroxymethyl-dihydropterin diphosphate biosynthesis III (Chlamydia)|g__Cutibacterium.s__Cutibacterium_acnes	27.4599074610
PWY-7539: 6-hydroxymethyl-dihydropterin diphosphate biosynthesis III (Chlamydia)|unclassified	19.9580093527
DTDPRHAMSYN-PWY: dTDP-&beta;-L-rhamnose biosynthesis	246.0579674048
DTDPRHAMSYN-PWY: dTDP-&beta;-L-rhamnose biosynthesis|g__Escherichia.s__Escherichia_coli	231.8317947315
PWY0-166: superpathway of pyrimidine deoxyribonucleotides de novo biosynthesis (E. coli)	245.7387074409
PWY0-166: superpathway of pyrimidine deoxyribonucleotides de novo biosynthesis (E. coli)|g__Escherichia.s__Escherichia_coli	210.9771110045
PANTOSYN-PWY: superpathway of coenzyme A biosynthesis I (bacteria)	245.4067801357
PANTOSYN-PWY: superpathway of coenzyme A biosynthesis I (bacteria)|g__Escherichia.s__Escherichia_coli	214.5937739401
PWY-7115: C4 photosynthetic carbon assimilation cycle, NAD-ME type	244.2930886251
PWY-7115: C4 photosynthetic carbon assimilation cycle, NAD-ME type|g__Escherichia.s__Escherichia_coli	233.8081129947
PWY-6270: isoprene biosynthesis I	235.2514020094
PWY-6270: isoprene biosynthesis I|g__Escherichia.s__Escherichia_coli	164.0745521802
PWY-6270: isoprene biosynthesis I|g__Cutibacterium.s__Cutibacterium_acnes	25.1714317734
PWY0-1338: polymyxin resistance	230.8071968341
PWY0-1338: polymyxin resistance|g__Escherichia.s__Escherichia_coli	224.1994478400
PWY-7197: pyrimidine deoxyribonucleotide phosphorylation	228.9086054559
PWY-7197: pyrimidine deoxyribonucleotide phosphorylation|g__Escherichia.s__Escherichia_coli	176.1450718130
PWY-7197: pyrimidine deoxyribonucleotide phosphorylation|g__Cutibacterium.s__Cutibacterium_acnes	27.6035256593
PWY-7197: pyrimidine deoxyribonucleotide phosphorylation|unclassified	24.7620156557
FOLSYN-PWY: superpathway of tetrahydrofolate biosynthesis and salvage	224.8016457559
FOLSYN-PWY: superpathway of tetrahydrofolate biosynthesis and salvage|g__Escherichia.s__Escherichia_coli	205.0574695660
HCAMHPDEG-PWY: 3-phenylpropanoate and 3-(3-hydroxyphenyl)propanoate degradation to 2-hydroxypentadienoate	224.6961571393
HCAMHPDEG-PWY: 3-phenylpropanoate and 3-(3-hydroxyphenyl)propanoate degradation to 2-hydroxypentadienoate|g__Escherichia.s__Escherichia_coli	198.5104563395
HCAMHPDEG-PWY: 3-phenylpropanoate and 3-(3-hydroxyphenyl)propanoate degradation to 2-hydroxypentadienoate|unclassified	26.2303839969
PWY-6690: cinnamate and 3-hydroxycinnamate degradation to 2-hydroxypentadienoate	224.6961571393
PWY-6690: cinnamate and 3-hydroxycinnamate degradation to 2-hydroxypentadienoate|g__Escherichia.s__Escherichia_coli	198.5104563395
PWY-6690: cinnamate and 3-hydroxycinnamate degradation to 2-hydroxypentadienoate|unclassified	26.2303839969
PWY66-389: phytol degradation	220.3179833382
PWY66-389: phytol degradation|g__Escherichia.s__Escherichia_coli	205.9628460585
PWY66-389: phytol degradation|unclassified	6.1644659643
PWY-7315: dTDP-N-acetylthomosamine biosynthesis	218.5393582508
PWY-7315: dTDP-N-acetylthomosamine biosynthesis|g__Escherichia.s__Escherichia_coli	194.3590713598
PWY-5791	215.8900793384
PWY-5791|g__Escherichia.s__Escherichia_coli	198.2667852630
METHGLYUT-PWY: superpathway of methylglyoxal degradation	204.6272666396
METHGLYUT-PWY: superpathway of methylglyoxal degradation|g__Escherichia.s__Escherichia_coli	156.6272776933
PWY-6612: superpathway of tetrahydrofolate biosynthesis	198.5980807730
PWY-6612: superpathway of tetrahydrofolate biosynthesis|g__Escherichia.s__Escherichia_coli	182.9943743557
DENOVOPURINE2-PWY: superpathway of purine nucleotides de novo biosynthesis II	197.6652989764
DENOVOPURINE2-PWY: superpathway of purine nucleotides de novo biosynthesis II|g__Escherichia.s__Escherichia_coli	175.6274427363
GALACTUROCAT-PWY: D-galacturonate degradation I	197.6031982366
GALACTUROCAT-PWY: D-galacturonate degradation I|g__Escherichia.s__Escherichia_coli	192.0397601142
PWY-2723: trehalose degradation V	195.5546656125
PWY-2723: trehalose degradation V|g__Escherichia.s__Escherichia_coli	137.0568313304
PRPP-PWY: superpathway of histidine, purine, and pyrimidine biosynthesis	192.7117993413
PRPP-PWY: superpathway of histidine, purine, and pyrimidine biosynthesis|g__Escherichia.s__Escherichia_coli	173.1820759742
PWY-4242	179.4935039110
PWY-4242|g__Escherichia.s__Escherichia_coli	124.9642351127
PWY-4242|g__Cutibacterium.s__Cutibacterium_acnes	24.9241878706
PWY-7269: mitochondrial NADPH production (yeast)	178.0567282759
PWY-7269: mitochondrial NADPH production (yeast)|g__Escherichia.s__Escherichia_coli	170.7036782914
PWY0-1241: ADP-L-glycero-&beta;-D-manno-heptose biosynthesis	174.7384267389
PWY0-1241: ADP-L-glycero-&beta;-D-manno-heptose biosynthesis|g__Escherichia.s__Escherichia_coli	168.2446405513
PWY0-1241: ADP-L-glycero-&beta;-D-manno-heptose biosynthesis|unclassified	5.7408267578
RIBOSYN2-PWY: flavin biosynthesis I (bacteria and plants)	174.1368429026
RIBOSYN2-PWY: flavin biosynthesis I (bacteria and plants)|g__Escherichia.s__Escherichia_coli	148.4092725637
PWY-5497: purine nucleobases degradation II (anaerobic)	172.4263026070
PWY-5497: purine nucleobases degradation II (anaerobic)|g__Escherichia.s__Escherichia_coli	162.1654499494
PWY-5367: petroselinate biosynthesis	171.1346304305
PWY-5367: petroselinate biosynthesis|g__Escherichia.s__Escherichia_coli	169.2902774333
PWY-7242: D-fructuronate degradation	170.0306129738
PWY-7242: D-fructuronate degradation|g__Escherichia.s__Escherichia_coli	165.3892372454
PWY-6507: 4-deoxy-L-threo-hex-4-enopyranuronate degradation	158.7231026953
PWY-6507: 4-deoxy-L-threo-hex-4-enopyranuronate degradation|g__Escherichia.s__Escherichia_coli	152.0512661435
PWY-6588: pyruvate fermentation to acetone	158.1091948760
PWY-6588: pyruvate fermentation to acetone|g__Escherichia.s__Escherichia_coli	137.5132784861
PWY-6588: pyruvate fermentation to acetone|unclassified	10.0621947497
PWY-7237: myo-, chiro- and scyllo-inositol degradation	153.3109183298
PWY-7237: myo-, chiro- and scyllo-inositol degradation|g__Escherichia.s__Escherichia_coli	148.5053761604
PWY-7237: myo-, chiro- and scyllo-inositol degradation|unclassified	4.8055421694
UBISYN-PWY: superpathway of ubiquinol-8 biosynthesis (early decarboxylation)	149.8794602161
UBISYN-PWY: superpathway of ubiquinol-8 biosynthesis (early decarboxylation)|g__Escherichia.s__Escherichia_coli	139.3575536291
GALACT-GLUCUROCAT-PWY: superpathway of hexuronide and hexuronate degradation	145.2378389180
GALACT-GLUCUROCAT-PWY: superpathway of hexuronide and hexuronate degradation|g__Escherichia.s__Escherichia_coli	141.7580993734
PWY-7328: superpathway of UDP-glucose-derived O-antigen building blocks biosynthesis	140.1558470026
PWY-7328: superpathway of UDP-glucose-derived O-antigen building blocks biosynthesis|g__Escherichia.s__Escherichia_coli	114.6558252520
PWY-6708: ubiquinol-8 biosynthesis (early decarboxylation)	137.8997438160
PWY-6708: ubiquinol-8 biosynthesis (early decarboxylation)|g__Escherichia.s__Escherichia_coli	128.0744092294
PWY-7187: pyrimidine deoxyribonucleotides de novo biosynthesis II	134.7444627207
PWY-7187: pyrimidine deoxyribonucleotides de novo biosynthesis II|g__Escherichia.s__Escherichia_coli	124.5530620649
TRPSYN-PWY: L-tryptophan biosynthesis	134.2894661960
TRPSYN-PWY: L-tryptophan biosynthesis|g__Escherichia.s__Escherichia_coli	126.3062700705
PWY-5855: ubiquinol-7 biosynthesis (early decarboxylation)	134.2795077130
PWY-5855: ubiquinol-7 biosynthesis (early decarboxylation)|g__Escherichia.s__Escherichia_coli	125.2365996130
PWY-5856: ubiquinol-9 biosynthesis (early decarboxylation)	134.2795077130
PWY-5856: ubiquinol-9 biosynthesis (early decarboxylation)|g__Escherichia.s__Escherichia_coli	125.2365996130
PWY-5857: ubiquinol-10 biosynthesis (early decarboxylation)	134.2795077130
PWY-5857: ubiquinol-10 biosynthesis (early decarboxylation)|g__Escherichia.s__Escherichia_coli	125.2365996130
PWY-6630: superpathway of L-tyrosine biosynthesis	124.1085880882
PWY-6630: superpathway of L-tyrosine biosynthesis|g__Escherichia.s__Escherichia_coli	119.8704929760
PWY-6168: flavin biosynthesis III (fungi)	121.3019420411
PWY-6168: flavin biosynthesis III (fungi)|g__Escherichia.s__Escherichia_coli	115.7119615980
ECASYN-PWY: enterobacterial common antigen biosynthesis	118.5425526795
ECASYN-PWY: enterobacterial common antigen biosynthesis|g__Escherichia.s__Escherichia_coli	116.6913821501
PWY-5705: allantoin degradation to glyoxylate III	116.5593449610
PWY-5705: allantoin degradation to glyoxylate III|g__Escherichia.s__Escherichia_coli	98.7376856191
PWY-5705: allantoin degradation to glyoxylate III|unclassified	17.3613865922
PWY0-1061: superpathway of L-alanine biosynthesis	115.1592812901
PWY0-1061: superpathway of L-alanine biosynthesis|g__Escherichia.s__Escherichia_coli	109.5242152451
P108-PWY: pyruvate fermentation to propanoate I	111.5116321292
P122-PWY: heterolactic fermentation	109.1356780200
PWY-4321: L-glutamate degradation IV	108.3121035737
PWY-4321: L-glutamate degradation IV|g__Escherichia.s__Escherichia_coli	72.8253365600
PWY-4321: L-glutamate degradation IV|unclassified	19.7672059152
GLUCUROCAT-PWY: superpathway of &beta;-D-glucuronosides degradation	106.6162837302
GLUCUROCAT-PWY: superpathway of &beta;-D-glucuronosides degradation|g__Escherichia.s__Escherichia_coli	105.1438946933
LPSSYN-PWY: superpathway of lipopolysaccharide biosynthesis	98.9830574465
LPSSYN-PWY: superpathway of lipopolysaccharide biosynthesis|g__Escherichia.s__Escherichia_coli	96.1032661798
PWY-7209: superpathway of pyrimidine ribonucleosides degradation	98.8169253458
PWY-7209: superpathway of pyrimidine ribonucleosides degradation|g__Escherichia.s__Escherichia_coli	96.7827933533
PWY-7446: sulfoquinovose degradation I	98.5878544420
PWY-7446: sulfoquinovose degradation I|g__Escherichia.s__Escherichia_coli	98.5878544420
PPGPPMET-PWY: ppGpp metabolism	98.4038360739
PPGPPMET-PWY: ppGpp metabolism|g__Escherichia.s__Escherichia_coli	96.0715374921
PYRIDNUCSAL-PWY: NAD salvage pathway I (PNC VI cycle)	96.0170280862
P221-PWY: octane oxidation	90.5474789793
P221-PWY: octane oxidation|g__Escherichia.s__Escherichia_coli	81.5491198018
P221-PWY: octane oxidation|unclassified	4.9397076388
GLUDEG-I-PWY: GABA shunt	90.3206225120
GLUDEG-I-PWY: GABA shunt|g__Escherichia.s__Escherichia_coli	64.8398722868
GLUDEG-I-PWY: GABA shunt|unclassified	14.4945133410
PWY-7094: fatty acid salvage	85.3584139118
PWY-7094: fatty acid salvage|unclassified	52.8274221913
PWY-241: C4 photosynthetic carbon assimilation cycle, NADP-ME type	75.1654370357
PWY-6823: molybdopterin biosynthesis	73.2542272637
PWY-5005: biotin biosynthesis II	66.1641782166
KDO-NAGLIPASYN-PWY: superpathway of (Kdo)2-lipid A biosynthesis	65.9778885984
KDO-NAGLIPASYN-PWY: superpathway of (Kdo)2-lipid A biosynthesis|g__Escherichia.s__Escherichia_coli	64.2543686976
PWY-4981: L-proline biosynthesis II (from arginine)	53.1502970908
PWY-4981: L-proline biosynthesis II (from arginine)|g__Cutibacterium.s__Cutibacterium_acnes	31.6046801112
PWY-6467: Kdo transfer to lipid IVA III (Chlamydia)	50.5441702439
PWY-6467: Kdo transfer to lipid IVA III (Chlamydia)|g__Escherichia.s__Escherichia_coli	50.5441702439
PWY-7616: methanol oxidation to carbon dioxide	46.1341223313
GLYCOL-GLYOXDEG-PWY: superpathway of glycol metabolism and degradation	45.9179428356
GLYCOL-GLYOXDEG-PWY: superpathway of glycol metabolism and degradation|g__Escherichia.s__Escherichia_coli	38.1347568977
GLYCOL-GLYOXDEG-PWY: superpathway of glycol metabolism and degradation|unclassified	25.4332642738
PWY0-1533: methylphosphonate degradation I	44.9942961336
PWY0-1533: methylphosphonate degradation I|unclassified	7.6028041695
PWY0-41: allantoin degradation IV (anaerobic)	41.1443758873
PWY0-41: allantoin degradation IV (anaerobic)|g__Escherichia.s__Escherichia_coli	33.0251255213
PWY0-41: allantoin degradation IV (anaerobic)|unclassified	19.6827770427
PWY-7198: pyrimidine deoxyribonucleotides de novo biosynthesis IV	40.3459644858
PWY-7198: pyrimidine deoxyribonucleotides de novo biosynthesis IV|unclassified	18.9526737313
PWY-7409: phospholipid remodeling (phosphatidylethanolamine, yeast)	36.5565995969
HISDEG-PWY: L-histidine degradation I	35.8993006904
HISDEG-PWY: L-histidine degradation I|g__Cutibacterium.s__Cutibacterium_acnes	33.0219419013
PWY-5028: L-histidine degradation II	29.8766423303
PWY-5028: L-histidine degradation II|g__Cutibacterium.s__Cutibacterium_acnes	28.3510196637
PWY-5692: allantoin degradation to glyoxylate II	27.9597375282
PWY-5692: allantoin degradation to glyoxylate II|unclassified	17.3613865922
URDEGR-PWY: superpathway of allantoin degradation in plants	27.9597375282
URDEGR-PWY: superpathway of allantoin degradation in plants|unclassified	17.3613865922