# Pathway	COAD_noFFPEOnlyPrimaryNoRiboZeroG_CMS234_86random_1_Abundance
UNMAPPED	6164165.9599127769
UNINTEGRATED	1180986.5285196218
UNINTEGRATED|g__Escherichia.s__Escherichia_coli	776494.5034441138
UNINTEGRATED|unclassified	254694.4116956754
UNINTEGRATED|g__Cutibacterium.s__Cutibacterium_acnes	36876.5966023226
PWY0-1586: peptidoglycan maturation (meso-diaminopimelate containing)	1552.5680041962
PWY0-1586: peptidoglycan maturation (meso-diaminopimelate containing)|g__Escherichia.s__Escherichia_coli	1300.0954871994
PWY0-1586: peptidoglycan maturation (meso-diaminopimelate containing)|unclassified	226.2175750875
PWY-7111: pyruvate fermentation to isobutanol (engineered)	1033.9944187031
PWY-7111: pyruvate fermentation to isobutanol (engineered)|g__Escherichia.s__Escherichia_coli	987.3884072011
PWY-7111: pyruvate fermentation to isobutanol (engineered)|unclassified	97.5140507540
ILEUSYN-PWY: L-isoleucine biosynthesis I (from threonine)	918.5854614137
ILEUSYN-PWY: L-isoleucine biosynthesis I (from threonine)|g__Escherichia.s__Escherichia_coli	847.1953316672
VALSYN-PWY: L-valine biosynthesis	918.5854614137
VALSYN-PWY: L-valine biosynthesis|g__Escherichia.s__Escherichia_coli	847.1953316672
VALSYN-PWY: L-valine biosynthesis|unclassified	99.9876720802
P461-PWY: hexitol fermentation to lactate, formate, ethanol and acetate	784.8314289512
P461-PWY: hexitol fermentation to lactate, formate, ethanol and acetate|g__Escherichia.s__Escherichia_coli	720.8509092125
P461-PWY: hexitol fermentation to lactate, formate, ethanol and acetate|unclassified	23.1516497859
SALVADEHYPOX-PWY: adenosine nucleotides degradation II	748.5806232217
SALVADEHYPOX-PWY: adenosine nucleotides degradation II|g__Escherichia.s__Escherichia_coli	701.2067640067
SALVADEHYPOX-PWY: adenosine nucleotides degradation II|unclassified	47.1784732274
NONOXIPENT-PWY: pentose phosphate pathway (non-oxidative branch) I	723.4515137461
NONOXIPENT-PWY: pentose phosphate pathway (non-oxidative branch) I|g__Escherichia.s__Escherichia_coli	668.7163608489
NONOXIPENT-PWY: pentose phosphate pathway (non-oxidative branch) I|unclassified	51.1393887512
ORNDEG-PWY: superpathway of ornithine degradation	702.3394703889
ORNDEG-PWY: superpathway of ornithine degradation|g__Escherichia.s__Escherichia_coli	618.2465134159
ORNDEG-PWY: superpathway of ornithine degradation|unclassified	84.9339850090
PWY-1042: glycolysis IV	699.9276223497
PWY-1042: glycolysis IV|g__Escherichia.s__Escherichia_coli	605.7648895020
PWY-1042: glycolysis IV|unclassified	51.5775823386
PWY-5695: inosine 5'-phosphate degradation	678.9393459757
PWY-5695: inosine 5'-phosphate degradation|g__Escherichia.s__Escherichia_coli	635.3718804927
PWY-5695: inosine 5'-phosphate degradation|unclassified	58.6750052004
PWY-6608: guanosine nucleotides degradation III	678.9393459757
PWY-6608: guanosine nucleotides degradation III|g__Escherichia.s__Escherichia_coli	635.3718804927
PWY-6608: guanosine nucleotides degradation III|unclassified	43.4472835125
PWY-7663: gondoate biosynthesis (anaerobic)	662.5130520022
PWY-7663: gondoate biosynthesis (anaerobic)|g__Escherichia.s__Escherichia_coli	627.8330090533
PWY-7663: gondoate biosynthesis (anaerobic)|unclassified	26.9094428071
PWY-5913: partial TCA cycle (obligate autotrophs)	659.7980397499
PWY-5913: partial TCA cycle (obligate autotrophs)|g__Escherichia.s__Escherichia_coli	580.1034076046
PWY-5913: partial TCA cycle (obligate autotrophs)|unclassified	71.2043104311
CALVIN-PWY: Calvin-Benson-Bassham cycle	658.1719510915
CALVIN-PWY: Calvin-Benson-Bassham cycle|g__Escherichia.s__Escherichia_coli	606.9272971999
UDPNAGSYN-PWY: UDP-N-acetyl-D-glucosamine biosynthesis I	647.8065460936
UDPNAGSYN-PWY: UDP-N-acetyl-D-glucosamine biosynthesis I|g__Escherichia.s__Escherichia_coli	600.7361399797
UDPNAGSYN-PWY: UDP-N-acetyl-D-glucosamine biosynthesis I|unclassified	16.8958250495
BRANCHED-CHAIN-AA-SYN-PWY: superpathway of branched chain amino acid biosynthesis	634.5441746373
BRANCHED-CHAIN-AA-SYN-PWY: superpathway of branched chain amino acid biosynthesis|g__Escherichia.s__Escherichia_coli	482.3621550191
PWY0-1261: anhydromuropeptides recycling I	619.5153185201
PWY0-1261: anhydromuropeptides recycling I|g__Escherichia.s__Escherichia_coli	533.9928458935
PWY0-1261: anhydromuropeptides recycling I|unclassified	44.6754713169
PWY-6305: superpathway of putrescine biosynthesis	615.4358247006
PWY-6305: superpathway of putrescine biosynthesis|g__Escherichia.s__Escherichia_coli	574.2260000712
GLYCOLYSIS: glycolysis I (from glucose 6-phosphate)	615.0737852945
GLYCOLYSIS: glycolysis I (from glucose 6-phosphate)|g__Escherichia.s__Escherichia_coli	550.4352756909
PWY-5103: L-isoleucine biosynthesis III	606.1337432376
PWY-5103: L-isoleucine biosynthesis III|g__Escherichia.s__Escherichia_coli	440.7595349459
PWY-4041: &gamma;-glutamyl cycle	606.0381944261
PWY-4041: &gamma;-glutamyl cycle|g__Escherichia.s__Escherichia_coli	542.3354625193
PWY-4041: &gamma;-glutamyl cycle|unclassified	63.5219214588
ANAGLYCOLYSIS-PWY: glycolysis III (from glucose)	595.9196664184
ANAGLYCOLYSIS-PWY: glycolysis III (from glucose)|g__Escherichia.s__Escherichia_coli	541.6488578662
RHAMCAT-PWY: L-rhamnose degradation I	579.2961715757
RHAMCAT-PWY: L-rhamnose degradation I|g__Escherichia.s__Escherichia_coli	458.3064328417
RHAMCAT-PWY: L-rhamnose degradation I|unclassified	52.3064611261
PWY-6353: purine nucleotides degradation II (aerobic)	576.4780981951
PWY-6353: purine nucleotides degradation II (aerobic)|g__Escherichia.s__Escherichia_coli	519.4768072682
PWY-6353: purine nucleotides degradation II (aerobic)|unclassified	31.6757563791
PWY-6737: starch degradation V	573.5037655993
PWY-6737: starch degradation V|g__Escherichia.s__Escherichia_coli	469.7049147615
PWY-6737: starch degradation V|unclassified	88.6941779461
PWY-5484: glycolysis II (from fructose 6-phosphate)	570.3100120231
PWY-5484: glycolysis II (from fructose 6-phosphate)|g__Escherichia.s__Escherichia_coli	495.8674128644
HEXITOLDEGSUPER-PWY: superpathway of hexitol degradation (bacteria)	570.0373334337
HEXITOLDEGSUPER-PWY: superpathway of hexitol degradation (bacteria)|g__Escherichia.s__Escherichia_coli	494.1451362352
HOMOSER-METSYN-PWY: L-methionine biosynthesis I	559.6768225209
HOMOSER-METSYN-PWY: L-methionine biosynthesis I|g__Escherichia.s__Escherichia_coli	490.7576432505
HOMOSER-METSYN-PWY: L-methionine biosynthesis I|unclassified	79.1593999611
PWY-5347: superpathway of L-methionine biosynthesis (transsulfuration)	557.0624083452
PWY-5347: superpathway of L-methionine biosynthesis (transsulfuration)|g__Escherichia.s__Escherichia_coli	483.2506237548
PWY-5347: superpathway of L-methionine biosynthesis (transsulfuration)|unclassified	66.8665904107
PWY-7388: octanoyl-[acyl-carrier protein] biosynthesis (mitochondria, yeast)	550.6297305893
PWY-7388: octanoyl-[acyl-carrier protein] biosynthesis (mitochondria, yeast)|g__Escherichia.s__Escherichia_coli	508.4615552582
PWY-7388: octanoyl-[acyl-carrier protein] biosynthesis (mitochondria, yeast)|unclassified	19.6176689030
METSYN-PWY: superpathway of L-homoserine and L-methionine biosynthesis	549.9558050466
METSYN-PWY: superpathway of L-homoserine and L-methionine biosynthesis|g__Escherichia.s__Escherichia_coli	473.3437169565
METSYN-PWY: superpathway of L-homoserine and L-methionine biosynthesis|unclassified	71.1282012985
GLYCOLYSIS-TCA-GLYOX-BYPASS: superpathway of glycolysis, pyruvate dehydrogenase, TCA, and glyoxylate bypass	541.4391537505
GLYCOLYSIS-TCA-GLYOX-BYPASS: superpathway of glycolysis, pyruvate dehydrogenase, TCA, and glyoxylate bypass|g__Escherichia.s__Escherichia_coli	494.3548110691
PWY-6936: seleno-amino acid biosynthesis (plants)	541.3258098022
PWY-6936: seleno-amino acid biosynthesis (plants)|g__Escherichia.s__Escherichia_coli	481.9629785898
PWY-6936: seleno-amino acid biosynthesis (plants)|unclassified	30.7012307800
ARGSYN-PWY: L-arginine biosynthesis I (via L-ornithine)	540.5884968664
ARGSYN-PWY: L-arginine biosynthesis I (via L-ornithine)|g__Escherichia.s__Escherichia_coli	486.0370124479
ARGSYN-PWY: L-arginine biosynthesis I (via L-ornithine)|unclassified	34.2141021298
ARGSYNBSUB-PWY: L-arginine biosynthesis II (acetyl cycle)	539.3861925906
ARGSYNBSUB-PWY: L-arginine biosynthesis II (acetyl cycle)|g__Escherichia.s__Escherichia_coli	483.3869009346
ARGSYNBSUB-PWY: L-arginine biosynthesis II (acetyl cycle)|unclassified	21.7010278124
PWY-6606: guanosine nucleotides degradation II	536.8783843648
PWY-6606: guanosine nucleotides degradation II|g__Escherichia.s__Escherichia_coli	514.4874573215
PWY-6606: guanosine nucleotides degradation II|unclassified	20.8996724896
PWY-5154: L-arginine biosynthesis III (via N-acetyl-L-citrulline)	536.6678853292
PWY-5154: L-arginine biosynthesis III (via N-acetyl-L-citrulline)|g__Escherichia.s__Escherichia_coli	487.9558207281
PWY-5154: L-arginine biosynthesis III (via N-acetyl-L-citrulline)|unclassified	14.0805480569
ASPASN-PWY: superpathway of L-aspartate and L-asparagine biosynthesis	534.5077510982
ASPASN-PWY: superpathway of L-aspartate and L-asparagine biosynthesis|g__Escherichia.s__Escherichia_coli	521.8544488173
PWY-7400: L-arginine biosynthesis IV (archaebacteria)	534.3842884734
PWY-7400: L-arginine biosynthesis IV (archaebacteria)|g__Escherichia.s__Escherichia_coli	480.2941083687
PWY-7400: L-arginine biosynthesis IV (archaebacteria)|unclassified	34.2100233663
PWY-5723: Rubisco shunt	531.9610166572
PWY-5723: Rubisco shunt|g__Escherichia.s__Escherichia_coli	440.2570219841
PWY-5723: Rubisco shunt|unclassified	39.6402387629
MET-SAM-PWY: superpathway of S-adenosyl-L-methionine biosynthesis	531.3374007219
MET-SAM-PWY: superpathway of S-adenosyl-L-methionine biosynthesis|g__Escherichia.s__Escherichia_coli	453.0121485424
MET-SAM-PWY: superpathway of S-adenosyl-L-methionine biosynthesis|unclassified	65.4680066232
PWY-3001: superpathway of L-isoleucine biosynthesis I	530.3796512249
PWY-3001: superpathway of L-isoleucine biosynthesis I|g__Escherichia.s__Escherichia_coli	439.7995484926
PWY-7117: C4 photosynthetic carbon assimilation cycle, PEPCK type	529.3496318248
PWY-7117: C4 photosynthetic carbon assimilation cycle, PEPCK type|g__Escherichia.s__Escherichia_coli	466.4417553206
PWY-7117: C4 photosynthetic carbon assimilation cycle, PEPCK type|unclassified	57.5873147845
P161-PWY: acetylene degradation (anaerobic)	520.4147725679
P161-PWY: acetylene degradation (anaerobic)|g__Escherichia.s__Escherichia_coli	501.2836517249
PWY-5104: L-isoleucine biosynthesis IV	517.3806939692
PWY-5104: L-isoleucine biosynthesis IV|g__Escherichia.s__Escherichia_coli	377.9333160816
PWY-5104: L-isoleucine biosynthesis IV|unclassified	85.2285721697
TCA: TCA cycle I (prokaryotic)	511.7806043738
TCA: TCA cycle I (prokaryotic)|g__Escherichia.s__Escherichia_coli	473.2176638730
PWY-6385: peptidoglycan biosynthesis III (mycobacteria)	511.4534910004
PWY-6385: peptidoglycan biosynthesis III (mycobacteria)|g__Escherichia.s__Escherichia_coli	484.2374696185
PWY-6122: 5-aminoimidazole ribonucleotide biosynthesis II	510.7866979845
PWY-6122: 5-aminoimidazole ribonucleotide biosynthesis II|g__Escherichia.s__Escherichia_coli	382.5587155160
PWY-6122: 5-aminoimidazole ribonucleotide biosynthesis II|unclassified	102.4804615105
PWY-6277: superpathway of 5-aminoimidazole ribonucleotide biosynthesis	510.7866979845
PWY-6277: superpathway of 5-aminoimidazole ribonucleotide biosynthesis|g__Escherichia.s__Escherichia_coli	382.5587155160
PWY-6277: superpathway of 5-aminoimidazole ribonucleotide biosynthesis|unclassified	102.4804615105
GLYCOGENSYNTH-PWY: glycogen biosynthesis I (from ADP-D-Glucose)	509.3057997253
GLYCOGENSYNTH-PWY: glycogen biosynthesis I (from ADP-D-Glucose)|g__Escherichia.s__Escherichia_coli	418.6291890374
GLYCOGENSYNTH-PWY: glycogen biosynthesis I (from ADP-D-Glucose)|unclassified	8.5764432432
PENTOSE-P-PWY: pentose phosphate pathway	509.1911761045
PENTOSE-P-PWY: pentose phosphate pathway|g__Escherichia.s__Escherichia_coli	423.7497386840
PENTOSE-P-PWY: pentose phosphate pathway|unclassified	45.3773287682
ARG+POLYAMINE-SYN: superpathway of arginine and polyamine biosynthesis	506.3179968705
ARG+POLYAMINE-SYN: superpathway of arginine and polyamine biosynthesis|g__Escherichia.s__Escherichia_coli	468.6414324256
ARG+POLYAMINE-SYN: superpathway of arginine and polyamine biosynthesis|unclassified	25.5989388449
P441-PWY: superpathway of N-acetylneuraminate degradation	497.3185137533
P441-PWY: superpathway of N-acetylneuraminate degradation|g__Escherichia.s__Escherichia_coli	466.8189922253
PWY0-1296: purine ribonucleosides degradation	494.7057394274
PWY0-1296: purine ribonucleosides degradation|g__Escherichia.s__Escherichia_coli	467.4585691595
PWY0-1296: purine ribonucleosides degradation|unclassified	25.8129218799
PWY-6387: UDP-N-acetylmuramoyl-pentapeptide biosynthesis I (meso-diaminopimelate containing)	493.0498871925
PWY-6387: UDP-N-acetylmuramoyl-pentapeptide biosynthesis I (meso-diaminopimelate containing)|g__Escherichia.s__Escherichia_coli	466.4255821292
GLYCOLYSIS-E-D: superpathway of glycolysis and the Entner-Doudoroff pathway	489.4309320209
GLYCOLYSIS-E-D: superpathway of glycolysis and the Entner-Doudoroff pathway|g__Escherichia.s__Escherichia_coli	400.4645464033
TCA-GLYOX-BYPASS: superpathway of glyoxylate bypass and TCA	483.5501086697
TCA-GLYOX-BYPASS: superpathway of glyoxylate bypass and TCA|g__Escherichia.s__Escherichia_coli	448.6451193825
PWY-6121: 5-aminoimidazole ribonucleotide biosynthesis I	480.6956159182
PWY-6121: 5-aminoimidazole ribonucleotide biosynthesis I|g__Escherichia.s__Escherichia_coli	367.7796430906
PWY-6121: 5-aminoimidazole ribonucleotide biosynthesis I|unclassified	23.7170552964
PWY-5675: nitrate reduction V (assimilatory)	480.3088837537
PWY-5675: nitrate reduction V (assimilatory)|g__Escherichia.s__Escherichia_coli	419.2845893350
PWY-5675: nitrate reduction V (assimilatory)|unclassified	59.0990703346
POLYAMSYN-PWY: superpathway of polyamine biosynthesis I	476.8161179866
POLYAMSYN-PWY: superpathway of polyamine biosynthesis I|g__Escherichia.s__Escherichia_coli	453.2404923957
POLYAMSYN-PWY: superpathway of polyamine biosynthesis I|unclassified	53.0876311832
PEPTIDOGLYCANSYN-PWY: peptidoglycan biosynthesis I (meso-diaminopimelate containing)	475.3163449016
PEPTIDOGLYCANSYN-PWY: peptidoglycan biosynthesis I (meso-diaminopimelate containing)|g__Escherichia.s__Escherichia_coli	449.5564192832
GLUTORN-PWY: L-ornithine biosynthesis I	468.7031806498
GLUTORN-PWY: L-ornithine biosynthesis I|g__Escherichia.s__Escherichia_coli	424.4920224847
GLUTORN-PWY: L-ornithine biosynthesis I|unclassified	37.0662651483
GLUCONEO-PWY: gluconeogenesis I	465.6115661660
GLUCONEO-PWY: gluconeogenesis I|g__Escherichia.s__Escherichia_coli	415.6814001939
FERMENTATION-PWY: mixed acid fermentation	462.7840932983
FERMENTATION-PWY: mixed acid fermentation|g__Escherichia.s__Escherichia_coli	428.9006556391
PWY-7220: adenosine deoxyribonucleotides de novo biosynthesis II	458.6995227392
PWY-7220: adenosine deoxyribonucleotides de novo biosynthesis II|g__Escherichia.s__Escherichia_coli	382.9103553846
PWY-7220: adenosine deoxyribonucleotides de novo biosynthesis II|unclassified	41.8680127307
PWY-7220: adenosine deoxyribonucleotides de novo biosynthesis II|g__Cutibacterium.s__Cutibacterium_acnes	27.4878092579
PWY-7222: guanosine deoxyribonucleotides de novo biosynthesis II	458.6995227392
PWY-7222: guanosine deoxyribonucleotides de novo biosynthesis II|g__Escherichia.s__Escherichia_coli	382.9103553846
PWY-7222: guanosine deoxyribonucleotides de novo biosynthesis II|unclassified	41.8680127307
PWY-7222: guanosine deoxyribonucleotides de novo biosynthesis II|g__Cutibacterium.s__Cutibacterium_acnes	27.4878092579
THRESYN-PWY: superpathway of L-threonine biosynthesis	453.6500070664
THRESYN-PWY: superpathway of L-threonine biosynthesis|g__Escherichia.s__Escherichia_coli	405.2844561481
FASYN-ELONG-PWY: fatty acid elongation -- saturated	453.0546410224
FASYN-ELONG-PWY: fatty acid elongation -- saturated|g__Escherichia.s__Escherichia_coli	420.3117747749
FASYN-ELONG-PWY: fatty acid elongation -- saturated|unclassified	18.7757047228
GLCMANNANAUT-PWY: superpathway of N-acetylglucosamine, N-acetylmannosamine and N-acetylneuraminate degradation	445.7594092427
GLCMANNANAUT-PWY: superpathway of N-acetylglucosamine, N-acetylmannosamine and N-acetylneuraminate degradation|g__Escherichia.s__Escherichia_coli	400.3687677969
TRNA-CHARGING-PWY: tRNA charging	440.7721584200
TRNA-CHARGING-PWY: tRNA charging|g__Escherichia.s__Escherichia_coli	355.4379465783
PWY-7228: superpathway of guanosine nucleotides de novo biosynthesis I	440.2512716540
PWY-7228: superpathway of guanosine nucleotides de novo biosynthesis I|g__Escherichia.s__Escherichia_coli	367.6079505035
PWY-7228: superpathway of guanosine nucleotides de novo biosynthesis I|unclassified	36.5465042014
PWY-7228: superpathway of guanosine nucleotides de novo biosynthesis I|g__Cutibacterium.s__Cutibacterium_acnes	20.9332885547
PWY-5971: palmitate biosynthesis (type II fatty acid synthase)	437.1566761783
PWY-5971: palmitate biosynthesis (type II fatty acid synthase)|g__Escherichia.s__Escherichia_coli	407.2526396101
GLYCOCAT-PWY: glycogen degradation I	437.1204007454
GLYCOCAT-PWY: glycogen degradation I|g__Escherichia.s__Escherichia_coli	386.6469102017
PHOSLIPSYN-PWY: superpathway of phospholipid biosynthesis I (bacteria)	434.4160129550
PHOSLIPSYN-PWY: superpathway of phospholipid biosynthesis I (bacteria)|g__Escherichia.s__Escherichia_coli	370.2090780567
PHOSLIPSYN-PWY: superpathway of phospholipid biosynthesis I (bacteria)|unclassified	46.6306294336
PWY-6386: UDP-N-acetylmuramoyl-pentapeptide biosynthesis II (lysine-containing)	433.3873801968
PWY-6386: UDP-N-acetylmuramoyl-pentapeptide biosynthesis II (lysine-containing)|g__Escherichia.s__Escherichia_coli	406.5233575570
PWY0-1297: superpathway of purine deoxyribonucleosides degradation	431.7759579226
PWY0-1297: superpathway of purine deoxyribonucleosides degradation|g__Escherichia.s__Escherichia_coli	417.9548619805
PWY-5667: CDP-diacylglycerol biosynthesis I	429.0549577426
PWY-5667: CDP-diacylglycerol biosynthesis I|g__Escherichia.s__Escherichia_coli	387.7785208289
PWY-5667: CDP-diacylglycerol biosynthesis I|unclassified	52.2742942554
PWY0-1319: CDP-diacylglycerol biosynthesis II	429.0549577426
PWY0-1319: CDP-diacylglycerol biosynthesis II|g__Escherichia.s__Escherichia_coli	387.7785208289
PWY0-1319: CDP-diacylglycerol biosynthesis II|unclassified	52.2742942554
PWY-7664: oleate biosynthesis IV (anaerobic)	424.2072156450
PWY-7664: oleate biosynthesis IV (anaerobic)|g__Escherichia.s__Escherichia_coli	394.6285700696
PWY-7664: oleate biosynthesis IV (anaerobic)|unclassified	15.7212100725
PWY-5189: tetrapyrrole biosynthesis II (from glycine)	423.8069599013
PWY-5189: tetrapyrrole biosynthesis II (from glycine)|g__Escherichia.s__Escherichia_coli	395.9402919209
PWY-5189: tetrapyrrole biosynthesis II (from glycine)|unclassified	8.3727095579
PWY-5173	418.7011582449
PWY-5173|g__Escherichia.s__Escherichia_coli	335.7674574984
PWY-5173|unclassified	63.3940288679
PWY-5188: tetrapyrrole biosynthesis I (from glutamate)	417.6000456096
PWY-5188: tetrapyrrole biosynthesis I (from glutamate)|g__Escherichia.s__Escherichia_coli	381.7597473730
PWY-5188: tetrapyrrole biosynthesis I (from glutamate)|unclassified	20.0234825343
PWY-6609: adenine and adenosine salvage III	415.2103422810
PWY-6609: adenine and adenosine salvage III|g__Escherichia.s__Escherichia_coli	386.5046596019
PWY-6123: inosine-5'-phosphate biosynthesis I	415.0494721044
PWY-6123: inosine-5'-phosphate biosynthesis I|g__Escherichia.s__Escherichia_coli	364.5529102503
PWY-6123: inosine-5'-phosphate biosynthesis I|unclassified	27.8172398954
PWY-6123: inosine-5'-phosphate biosynthesis I|g__Cutibacterium.s__Cutibacterium_acnes	12.2698302810
PWY4LZ-257: superpathway of fermentation (Chlamydomonas reinhardtii)	414.1052638569
PWY4LZ-257: superpathway of fermentation (Chlamydomonas reinhardtii)|g__Escherichia.s__Escherichia_coli	338.9915821078
FASYN-INITIAL-PWY: superpathway of fatty acid biosynthesis initiation (E. coli)	412.3308596540
FASYN-INITIAL-PWY: superpathway of fatty acid biosynthesis initiation (E. coli)|g__Escherichia.s__Escherichia_coli	353.8306379370
FASYN-INITIAL-PWY: superpathway of fatty acid biosynthesis initiation (E. coli)|unclassified	39.7272746823
ARGDEG-PWY: superpathway of L-arginine, putrescine, and 4-aminobutanoate degradation	412.0533257386
ARGDEG-PWY: superpathway of L-arginine, putrescine, and 4-aminobutanoate degradation|g__Escherichia.s__Escherichia_coli	370.6746245346
ARGDEG-PWY: superpathway of L-arginine, putrescine, and 4-aminobutanoate degradation|unclassified	17.4725753922
ORNARGDEG-PWY: superpathway of L-arginine and L-ornithine degradation	412.0533257386
ORNARGDEG-PWY: superpathway of L-arginine and L-ornithine degradation|g__Escherichia.s__Escherichia_coli	370.6746245346
ORNARGDEG-PWY: superpathway of L-arginine and L-ornithine degradation|unclassified	17.4725753922
PWY-6519: 8-amino-7-oxononanoate biosynthesis I	411.9056684435
PWY-6519: 8-amino-7-oxononanoate biosynthesis I|g__Escherichia.s__Escherichia_coli	377.3715527482
PWY-6519: 8-amino-7-oxononanoate biosynthesis I|unclassified	20.7411644959
FUC-RHAMCAT-PWY: superpathway of fucose and rhamnose degradation	410.5715831620
FUC-RHAMCAT-PWY: superpathway of fucose and rhamnose degradation|g__Escherichia.s__Escherichia_coli	351.7640738801
FUC-RHAMCAT-PWY: superpathway of fucose and rhamnose degradation|unclassified	35.9984656609
PWY-6282: palmitoleate biosynthesis I (from (5Z)-dodec-5-enoate)	403.3790950419
PWY-6282: palmitoleate biosynthesis I (from (5Z)-dodec-5-enoate)|g__Escherichia.s__Escherichia_coli	373.9190106011
PWY-6282: palmitoleate biosynthesis I (from (5Z)-dodec-5-enoate)|unclassified	16.3108786212
PWY0-1298: superpathway of pyrimidine deoxyribonucleosides degradation	401.2881665776
PWY0-1298: superpathway of pyrimidine deoxyribonucleosides degradation|g__Escherichia.s__Escherichia_coli	385.9796767003
NAGLIPASYN-PWY: lipid IVA biosynthesis (E. coli)	396.4042735953
NAGLIPASYN-PWY: lipid IVA biosynthesis (E. coli)|g__Escherichia.s__Escherichia_coli	381.4566676017
PWY-7221: guanosine ribonucleotides de novo biosynthesis	393.9871633730
PWY-7221: guanosine ribonucleotides de novo biosynthesis|g__Escherichia.s__Escherichia_coli	329.1062082576
PWY-7221: guanosine ribonucleotides de novo biosynthesis|unclassified	31.4754852488
PWY-7221: guanosine ribonucleotides de novo biosynthesis|g__Cutibacterium.s__Cutibacterium_acnes	18.3533050581
PWY0-862: (5Z)-dodecenoate biosynthesis I	391.0113093208
PWY0-862: (5Z)-dodecenoate biosynthesis I|g__Escherichia.s__Escherichia_coli	364.8989722972
PWY0-862: (5Z)-dodecenoate biosynthesis I|unclassified	12.9189466211
FUCCAT-PWY: fucose degradation	390.5678796617
FUCCAT-PWY: fucose degradation|g__Escherichia.s__Escherichia_coli	333.9129538531
FUCCAT-PWY: fucose degradation|unclassified	25.7636304447
BIOTIN-BIOSYNTHESIS-PWY: biotin biosynthesis I	386.4280249752
BIOTIN-BIOSYNTHESIS-PWY: biotin biosynthesis I|g__Escherichia.s__Escherichia_coli	346.8456874464
BIOTIN-BIOSYNTHESIS-PWY: biotin biosynthesis I|unclassified	23.2048567386
PWY-6151: S-adenosyl-L-methionine salvage I	383.7173795211
PWY-6151: S-adenosyl-L-methionine salvage I|g__Escherichia.s__Escherichia_coli	348.7236304652
PWY-6151: S-adenosyl-L-methionine salvage I|unclassified	25.1451239327
GALACTARDEG-PWY: D-galactarate degradation I	381.2719867063
GALACTARDEG-PWY: D-galactarate degradation I|g__Escherichia.s__Escherichia_coli	338.3755117662
GALACTARDEG-PWY: D-galactarate degradation I|unclassified	37.0886323119
GLUCARGALACTSUPER-PWY: superpathway of D-glucarate and D-galactarate degradation	381.2719867063
GLUCARGALACTSUPER-PWY: superpathway of D-glucarate and D-galactarate degradation|g__Escherichia.s__Escherichia_coli	338.3755117662
GLUCARGALACTSUPER-PWY: superpathway of D-glucarate and D-galactarate degradation|unclassified	37.0886323119
PWY-1269: CMP-3-deoxy-D-manno-octulosonate biosynthesis	380.3932367734
PWY-1269: CMP-3-deoxy-D-manno-octulosonate biosynthesis|g__Escherichia.s__Escherichia_coli	327.1637360553
PWY-1269: CMP-3-deoxy-D-manno-octulosonate biosynthesis|unclassified	27.0288171481
ANAEROFRUCAT-PWY: homolactic fermentation	378.2453573451
ANAEROFRUCAT-PWY: homolactic fermentation|g__Escherichia.s__Escherichia_coli	293.2408114386
PWY-6125: superpathway of guanosine nucleotides de novo biosynthesis II	378.1587638817
PWY-6125: superpathway of guanosine nucleotides de novo biosynthesis II|g__Escherichia.s__Escherichia_coli	334.6611435377
PWY-6125: superpathway of guanosine nucleotides de novo biosynthesis II|unclassified	20.9981493726
COMPLETE-ARO-PWY: superpathway of aromatic amino acid biosynthesis	377.9995953845
COMPLETE-ARO-PWY: superpathway of aromatic amino acid biosynthesis|g__Escherichia.s__Escherichia_coli	329.1313924541
PWY-6285: superpathway of fatty acids biosynthesis (E. coli)	376.8006264483
PWY-6285: superpathway of fatty acids biosynthesis (E. coli)|g__Escherichia.s__Escherichia_coli	354.0818750849
PWY-5989: stearate biosynthesis II (bacteria and plants)	374.8294729616
PWY-5989: stearate biosynthesis II (bacteria and plants)|g__Escherichia.s__Escherichia_coli	350.9341502923
PWY-5989: stearate biosynthesis II (bacteria and plants)|unclassified	6.9788722100
PWY-2942: L-lysine biosynthesis III	372.7370300337
PWY-2942: L-lysine biosynthesis III|g__Escherichia.s__Escherichia_coli	324.5092343229
PYRIDOXSYN-PWY: pyridoxal 5'-phosphate biosynthesis I	371.2395414067
PYRIDOXSYN-PWY: pyridoxal 5'-phosphate biosynthesis I|g__Escherichia.s__Escherichia_coli	297.4467034348
PYRIDOXSYN-PWY: pyridoxal 5'-phosphate biosynthesis I|unclassified	57.0572637012
GLYOXYLATE-BYPASS: glyoxylate cycle	368.6866744376
GLYOXYLATE-BYPASS: glyoxylate cycle|g__Escherichia.s__Escherichia_coli	344.4378571734
PWY-4702: phytate degradation I	367.4920975462
PWY-4702: phytate degradation I|g__Escherichia.s__Escherichia_coli	338.4309861600
PWY-7282: 4-amino-2-methyl-5-diphosphomethylpyrimidine biosynthesis II	367.0892230632
PWY-7282: 4-amino-2-methyl-5-diphosphomethylpyrimidine biosynthesis II|g__Escherichia.s__Escherichia_coli	309.0146917294
ARO-PWY: chorismate biosynthesis I	363.6590425630
ARO-PWY: chorismate biosynthesis I|g__Escherichia.s__Escherichia_coli	320.1023325503
1CMET2-PWY: folate transformations III (E. coli)	352.1619822208
1CMET2-PWY: folate transformations III (E. coli)|g__Escherichia.s__Escherichia_coli	324.2620982830
PWY-5973: cis-vaccenate biosynthesis	349.7461234615
PWY-5973: cis-vaccenate biosynthesis|g__Escherichia.s__Escherichia_coli	326.6090546608
PWY-5973: cis-vaccenate biosynthesis|unclassified	13.8730004783
PWY4FS-7: phosphatidylglycerol biosynthesis I (plastidic)	348.9375409253
PWY4FS-7: phosphatidylglycerol biosynthesis I (plastidic)|g__Escherichia.s__Escherichia_coli	301.4301887119
PWY4FS-7: phosphatidylglycerol biosynthesis I (plastidic)|unclassified	42.9240883526
PWY4FS-8: phosphatidylglycerol biosynthesis II (non-plastidic)	348.9375409253
PWY4FS-8: phosphatidylglycerol biosynthesis II (non-plastidic)|g__Escherichia.s__Escherichia_coli	301.4301887119
PWY4FS-8: phosphatidylglycerol biosynthesis II (non-plastidic)|unclassified	42.9240883526
PWY-841: superpathway of purine nucleotides de novo biosynthesis I	345.8060789432
PWY-841: superpathway of purine nucleotides de novo biosynthesis I|g__Escherichia.s__Escherichia_coli	300.4184200192
PWY-6892: thiazole component of thiamine diphosphate biosynthesis I	345.7641442432
PWY-6892: thiazole component of thiamine diphosphate biosynthesis I|g__Escherichia.s__Escherichia_coli	314.7338562811
PWY-5097: L-lysine biosynthesis VI	341.9104517643
PWY-5097: L-lysine biosynthesis VI|g__Escherichia.s__Escherichia_coli	271.8529579597
PWY-5838: superpathway of menaquinol-8 biosynthesis I	341.7122198341
PWY-5838: superpathway of menaquinol-8 biosynthesis I|g__Escherichia.s__Escherichia_coli	306.3698600252
PWY-7219: adenosine ribonucleotides de novo biosynthesis	341.4083733236
PWY-7219: adenosine ribonucleotides de novo biosynthesis|g__Escherichia.s__Escherichia_coli	290.3854273666
PWY-7219: adenosine ribonucleotides de novo biosynthesis|unclassified	32.9076206096
PWY-7219: adenosine ribonucleotides de novo biosynthesis|g__Cutibacterium.s__Cutibacterium_acnes	15.3939294448
SO4ASSIM-PWY: assimilatory sulfate reduction I	336.9393048427
SO4ASSIM-PWY: assimilatory sulfate reduction I|g__Escherichia.s__Escherichia_coli	325.6977054425
SO4ASSIM-PWY: assimilatory sulfate reduction I|unclassified	26.0393039237
PWY-724: superpathway of L-lysine, L-threonine and L-methionine biosynthesis II	336.6655380937
PWY-724: superpathway of L-lysine, L-threonine and L-methionine biosynthesis II|g__Escherichia.s__Escherichia_coli	282.7347498276
PWY-5897: superpathway of menaquinol-11 biosynthesis	335.4924773681
PWY-5897: superpathway of menaquinol-11 biosynthesis|g__Escherichia.s__Escherichia_coli	297.7493532877
PWY-5898: superpathway of menaquinol-12 biosynthesis	335.4924773681
PWY-5898: superpathway of menaquinol-12 biosynthesis|g__Escherichia.s__Escherichia_coli	297.7493532877
PWY-5899: superpathway of menaquinol-13 biosynthesis	335.4924773681
PWY-5899: superpathway of menaquinol-13 biosynthesis|g__Escherichia.s__Escherichia_coli	297.7493532877
FAO-PWY: fatty acid &beta;-oxidation I (generic)	335.1304185194
FAO-PWY: fatty acid &beta;-oxidation I (generic)|g__Escherichia.s__Escherichia_coli	318.5776541277
FAO-PWY: fatty acid &beta;-oxidation I (generic)|unclassified	56.2007063558
PWY0-845: superpathway of pyridoxal 5'-phosphate biosynthesis and salvage	332.7235579731
PWY0-845: superpathway of pyridoxal 5'-phosphate biosynthesis and salvage|g__Escherichia.s__Escherichia_coli	252.9824553386
PWY0-845: superpathway of pyridoxal 5'-phosphate biosynthesis and salvage|unclassified	73.3486966024
PWY-6803: phosphatidylcholine acyl editing	331.5308985904
PWY-6803: phosphatidylcholine acyl editing|g__Escherichia.s__Escherichia_coli	330.4425961140
PWY-6284: superpathway of unsaturated fatty acids biosynthesis (E. coli)	329.9049009881
PWY-6284: superpathway of unsaturated fatty acids biosynthesis (E. coli)|g__Escherichia.s__Escherichia_coli	315.7295726104
SULFATE-CYS-PWY: superpathway of sulfate assimilation and cysteine biosynthesis	329.2774032870
SULFATE-CYS-PWY: superpathway of sulfate assimilation and cysteine biosynthesis|g__Escherichia.s__Escherichia_coli	306.5445126845
GLUCARDEG-PWY: D-glucarate degradation I	327.7387301784
GLUCARDEG-PWY: D-glucarate degradation I|g__Escherichia.s__Escherichia_coli	292.2316402030
GLUCARDEG-PWY: D-glucarate degradation I|unclassified	31.7448623415
PWY-7560: methylerythritol phosphate pathway II	327.6283851969
PWY-7560: methylerythritol phosphate pathway II|g__Escherichia.s__Escherichia_coli	277.3727049761
PWY-7560: methylerythritol phosphate pathway II|unclassified	20.0638067617
PANTO-PWY: phosphopantothenate biosynthesis I	327.1770922877
PANTO-PWY: phosphopantothenate biosynthesis I|g__Escherichia.s__Escherichia_coli	316.8269980638
PWY-6126: superpathway of adenosine nucleotides de novo biosynthesis II	325.1051816361
PWY-6126: superpathway of adenosine nucleotides de novo biosynthesis II|g__Escherichia.s__Escherichia_coli	259.4534450932
P4-PWY: superpathway of L-lysine, L-threonine and L-methionine biosynthesis I	325.0435575647
P4-PWY: superpathway of L-lysine, L-threonine and L-methionine biosynthesis I|g__Escherichia.s__Escherichia_coli	299.3549904770
PWY-7229: superpathway of adenosine nucleotides de novo biosynthesis I	324.8998413426
PWY-7229: superpathway of adenosine nucleotides de novo biosynthesis I|g__Escherichia.s__Escherichia_coli	257.3708300363
PWY-6531: mannitol cycle	323.7995834503
PWY-6531: mannitol cycle|g__Escherichia.s__Escherichia_coli	282.0866040905
PWY-6531: mannitol cycle|unclassified	14.8047757258
KETOGLUCONMET-PWY: ketogluconate metabolism	320.9178104452
KETOGLUCONMET-PWY: ketogluconate metabolism|g__Escherichia.s__Escherichia_coli	300.0555718945
KETOGLUCONMET-PWY: ketogluconate metabolism|unclassified	21.3585285548
PWY-5861: superpathway of demethylmenaquinol-8 biosynthesis I	320.6311180220
PWY-5861: superpathway of demethylmenaquinol-8 biosynthesis I|g__Escherichia.s__Escherichia_coli	275.8443238990
PWY-3841: folate transformations II (plants)	314.8278527484
PWY-3841: folate transformations II (plants)|g__Escherichia.s__Escherichia_coli	293.0926120024
PWY-5686: UMP biosynthesis I	313.5425769039
PWY-5686: UMP biosynthesis I|g__Escherichia.s__Escherichia_coli	267.6892819385
PWY-5918: superpathway of heme b biosynthesis from glutamate	312.9250135502
PWY-5918: superpathway of heme b biosynthesis from glutamate|g__Escherichia.s__Escherichia_coli	296.2386059094
PWY-6700: queuosine biosynthesis I (de novo)	310.5957923194
PWY-6700: queuosine biosynthesis I (de novo)|g__Escherichia.s__Escherichia_coli	257.4505992684
PWY-6700: queuosine biosynthesis I (de novo)|unclassified	47.1023982585
PWY0-781: aspartate superpathway	309.5207397251
PWY0-781: aspartate superpathway|g__Escherichia.s__Escherichia_coli	284.8087543837
PWY-5656: mannosylglycerate biosynthesis I	308.1266205226
PWY-5656: mannosylglycerate biosynthesis I|g__Escherichia.s__Escherichia_coli	96.4411596457
PWY66-409: superpathway of purine nucleotide salvage	307.4608064519
PWY66-409: superpathway of purine nucleotide salvage|g__Escherichia.s__Escherichia_coli	275.9400679189
PWY-5840: superpathway of menaquinol-7 biosynthesis	307.0660189137
PWY-5840: superpathway of menaquinol-7 biosynthesis|g__Escherichia.s__Escherichia_coli	284.9348607723
PWY-5845: superpathway of menaquinol-9 biosynthesis	307.0660189137
PWY-5845: superpathway of menaquinol-9 biosynthesis|g__Escherichia.s__Escherichia_coli	284.9348607723
PWY-5850: superpathway of menaquinol-6 biosynthesis	307.0660189137
PWY-5850: superpathway of menaquinol-6 biosynthesis|g__Escherichia.s__Escherichia_coli	284.9348607723
PWY-5896: superpathway of menaquinol-10 biosynthesis	307.0660189137
PWY-5896: superpathway of menaquinol-10 biosynthesis|g__Escherichia.s__Escherichia_coli	284.9348607723
COA-PWY-1: superpathway of coenzyme A biosynthesis III (mammals)	304.2265547011
COA-PWY-1: superpathway of coenzyme A biosynthesis III (mammals)|g__Escherichia.s__Escherichia_coli	266.4116774670
COA-PWY-1: superpathway of coenzyme A biosynthesis III (mammals)|g__Cutibacterium.s__Cutibacterium_acnes	12.9821438717
PWY0-1277: 3-phenylpropanoate and 3-(3-hydroxyphenyl)propanoate degradation	301.0860225638
PWY0-1277: 3-phenylpropanoate and 3-(3-hydroxyphenyl)propanoate degradation|g__Escherichia.s__Escherichia_coli	289.2521293542
PWY-6163: chorismate biosynthesis from 3-dehydroquinate	299.2339660738
PWY-6163: chorismate biosynthesis from 3-dehydroquinate|g__Escherichia.s__Escherichia_coli	260.7747172287
PWY-6731: starch degradation III	298.7504314770
PWY-6731: starch degradation III|g__Escherichia.s__Escherichia_coli	280.3945825384
PYRIDNUCSYN-PWY: NAD de novo biosynthesis I (from aspartate)	297.6430386235
PYRIDNUCSYN-PWY: NAD de novo biosynthesis I (from aspartate)|g__Escherichia.s__Escherichia_coli	271.0463299426
GLUCOSE1PMETAB-PWY: glucose and glucose-1-phosphate degradation	297.2645739304
GLUCOSE1PMETAB-PWY: glucose and glucose-1-phosphate degradation|g__Escherichia.s__Escherichia_coli	249.1877985511
GLUCOSE1PMETAB-PWY: glucose and glucose-1-phosphate degradation|unclassified	41.6331551576
PWY0-162: superpathway of pyrimidine ribonucleotides de novo biosynthesis	295.9835390293
PWY0-162: superpathway of pyrimidine ribonucleotides de novo biosynthesis|g__Escherichia.s__Escherichia_coli	261.7700001599
AST-PWY: L-arginine degradation II (AST pathway)	295.4247081460
AST-PWY: L-arginine degradation II (AST pathway)|g__Escherichia.s__Escherichia_coli	253.0406153909
AST-PWY: L-arginine degradation II (AST pathway)|unclassified	40.7188750801
COLANSYN-PWY: colanic acid building blocks biosynthesis	294.6803464931
COLANSYN-PWY: colanic acid building blocks biosynthesis|g__Escherichia.s__Escherichia_coli	165.8388454116
COLANSYN-PWY: colanic acid building blocks biosynthesis|unclassified	41.5327249209
PWY-6897: thiamine diphosphate salvage II	293.2790294868
PWY-6897: thiamine diphosphate salvage II|g__Escherichia.s__Escherichia_coli	263.5697210834
PWY-5659: GDP-mannose biosynthesis	287.5039850064
PWY-5659: GDP-mannose biosynthesis|g__Escherichia.s__Escherichia_coli	113.8116975829
PWY-5659: GDP-mannose biosynthesis|unclassified	88.2630988693
DTDPRHAMSYN-PWY: dTDP-&beta;-L-rhamnose biosynthesis	286.3992337343
DTDPRHAMSYN-PWY: dTDP-&beta;-L-rhamnose biosynthesis|g__Escherichia.s__Escherichia_coli	251.3755577477
DTDPRHAMSYN-PWY: dTDP-&beta;-L-rhamnose biosynthesis|unclassified	18.0961704107
HEMESYN2-PWY: heme b biosynthesis II (oxygen-independent)	285.7987135222
HEMESYN2-PWY: heme b biosynthesis II (oxygen-independent)|g__Escherichia.s__Escherichia_coli	281.7597196801
SER-GLYSYN-PWY: superpathway of L-serine and glycine biosynthesis I	283.8179063038
SER-GLYSYN-PWY: superpathway of L-serine and glycine biosynthesis I|g__Escherichia.s__Escherichia_coli	243.8990379406
PWY0-42: 2-methylcitrate cycle I	280.0882604183
PWY0-42: 2-methylcitrate cycle I|g__Escherichia.s__Escherichia_coli	217.6875480756
PWY0-42: 2-methylcitrate cycle I|unclassified	33.1195296309
THISYN-PWY: superpathway of thiamine diphosphate biosynthesis I	279.3767064740
THISYN-PWY: superpathway of thiamine diphosphate biosynthesis I|g__Escherichia.s__Escherichia_coli	255.0010829672
OANTIGEN-PWY: O-antigen building blocks biosynthesis (E. coli)	278.0317289729
OANTIGEN-PWY: O-antigen building blocks biosynthesis (E. coli)|g__Escherichia.s__Escherichia_coli	249.4938441639
OANTIGEN-PWY: O-antigen building blocks biosynthesis (E. coli)|unclassified	14.7673212582
PWY-5860: superpathway of demethylmenaquinol-6 biosynthesis I	276.6915156710
PWY-5860: superpathway of demethylmenaquinol-6 biosynthesis I|g__Escherichia.s__Escherichia_coli	250.4036924112
PWY-5862: superpathway of demethylmenaquinol-9 biosynthesis	276.6915156710
PWY-5862: superpathway of demethylmenaquinol-9 biosynthesis|g__Escherichia.s__Escherichia_coli	250.4036924112
DAPLYSINESYN-PWY: L-lysine biosynthesis I	275.0822077628
DAPLYSINESYN-PWY: L-lysine biosynthesis I|g__Escherichia.s__Escherichia_coli	256.6608761147
PWY-6703: preQ0 biosynthesis	272.0554808878
PWY-6703: preQ0 biosynthesis|g__Escherichia.s__Escherichia_coli	253.7533297815
PWY-6703: preQ0 biosynthesis|unclassified	10.7756763498
PWY-5384: sucrose degradation IV (sucrose phosphorylase)	271.5403451442
PWY-5384: sucrose degradation IV (sucrose phosphorylase)|g__Escherichia.s__Escherichia_coli	241.9631888365
PWY-5384: sucrose degradation IV (sucrose phosphorylase)|unclassified	54.3293128719
P105-PWY: TCA cycle IV (2-oxoglutarate decarboxylase)	268.6218020554
P105-PWY: TCA cycle IV (2-oxoglutarate decarboxylase)|g__Escherichia.s__Escherichia_coli	258.7526608975
PWY-6969: TCA cycle V (2-oxoglutarate synthase)	268.6218020554
PWY-6969: TCA cycle V (2-oxoglutarate synthase)|g__Escherichia.s__Escherichia_coli	258.7526608975
PWY0-1479: tRNA processing	268.2728633519
PWY0-1479: tRNA processing|g__Escherichia.s__Escherichia_coli	237.5438186131
PWY-7357: thiamine phosphate formation from pyrithiamine and oxythiamine (yeast)	267.7770210758
PWY-7357: thiamine phosphate formation from pyrithiamine and oxythiamine (yeast)|g__Escherichia.s__Escherichia_coli	233.9053520285
PWY-5747: 2-methylcitrate cycle II	266.5817439090
PWY-5747: 2-methylcitrate cycle II|g__Escherichia.s__Escherichia_coli	200.4381511189
PWY-5747: 2-methylcitrate cycle II|unclassified	62.9030728593
COBALSYN-PWY: superpathway of adenosylcobalamin salvage from cobinamide I	266.3286328773
COBALSYN-PWY: superpathway of adenosylcobalamin salvage from cobinamide I|g__Escherichia.s__Escherichia_coli	237.0625981363
PWY-5083: NAD(P)/NADPH interconversion	261.7437496636
PWY-5083: NAD(P)/NADPH interconversion|g__Escherichia.s__Escherichia_coli	245.7263350401
PWY-5083: NAD(P)/NADPH interconversion|unclassified	10.3281308704
PWY0-1415: superpathway of heme b biosynthesis from uroporphyrinogen-III	261.0692987180
PWY0-1415: superpathway of heme b biosynthesis from uroporphyrinogen-III|g__Escherichia.s__Escherichia_coli	255.7864672675
PWY-5100: pyruvate fermentation to acetate and lactate II	260.2075787503
PWY-5100: pyruvate fermentation to acetate and lactate II|g__Escherichia.s__Escherichia_coli	206.1862887601
PWY-7199: pyrimidine deoxyribonucleosides salvage	256.2371220188
PWY-7199: pyrimidine deoxyribonucleosides salvage|g__Escherichia.s__Escherichia_coli	220.1934311634
PWY-7199: pyrimidine deoxyribonucleosides salvage|unclassified	12.8629704803
PWY-5837: 2-carboxy-1,4-naphthoquinol biosynthesis	255.2649375788
PWY-5837: 2-carboxy-1,4-naphthoquinol biosynthesis|g__Escherichia.s__Escherichia_coli	204.7740215819
POLYISOPRENSYN-PWY: polyisoprenoid biosynthesis (E. coli)	251.6872769541
POLYISOPRENSYN-PWY: polyisoprenoid biosynthesis (E. coli)|g__Escherichia.s__Escherichia_coli	211.0884321522
PWY-7204: pyridoxal 5'-phosphate salvage II (plants)	248.6040372329
PWY-7204: pyridoxal 5'-phosphate salvage II (plants)|g__Escherichia.s__Escherichia_coli	213.0109143398
COA-PWY: coenzyme A biosynthesis I (prokaryotic)	247.3152144941
COA-PWY: coenzyme A biosynthesis I (prokaryotic)|g__Escherichia.s__Escherichia_coli	236.4157213726
COA-PWY: coenzyme A biosynthesis I (prokaryotic)|g__Cutibacterium.s__Cutibacterium_acnes	12.4093223442
PWY-6124: inosine-5'-phosphate biosynthesis II	245.1116610946
PWY-6124: inosine-5'-phosphate biosynthesis II|g__Escherichia.s__Escherichia_coli	232.1276277090
PWY-6124: inosine-5'-phosphate biosynthesis II|unclassified	34.3067860048
HEME-BIOSYNTHESIS-II: heme b biosynthesis I (aerobic)	244.2151748466
HEME-BIOSYNTHESIS-II: heme b biosynthesis I (aerobic)|g__Escherichia.s__Escherichia_coli	237.6095561453
PWY-7197: pyrimidine deoxyribonucleotide phosphorylation	240.0076749971
PWY-7197: pyrimidine deoxyribonucleotide phosphorylation|g__Escherichia.s__Escherichia_coli	175.1592391022
PWY-7197: pyrimidine deoxyribonucleotide phosphorylation|unclassified	32.0369357355
PWY-7197: pyrimidine deoxyribonucleotide phosphorylation|g__Cutibacterium.s__Cutibacterium_acnes	17.4975028395
HISTSYN-PWY: L-histidine biosynthesis	239.6337498370
HISTSYN-PWY: L-histidine biosynthesis|g__Escherichia.s__Escherichia_coli	180.4746471804
PANTOSYN-PWY: superpathway of coenzyme A biosynthesis I (bacteria)	238.5438792420
PANTOSYN-PWY: superpathway of coenzyme A biosynthesis I (bacteria)|g__Escherichia.s__Escherichia_coli	212.4182566122
METHGLYUT-PWY: superpathway of methylglyoxal degradation	233.6508331342
METHGLYUT-PWY: superpathway of methylglyoxal degradation|g__Escherichia.s__Escherichia_coli	221.1495444662
PWY-7323: superpathway of GDP-mannose-derived O-antigen building blocks biosynthesis	232.7857802335
PWY-7323: superpathway of GDP-mannose-derived O-antigen building blocks biosynthesis|g__Escherichia.s__Escherichia_coli	109.3911591764
PWY-7323: superpathway of GDP-mannose-derived O-antigen building blocks biosynthesis|unclassified	27.9215090523
PWY66-389: phytol degradation	222.1397194222
PWY66-389: phytol degradation|g__Escherichia.s__Escherichia_coli	210.8873036627
PWY66-389: phytol degradation|unclassified	5.0669351890
PWY-7254: TCA cycle VII (acetate-producers)	220.4033487542
PWY-7254: TCA cycle VII (acetate-producers)|g__Escherichia.s__Escherichia_coli	216.0468175838
PWY0-1338: polymyxin resistance	219.6322272402
PWY0-1338: polymyxin resistance|g__Escherichia.s__Escherichia_coli	214.5020987736
FOLSYN-PWY: superpathway of tetrahydrofolate biosynthesis and salvage	219.2816973270
FOLSYN-PWY: superpathway of tetrahydrofolate biosynthesis and salvage|g__Escherichia.s__Escherichia_coli	210.7516446843
PWY-7234: inosine-5'-phosphate biosynthesis III	218.8806561992
PWY-7234: inosine-5'-phosphate biosynthesis III|g__Escherichia.s__Escherichia_coli	169.6273174934
NONMEVIPP-PWY: methylerythritol phosphate pathway I	215.5218270105
NONMEVIPP-PWY: methylerythritol phosphate pathway I|g__Escherichia.s__Escherichia_coli	172.1250255158
NONMEVIPP-PWY: methylerythritol phosphate pathway I|unclassified	20.0638067617
PWY-5791	212.6732800886
PWY-5791|g__Escherichia.s__Escherichia_coli	200.7622386102
PWY-7315: dTDP-N-acetylthomosamine biosynthesis	211.7282509113
PWY-7315: dTDP-N-acetylthomosamine biosynthesis|g__Escherichia.s__Escherichia_coli	197.6628215283
PWY-5690: TCA cycle II (plants and fungi)	209.9604963473
PWY-5690: TCA cycle II (plants and fungi)|g__Escherichia.s__Escherichia_coli	204.6993215569
PWY-7184: pyrimidine deoxyribonucleotides de novo biosynthesis I	209.2276010230
PWY-7184: pyrimidine deoxyribonucleotides de novo biosynthesis I|g__Escherichia.s__Escherichia_coli	182.9026709081
PWY-7184: pyrimidine deoxyribonucleotides de novo biosynthesis I|unclassified	14.7834772959
PWY-5367: petroselinate biosynthesis	205.6804014347
PWY-5367: petroselinate biosynthesis|g__Escherichia.s__Escherichia_coli	203.3780903261
PWY-7208: superpathway of pyrimidine nucleobases salvage	203.5682014592
PWY-7208: superpathway of pyrimidine nucleobases salvage|g__Escherichia.s__Escherichia_coli	153.5278939474
HCAMHPDEG-PWY: 3-phenylpropanoate and 3-(3-hydroxyphenyl)propanoate degradation to 2-hydroxypentadienoate	201.1278219685
HCAMHPDEG-PWY: 3-phenylpropanoate and 3-(3-hydroxyphenyl)propanoate degradation to 2-hydroxypentadienoate|g__Escherichia.s__Escherichia_coli	182.8644153195
PWY-6690: cinnamate and 3-hydroxycinnamate degradation to 2-hydroxypentadienoate	201.1278219685
PWY-6690: cinnamate and 3-hydroxycinnamate degradation to 2-hydroxypentadienoate|g__Escherichia.s__Escherichia_coli	182.8644153195
PWY-6612: superpathway of tetrahydrofolate biosynthesis	199.1794033921
PWY-6612: superpathway of tetrahydrofolate biosynthesis|g__Escherichia.s__Escherichia_coli	188.7695189150
PWY-5920: superpathway of heme b biosynthesis from glycine	198.3477128552
PWY-5920: superpathway of heme b biosynthesis from glycine|g__Escherichia.s__Escherichia_coli	193.9722204476
PWY-7115: C4 photosynthetic carbon assimilation cycle, NAD-ME type	195.1299707022
PWY-7115: C4 photosynthetic carbon assimilation cycle, NAD-ME type|g__Escherichia.s__Escherichia_coli	189.0489025544
PWY-6147: 6-hydroxymethyl-dihydropterin diphosphate biosynthesis I	194.1446402044
PWY-6147: 6-hydroxymethyl-dihydropterin diphosphate biosynthesis I|g__Escherichia.s__Escherichia_coli	159.8944766780
PWY-6147: 6-hydroxymethyl-dihydropterin diphosphate biosynthesis I|unclassified	12.1767319468
PWY0-166: superpathway of pyrimidine deoxyribonucleotides de novo biosynthesis (E. coli)	192.8159489501
PWY0-166: superpathway of pyrimidine deoxyribonucleotides de novo biosynthesis (E. coli)|g__Escherichia.s__Escherichia_coli	164.9093432835
PWY0-166: superpathway of pyrimidine deoxyribonucleotides de novo biosynthesis (E. coli)|unclassified	13.9972213546
DENOVOPURINE2-PWY: superpathway of purine nucleotides de novo biosynthesis II	189.4497792942
DENOVOPURINE2-PWY: superpathway of purine nucleotides de novo biosynthesis II|g__Escherichia.s__Escherichia_coli	171.6803953051
PWY-7539: 6-hydroxymethyl-dihydropterin diphosphate biosynthesis III (Chlamydia)	186.7180991550
PWY-7539: 6-hydroxymethyl-dihydropterin diphosphate biosynthesis III (Chlamydia)|g__Escherichia.s__Escherichia_coli	154.0598935217
PWY-7539: 6-hydroxymethyl-dihydropterin diphosphate biosynthesis III (Chlamydia)|g__Cutibacterium.s__Cutibacterium_acnes	15.5264792908
PWY-2723: trehalose degradation V	185.2066564216
PWY-2723: trehalose degradation V|g__Escherichia.s__Escherichia_coli	133.0484125628
PRPP-PWY: superpathway of histidine, purine, and pyrimidine biosynthesis	184.7923492137
PRPP-PWY: superpathway of histidine, purine, and pyrimidine biosynthesis|g__Escherichia.s__Escherichia_coli	169.7477005088
GALACTUROCAT-PWY: D-galacturonate degradation I	182.6257407224
GALACTUROCAT-PWY: D-galacturonate degradation I|g__Escherichia.s__Escherichia_coli	178.6982507460
PWY-7269: mitochondrial NADPH production (yeast)	182.5901989485
PWY-7269: mitochondrial NADPH production (yeast)|g__Escherichia.s__Escherichia_coli	175.9990196219
PWY-6270: isoprene biosynthesis I	180.6957600300
PWY-6270: isoprene biosynthesis I|g__Escherichia.s__Escherichia_coli	146.7418860690
PWY0-1241: ADP-L-glycero-&beta;-D-manno-heptose biosynthesis	173.5664459124
PWY0-1241: ADP-L-glycero-&beta;-D-manno-heptose biosynthesis|g__Escherichia.s__Escherichia_coli	161.9243800057
PWY0-1241: ADP-L-glycero-&beta;-D-manno-heptose biosynthesis|unclassified	5.5351679286
PWY-4242	157.7655188655
PWY-4242|g__Escherichia.s__Escherichia_coli	135.4388334692
GALACT-GLUCUROCAT-PWY: superpathway of hexuronide and hexuronate degradation	157.2380470419
GALACT-GLUCUROCAT-PWY: superpathway of hexuronide and hexuronate degradation|g__Escherichia.s__Escherichia_coli	137.9284929186
PWY-7242: D-fructuronate degradation	156.4603939109
PWY-7242: D-fructuronate degradation|g__Escherichia.s__Escherichia_coli	153.6523487110
PWY-6901: superpathway of glucose and xylose degradation	156.1997060295
UBISYN-PWY: superpathway of ubiquinol-8 biosynthesis (early decarboxylation)	156.1044641580
UBISYN-PWY: superpathway of ubiquinol-8 biosynthesis (early decarboxylation)|g__Escherichia.s__Escherichia_coli	146.2782673694
PWY-6588: pyruvate fermentation to acetone	155.9945329888
PWY-6588: pyruvate fermentation to acetone|g__Escherichia.s__Escherichia_coli	140.4765257264
PWY-6588: pyruvate fermentation to acetone|unclassified	7.5340891637
RIBOSYN2-PWY: flavin biosynthesis I (bacteria and plants)	153.9351098324
RIBOSYN2-PWY: flavin biosynthesis I (bacteria and plants)|g__Escherichia.s__Escherichia_coli	149.4074753813
PWY-5497: purine nucleobases degradation II (anaerobic)	152.2393202079
PWY-5497: purine nucleobases degradation II (anaerobic)|g__Escherichia.s__Escherichia_coli	147.7771650677
PWY-6507: 4-deoxy-L-threo-hex-4-enopyranuronate degradation	148.9673008439
PWY-6507: 4-deoxy-L-threo-hex-4-enopyranuronate degradation|g__Escherichia.s__Escherichia_coli	143.5442080979
PWY-6507: 4-deoxy-L-threo-hex-4-enopyranuronate degradation|unclassified	15.6278432705
PWY-7328: superpathway of UDP-glucose-derived O-antigen building blocks biosynthesis	144.7181943120
PWY-7328: superpathway of UDP-glucose-derived O-antigen building blocks biosynthesis|g__Escherichia.s__Escherichia_coli	129.2700620740
PWY-6708: ubiquinol-8 biosynthesis (early decarboxylation)	143.9363113130
PWY-6708: ubiquinol-8 biosynthesis (early decarboxylation)|g__Escherichia.s__Escherichia_coli	133.3987645816
PWY-5855: ubiquinol-7 biosynthesis (early decarboxylation)	143.0330003300
PWY-5855: ubiquinol-7 biosynthesis (early decarboxylation)|g__Escherichia.s__Escherichia_coli	133.1952339134
PWY-5856: ubiquinol-9 biosynthesis (early decarboxylation)	143.0330003300
PWY-5856: ubiquinol-9 biosynthesis (early decarboxylation)|g__Escherichia.s__Escherichia_coli	133.1952339134
PWY-5857: ubiquinol-10 biosynthesis (early decarboxylation)	143.0330003300
PWY-5857: ubiquinol-10 biosynthesis (early decarboxylation)|g__Escherichia.s__Escherichia_coli	133.1952339134
PWY-6823: molybdopterin biosynthesis	136.9250256562
PWY-6823: molybdopterin biosynthesis|g__Escherichia.s__Escherichia_coli	124.2847243032
PWY-7237: myo-, chiro- and scyllo-inositol degradation	133.3230133893
PWY-7237: myo-, chiro- and scyllo-inositol degradation|g__Escherichia.s__Escherichia_coli	127.6639473536
PWY-7237: myo-, chiro- and scyllo-inositol degradation|unclassified	5.6590660357
PWY-6168: flavin biosynthesis III (fungi)	131.1859225043
PWY-6168: flavin biosynthesis III (fungi)|g__Escherichia.s__Escherichia_coli	127.8182999800
PWY-6630: superpathway of L-tyrosine biosynthesis	130.2139911328
PWY-6630: superpathway of L-tyrosine biosynthesis|g__Escherichia.s__Escherichia_coli	125.9194157606
TRPSYN-PWY: L-tryptophan biosynthesis	128.4086949951
TRPSYN-PWY: L-tryptophan biosynthesis|g__Escherichia.s__Escherichia_coli	114.1450987031
TRPSYN-PWY: L-tryptophan biosynthesis|unclassified	10.5426216842
PWY-7187: pyrimidine deoxyribonucleotides de novo biosynthesis II	118.0410200244
PWY-7187: pyrimidine deoxyribonucleotides de novo biosynthesis II|g__Escherichia.s__Escherichia_coli	107.4373414248
GLUCUROCAT-PWY: superpathway of &beta;-D-glucuronosides degradation	117.4232655286
GLUCUROCAT-PWY: superpathway of &beta;-D-glucuronosides degradation|g__Escherichia.s__Escherichia_coli	102.5490007552
PWY-5705: allantoin degradation to glyoxylate III	107.5005333811
PWY-5705: allantoin degradation to glyoxylate III|g__Escherichia.s__Escherichia_coli	87.2993043795
PWY-5705: allantoin degradation to glyoxylate III|unclassified	22.0004809626
PWY-4321: L-glutamate degradation IV	107.1254796345
PWY-4321: L-glutamate degradation IV|g__Escherichia.s__Escherichia_coli	84.3422025986
PWY-4321: L-glutamate degradation IV|unclassified	15.2927387795
PWY0-1061: superpathway of L-alanine biosynthesis	106.4688806156
PWY0-1061: superpathway of L-alanine biosynthesis|g__Escherichia.s__Escherichia_coli	101.8066666609
PWY-7446: sulfoquinovose degradation I	103.2554519703
PWY-7446: sulfoquinovose degradation I|g__Escherichia.s__Escherichia_coli	103.2554519703
PWY-7209: superpathway of pyrimidine ribonucleosides degradation	103.1940249520
PWY-7209: superpathway of pyrimidine ribonucleosides degradation|g__Escherichia.s__Escherichia_coli	100.9981632361
ECASYN-PWY: enterobacterial common antigen biosynthesis	99.2811371493
ECASYN-PWY: enterobacterial common antigen biosynthesis|g__Escherichia.s__Escherichia_coli	97.8613162700
PWY-7094: fatty acid salvage	90.2784709010
PWY-7094: fatty acid salvage|unclassified	8.5515566051
P221-PWY: octane oxidation	90.0557622597
P221-PWY: octane oxidation|g__Escherichia.s__Escherichia_coli	83.6793120769
P221-PWY: octane oxidation|unclassified	3.9971269862
LPSSYN-PWY: superpathway of lipopolysaccharide biosynthesis	88.2195446801
LPSSYN-PWY: superpathway of lipopolysaccharide biosynthesis|g__Escherichia.s__Escherichia_coli	87.2497233360
GLUDEG-I-PWY: GABA shunt	87.1748770027
GLUDEG-I-PWY: GABA shunt|g__Escherichia.s__Escherichia_coli	71.6816864143
GLUDEG-I-PWY: GABA shunt|unclassified	11.4304355920
PPGPPMET-PWY: ppGpp metabolism	82.0029405917
PPGPPMET-PWY: ppGpp metabolism|g__Escherichia.s__Escherichia_coli	80.5090053555
PWY-7409: phospholipid remodeling (phosphatidylethanolamine, yeast)	70.6832057105
PWY-7409: phospholipid remodeling (phosphatidylethanolamine, yeast)|g__Escherichia.s__Escherichia_coli	44.3408232592
GLYCOL-GLYOXDEG-PWY: superpathway of glycol metabolism and degradation	69.1794639338
GLYCOL-GLYOXDEG-PWY: superpathway of glycol metabolism and degradation|g__Escherichia.s__Escherichia_coli	59.5203224562
GLYCOL-GLYOXDEG-PWY: superpathway of glycol metabolism and degradation|unclassified	8.9132036638
KDO-NAGLIPASYN-PWY: superpathway of (Kdo)2-lipid A biosynthesis	64.1723621568
KDO-NAGLIPASYN-PWY: superpathway of (Kdo)2-lipid A biosynthesis|g__Escherichia.s__Escherichia_coli	63.9736673480
PWY-1361: benzoyl-CoA degradation I (aerobic)	55.4730468946
PYRIDNUCSAL-PWY: NAD salvage pathway I (PNC VI cycle)	48.6284759183
PWY0-41: allantoin degradation IV (anaerobic)	46.9144095811
PWY0-41: allantoin degradation IV (anaerobic)|g__Escherichia.s__Escherichia_coli	39.1936715316
PWY0-41: allantoin degradation IV (anaerobic)|unclassified	21.1973744755
PWY-6467: Kdo transfer to lipid IVA III (Chlamydia)	44.8203839981
PWY-6467: Kdo transfer to lipid IVA III (Chlamydia)|g__Escherichia.s__Escherichia_coli	44.8203839981
PWY0-1533: methylphosphonate degradation I	43.9303164413
PWY0-1533: methylphosphonate degradation I|unclassified	12.8062886287
PWY-7198: pyrimidine deoxyribonucleotides de novo biosynthesis IV	40.2763629149
PWY-7198: pyrimidine deoxyribonucleotides de novo biosynthesis IV|unclassified	20.2416081862
P122-PWY: heterolactic fermentation	39.9393119383
PWY-7616: methanol oxidation to carbon dioxide	35.1469965676
PWY-5692: allantoin degradation to glyoxylate II	30.3454507172
PWY-5692: allantoin degradation to glyoxylate II|unclassified	19.0781412014
URDEGR-PWY: superpathway of allantoin degradation in plants	30.3454507172
URDEGR-PWY: superpathway of allantoin degradation in plants|unclassified	19.0781412014
PWY-5005: biotin biosynthesis II	29.7335552437
P108-PWY: pyruvate fermentation to propanoate I	27.9724223193