# Pathway	COAD_noFFPEOnlyPrimaryNoRiboZeroG_right_Abundance
UNMAPPED	15982070.3954858799
UNINTEGRATED	3144829.8574768323
UNINTEGRATED|g__Escherichia.s__Escherichia_coli	2036958.5103590465
UNINTEGRATED|unclassified	528263.9466476409
UNINTEGRATED|g__Cutibacterium.s__Cutibacterium_acnes	79662.3941676512
UNINTEGRATED|g__Cutibacterium.s__Propionibacterium_humerusii	1434.9002402327
PWY0-1586: peptidoglycan maturation (meso-diaminopimelate containing)	4125.2076666950
PWY0-1586: peptidoglycan maturation (meso-diaminopimelate containing)|g__Escherichia.s__Escherichia_coli	3871.2374649907
PWY0-1586: peptidoglycan maturation (meso-diaminopimelate containing)|unclassified	253.5923246438
PWY-7111: pyruvate fermentation to isobutanol (engineered)	2597.4636913765
PWY-7111: pyruvate fermentation to isobutanol (engineered)|g__Escherichia.s__Escherichia_coli	2471.1180209844
PWY-7111: pyruvate fermentation to isobutanol (engineered)|unclassified	119.1372881117
ILEUSYN-PWY: L-isoleucine biosynthesis I (from threonine)	2242.4599131168
ILEUSYN-PWY: L-isoleucine biosynthesis I (from threonine)|g__Escherichia.s__Escherichia_coli	2171.9813871632
ILEUSYN-PWY: L-isoleucine biosynthesis I (from threonine)|unclassified	24.3214665080
VALSYN-PWY: L-valine biosynthesis	2242.4599131168
VALSYN-PWY: L-valine biosynthesis|g__Escherichia.s__Escherichia_coli	2171.9813871632
VALSYN-PWY: L-valine biosynthesis|unclassified	24.3214665080
SALVADEHYPOX-PWY: adenosine nucleotides degradation II	2190.5309053793
SALVADEHYPOX-PWY: adenosine nucleotides degradation II|g__Escherichia.s__Escherichia_coli	2133.6302649208
SALVADEHYPOX-PWY: adenosine nucleotides degradation II|unclassified	24.1821320736
NONOXIPENT-PWY: pentose phosphate pathway (non-oxidative branch) I	2161.0883777897
NONOXIPENT-PWY: pentose phosphate pathway (non-oxidative branch) I|g__Escherichia.s__Escherichia_coli	2075.3765979718
NONOXIPENT-PWY: pentose phosphate pathway (non-oxidative branch) I|unclassified	78.2238895664
P461-PWY: hexitol fermentation to lactate, formate, ethanol and acetate	2008.6578615611
P461-PWY: hexitol fermentation to lactate, formate, ethanol and acetate|g__Escherichia.s__Escherichia_coli	1821.5997177030
P461-PWY: hexitol fermentation to lactate, formate, ethanol and acetate|unclassified	89.2868888489
PWY-5695: inosine 5'-phosphate degradation	2001.8393113196
PWY-5695: inosine 5'-phosphate degradation|g__Escherichia.s__Escherichia_coli	1950.1768132518
PWY-5695: inosine 5'-phosphate degradation|unclassified	51.6326735805
PWY-6608: guanosine nucleotides degradation III	2001.8393113196
PWY-6608: guanosine nucleotides degradation III|g__Escherichia.s__Escherichia_coli	1950.1768132518
PWY-6608: guanosine nucleotides degradation III|unclassified	20.3778247955
ORNDEG-PWY: superpathway of ornithine degradation	1927.7614043783
ORNDEG-PWY: superpathway of ornithine degradation|g__Escherichia.s__Escherichia_coli	1795.6016443798
PWY-1042: glycolysis IV	1875.1128669144
PWY-1042: glycolysis IV|g__Escherichia.s__Escherichia_coli	1729.6092682276
CALVIN-PWY: Calvin-Benson-Bassham cycle	1723.1521154581
CALVIN-PWY: Calvin-Benson-Bassham cycle|g__Escherichia.s__Escherichia_coli	1626.2878464158
CALVIN-PWY: Calvin-Benson-Bassham cycle|unclassified	22.1514934790
PWY-7663: gondoate biosynthesis (anaerobic)	1641.6029705376
PWY-7663: gondoate biosynthesis (anaerobic)|g__Escherichia.s__Escherichia_coli	1606.5544701379
PWY-7663: gondoate biosynthesis (anaerobic)|unclassified	30.9116366337
PWY-5913: partial TCA cycle (obligate autotrophs)	1640.3679977998
PWY-5913: partial TCA cycle (obligate autotrophs)|g__Escherichia.s__Escherichia_coli	1550.0670878741
PWY-5913: partial TCA cycle (obligate autotrophs)|unclassified	58.6164300279
UDPNAGSYN-PWY: UDP-N-acetyl-D-glucosamine biosynthesis I	1633.8169246272
UDPNAGSYN-PWY: UDP-N-acetyl-D-glucosamine biosynthesis I|g__Escherichia.s__Escherichia_coli	1534.8150045039
UDPNAGSYN-PWY: UDP-N-acetyl-D-glucosamine biosynthesis I|unclassified	40.6455313147
UDPNAGSYN-PWY: UDP-N-acetyl-D-glucosamine biosynthesis I|g__Cutibacterium.s__Cutibacterium_acnes	33.8930059461
PWY-4041: &gamma;-glutamyl cycle	1594.3233945933
PWY-4041: &gamma;-glutamyl cycle|g__Escherichia.s__Escherichia_coli	1496.3612907625
PWY-4041: &gamma;-glutamyl cycle|unclassified	94.5990138231
PWY0-1261: anhydromuropeptides recycling I	1591.4854488246
PWY0-1261: anhydromuropeptides recycling I|g__Escherichia.s__Escherichia_coli	1436.6511252707
PWY0-1261: anhydromuropeptides recycling I|unclassified	79.4910339298
GLYCOLYSIS: glycolysis I (from glucose 6-phosphate)	1549.6190168136
GLYCOLYSIS: glycolysis I (from glucose 6-phosphate)|g__Escherichia.s__Escherichia_coli	1443.0962788337
GLYCOLYSIS: glycolysis I (from glucose 6-phosphate)|unclassified	37.0845884988
PWY-6353: purine nucleotides degradation II (aerobic)	1523.3151380088
PWY-6353: purine nucleotides degradation II (aerobic)|g__Escherichia.s__Escherichia_coli	1469.1098237802
PWY-5723: Rubisco shunt	1510.9393827525
PWY-5723: Rubisco shunt|g__Escherichia.s__Escherichia_coli	1381.2502233076
PWY-5723: Rubisco shunt|unclassified	40.7674561730
PWY-6737: starch degradation V	1499.1681276800
PWY-6737: starch degradation V|g__Escherichia.s__Escherichia_coli	1357.8129960419
PWY-6737: starch degradation V|unclassified	129.4640818906
HOMOSER-METSYN-PWY: L-methionine biosynthesis I	1495.4852642512
HOMOSER-METSYN-PWY: L-methionine biosynthesis I|g__Escherichia.s__Escherichia_coli	1320.9817739948
HOMOSER-METSYN-PWY: L-methionine biosynthesis I|unclassified	112.3109923303
BRANCHED-CHAIN-AA-SYN-PWY: superpathway of branched chain amino acid biosynthesis	1485.6014566488
BRANCHED-CHAIN-AA-SYN-PWY: superpathway of branched chain amino acid biosynthesis|g__Escherichia.s__Escherichia_coli	1406.4253875314
BRANCHED-CHAIN-AA-SYN-PWY: superpathway of branched chain amino acid biosynthesis|unclassified	20.4950329957
RHAMCAT-PWY: L-rhamnose degradation I	1484.2509908062
RHAMCAT-PWY: L-rhamnose degradation I|g__Escherichia.s__Escherichia_coli	1370.4972569334
RHAMCAT-PWY: L-rhamnose degradation I|unclassified	40.7981383169
ANAGLYCOLYSIS-PWY: glycolysis III (from glucose)	1454.6008983720
ANAGLYCOLYSIS-PWY: glycolysis III (from glucose)|g__Escherichia.s__Escherichia_coli	1345.1538138064
ANAGLYCOLYSIS-PWY: glycolysis III (from glucose)|unclassified	36.2969686878
PWY-5484: glycolysis II (from fructose 6-phosphate)	1447.9161743560
PWY-5484: glycolysis II (from fructose 6-phosphate)|g__Escherichia.s__Escherichia_coli	1354.6917192683
PWY-5484: glycolysis II (from fructose 6-phosphate)|unclassified	32.6620492749
PWY-5347: superpathway of L-methionine biosynthesis (transsulfuration)	1432.6132575308
PWY-5347: superpathway of L-methionine biosynthesis (transsulfuration)|g__Escherichia.s__Escherichia_coli	1343.7072198036
PWY-5347: superpathway of L-methionine biosynthesis (transsulfuration)|unclassified	36.4817962273
PWY-6305: superpathway of putrescine biosynthesis	1427.1819997069
PWY-6305: superpathway of putrescine biosynthesis|g__Escherichia.s__Escherichia_coli	1381.8546804656
METSYN-PWY: superpathway of L-homoserine and L-methionine biosynthesis	1423.1130918194
METSYN-PWY: superpathway of L-homoserine and L-methionine biosynthesis|g__Escherichia.s__Escherichia_coli	1323.8354834253
METSYN-PWY: superpathway of L-homoserine and L-methionine biosynthesis|unclassified	68.3539842615
GLYCOLYSIS-TCA-GLYOX-BYPASS: superpathway of glycolysis, pyruvate dehydrogenase, TCA, and glyoxylate bypass	1420.5909421723
GLYCOLYSIS-TCA-GLYOX-BYPASS: superpathway of glycolysis, pyruvate dehydrogenase, TCA, and glyoxylate bypass|g__Escherichia.s__Escherichia_coli	1312.4535377566
PWY-5103: L-isoleucine biosynthesis III	1419.3105097059
PWY-5103: L-isoleucine biosynthesis III|g__Escherichia.s__Escherichia_coli	1342.4698791329
PWY-5103: L-isoleucine biosynthesis III|unclassified	16.8892987483
PENTOSE-P-PWY: pentose phosphate pathway	1416.3767588533
PENTOSE-P-PWY: pentose phosphate pathway|g__Escherichia.s__Escherichia_coli	1209.9056938440
PENTOSE-P-PWY: pentose phosphate pathway|unclassified	31.9712114912
HEXITOLDEGSUPER-PWY: superpathway of hexitol degradation (bacteria)	1415.0614249812
HEXITOLDEGSUPER-PWY: superpathway of hexitol degradation (bacteria)|g__Escherichia.s__Escherichia_coli	1321.1899530311
HEXITOLDEGSUPER-PWY: superpathway of hexitol degradation (bacteria)|unclassified	35.8961486755
PWY-7117: C4 photosynthetic carbon assimilation cycle, PEPCK type	1397.4099997844
PWY-7117: C4 photosynthetic carbon assimilation cycle, PEPCK type|g__Escherichia.s__Escherichia_coli	1336.6585349646
PWY-7117: C4 photosynthetic carbon assimilation cycle, PEPCK type|unclassified	26.4303928418
MET-SAM-PWY: superpathway of S-adenosyl-L-methionine biosynthesis	1396.9185567895
MET-SAM-PWY: superpathway of S-adenosyl-L-methionine biosynthesis|g__Escherichia.s__Escherichia_coli	1286.2228850573
MET-SAM-PWY: superpathway of S-adenosyl-L-methionine biosynthesis|unclassified	70.3750975249
PWY-7388: octanoyl-[acyl-carrier protein] biosynthesis (mitochondria, yeast)	1371.0454390559
PWY-7388: octanoyl-[acyl-carrier protein] biosynthesis (mitochondria, yeast)|g__Escherichia.s__Escherichia_coli	1313.4680897953
PWY-3001: superpathway of L-isoleucine biosynthesis I	1370.1683113663
PWY-3001: superpathway of L-isoleucine biosynthesis I|g__Escherichia.s__Escherichia_coli	1303.8291574082
TCA: TCA cycle I (prokaryotic)	1369.9227033037
TCA: TCA cycle I (prokaryotic)|g__Escherichia.s__Escherichia_coli	1246.6169374128
TCA: TCA cycle I (prokaryotic)|unclassified	62.4856391278
PWY-6936: seleno-amino acid biosynthesis (plants)	1365.5460767988
PWY-6936: seleno-amino acid biosynthesis (plants)|g__Escherichia.s__Escherichia_coli	1238.5385349020
PWY-6936: seleno-amino acid biosynthesis (plants)|unclassified	25.8255436053
PWY0-1296: purine ribonucleosides degradation	1353.6001071765
PWY0-1296: purine ribonucleosides degradation|g__Escherichia.s__Escherichia_coli	1335.2148390525
P161-PWY: acetylene degradation (anaerobic)	1347.5111635473
P161-PWY: acetylene degradation (anaerobic)|g__Escherichia.s__Escherichia_coli	1314.7748587331
ARGSYNBSUB-PWY: L-arginine biosynthesis II (acetyl cycle)	1345.7243659179
ARGSYNBSUB-PWY: L-arginine biosynthesis II (acetyl cycle)|g__Escherichia.s__Escherichia_coli	1262.6826861941
ARGSYNBSUB-PWY: L-arginine biosynthesis II (acetyl cycle)|g__Cutibacterium.s__Cutibacterium_acnes	34.0190284683
ARGSYN-PWY: L-arginine biosynthesis I (via L-ornithine)	1343.3285150738
ARGSYN-PWY: L-arginine biosynthesis I (via L-ornithine)|g__Escherichia.s__Escherichia_coli	1258.5411723132
ARGSYN-PWY: L-arginine biosynthesis I (via L-ornithine)|g__Cutibacterium.s__Cutibacterium_acnes	36.0702226438
ARGSYN-PWY: L-arginine biosynthesis I (via L-ornithine)|unclassified	20.1182748871
PWY-5154: L-arginine biosynthesis III (via N-acetyl-L-citrulline)	1342.3542641214
PWY-5154: L-arginine biosynthesis III (via N-acetyl-L-citrulline)|g__Escherichia.s__Escherichia_coli	1239.3608557799
PWY-5154: L-arginine biosynthesis III (via N-acetyl-L-citrulline)|unclassified	23.4635129009
PWY-7400: L-arginine biosynthesis IV (archaebacteria)	1326.4914326278
PWY-7400: L-arginine biosynthesis IV (archaebacteria)|g__Escherichia.s__Escherichia_coli	1238.9684499402
PWY-7400: L-arginine biosynthesis IV (archaebacteria)|g__Cutibacterium.s__Cutibacterium_acnes	36.1801727770
PWY-7400: L-arginine biosynthesis IV (archaebacteria)|unclassified	20.1691863995
PWY-6385: peptidoglycan biosynthesis III (mycobacteria)	1325.9568825288
PWY-6385: peptidoglycan biosynthesis III (mycobacteria)|g__Escherichia.s__Escherichia_coli	1260.6517495746
PWY-6385: peptidoglycan biosynthesis III (mycobacteria)|g__Cutibacterium.s__Cutibacterium_acnes	30.2871284120
PWY-6385: peptidoglycan biosynthesis III (mycobacteria)|unclassified	19.0418405634
PWY-5675: nitrate reduction V (assimilatory)	1323.1325543939
PWY-5675: nitrate reduction V (assimilatory)|g__Escherichia.s__Escherichia_coli	1226.7262609484
PWY-5675: nitrate reduction V (assimilatory)|unclassified	64.1786794256
ASPASN-PWY: superpathway of L-aspartate and L-asparagine biosynthesis	1318.9895336816
ASPASN-PWY: superpathway of L-aspartate and L-asparagine biosynthesis|g__Escherichia.s__Escherichia_coli	1277.4229102639
ASPASN-PWY: superpathway of L-aspartate and L-asparagine biosynthesis|unclassified	25.5194631950
TCA-GLYOX-BYPASS: superpathway of glyoxylate bypass and TCA	1312.6608345932
TCA-GLYOX-BYPASS: superpathway of glyoxylate bypass and TCA|g__Escherichia.s__Escherichia_coli	1203.5012111386
TCA-GLYOX-BYPASS: superpathway of glyoxylate bypass and TCA|unclassified	57.3313761664
PWY-6387: UDP-N-acetylmuramoyl-pentapeptide biosynthesis I (meso-diaminopimelate containing)	1307.5793650175
PWY-6387: UDP-N-acetylmuramoyl-pentapeptide biosynthesis I (meso-diaminopimelate containing)|g__Escherichia.s__Escherichia_coli	1247.5117106900
PWY-6387: UDP-N-acetylmuramoyl-pentapeptide biosynthesis I (meso-diaminopimelate containing)|g__Cutibacterium.s__Cutibacterium_acnes	33.6251946205
PWY-6387: UDP-N-acetylmuramoyl-pentapeptide biosynthesis I (meso-diaminopimelate containing)|unclassified	17.9739091386
P441-PWY: superpathway of N-acetylneuraminate degradation	1271.9238675083
P441-PWY: superpathway of N-acetylneuraminate degradation|g__Escherichia.s__Escherichia_coli	1211.1734873126
PWY-6606: guanosine nucleotides degradation II	1265.2403608962
PWY-6606: guanosine nucleotides degradation II|g__Escherichia.s__Escherichia_coli	1258.3426092140
PWY-5104: L-isoleucine biosynthesis IV	1247.1104502348
PWY-5104: L-isoleucine biosynthesis IV|g__Escherichia.s__Escherichia_coli	1146.4797224952
PWY-5104: L-isoleucine biosynthesis IV|unclassified	29.0590781467
GLYCOGENSYNTH-PWY: glycogen biosynthesis I (from ADP-D-Glucose)	1238.2940385071
GLYCOGENSYNTH-PWY: glycogen biosynthesis I (from ADP-D-Glucose)|g__Escherichia.s__Escherichia_coli	1071.7820573694
GLYCOGENSYNTH-PWY: glycogen biosynthesis I (from ADP-D-Glucose)|unclassified	21.5628111837
THRESYN-PWY: superpathway of L-threonine biosynthesis	1233.0485004818
THRESYN-PWY: superpathway of L-threonine biosynthesis|g__Escherichia.s__Escherichia_coli	1178.5874954480
THRESYN-PWY: superpathway of L-threonine biosynthesis|g__Cutibacterium.s__Cutibacterium_acnes	26.5328798557
PEPTIDOGLYCANSYN-PWY: peptidoglycan biosynthesis I (meso-diaminopimelate containing)	1232.6272052697
PEPTIDOGLYCANSYN-PWY: peptidoglycan biosynthesis I (meso-diaminopimelate containing)|g__Escherichia.s__Escherichia_coli	1166.2503644727
PEPTIDOGLYCANSYN-PWY: peptidoglycan biosynthesis I (meso-diaminopimelate containing)|g__Cutibacterium.s__Cutibacterium_acnes	33.0232345393
PEPTIDOGLYCANSYN-PWY: peptidoglycan biosynthesis I (meso-diaminopimelate containing)|unclassified	18.7812266499
GLUTORN-PWY: L-ornithine biosynthesis I	1231.1853358675
GLUTORN-PWY: L-ornithine biosynthesis I|g__Escherichia.s__Escherichia_coli	1150.1431810824
GLUTORN-PWY: L-ornithine biosynthesis I|unclassified	36.8398877323
GLUTORN-PWY: L-ornithine biosynthesis I|g__Cutibacterium.s__Cutibacterium_acnes	28.2530912806
GLUCONEO-PWY: gluconeogenesis I	1225.4940670691
GLUCONEO-PWY: gluconeogenesis I|g__Escherichia.s__Escherichia_coli	1130.8203338292
GLUCONEO-PWY: gluconeogenesis I|unclassified	49.3806105421
ARG+POLYAMINE-SYN: superpathway of arginine and polyamine biosynthesis	1221.6716377540
ARG+POLYAMINE-SYN: superpathway of arginine and polyamine biosynthesis|g__Escherichia.s__Escherichia_coli	1167.2446206635
PWY-5667: CDP-diacylglycerol biosynthesis I	1219.7510873955
PWY-5667: CDP-diacylglycerol biosynthesis I|g__Escherichia.s__Escherichia_coli	1112.5054138763
PWY-5667: CDP-diacylglycerol biosynthesis I|unclassified	101.2275815914
PWY0-1319: CDP-diacylglycerol biosynthesis II	1219.7510873955
PWY0-1319: CDP-diacylglycerol biosynthesis II|g__Escherichia.s__Escherichia_coli	1112.5054138763
PWY0-1319: CDP-diacylglycerol biosynthesis II|unclassified	101.2275815914
FERMENTATION-PWY: mixed acid fermentation	1213.3335251065
FERMENTATION-PWY: mixed acid fermentation|g__Escherichia.s__Escherichia_coli	1148.0201488105
GLYCOLYSIS-E-D: superpathway of glycolysis and the Entner-Doudoroff pathway	1212.8664356524
GLYCOLYSIS-E-D: superpathway of glycolysis and the Entner-Doudoroff pathway|g__Escherichia.s__Escherichia_coli	1153.0555744520
PWY-6122: 5-aminoimidazole ribonucleotide biosynthesis II	1202.7266360709
PWY-6122: 5-aminoimidazole ribonucleotide biosynthesis II|g__Escherichia.s__Escherichia_coli	1025.4543461815
PWY-6122: 5-aminoimidazole ribonucleotide biosynthesis II|unclassified	149.7487948940
PWY-6122: 5-aminoimidazole ribonucleotide biosynthesis II|g__Cutibacterium.s__Cutibacterium_acnes	39.8200781567
PWY-6122: 5-aminoimidazole ribonucleotide biosynthesis II|g__Cutibacterium.s__Propionibacterium_humerusii	2.1265482542
PWY-6277: superpathway of 5-aminoimidazole ribonucleotide biosynthesis	1202.7266360709
PWY-6277: superpathway of 5-aminoimidazole ribonucleotide biosynthesis|g__Escherichia.s__Escherichia_coli	1025.4543461815
PWY-6277: superpathway of 5-aminoimidazole ribonucleotide biosynthesis|unclassified	149.7487948940
PWY-6277: superpathway of 5-aminoimidazole ribonucleotide biosynthesis|g__Cutibacterium.s__Cutibacterium_acnes	39.8200781567
PWY-6277: superpathway of 5-aminoimidazole ribonucleotide biosynthesis|g__Cutibacterium.s__Propionibacterium_humerusii	2.1265482542
TRNA-CHARGING-PWY: tRNA charging	1189.4418469618
TRNA-CHARGING-PWY: tRNA charging|g__Escherichia.s__Escherichia_coli	1037.6698338418
PWY0-1297: superpathway of purine deoxyribonucleosides degradation	1169.3935413575
PWY0-1297: superpathway of purine deoxyribonucleosides degradation|g__Escherichia.s__Escherichia_coli	1146.0564709800
PWY-5173	1163.4512523625
PWY-5173|g__Escherichia.s__Escherichia_coli	1060.2413011011
PWY-5173|unclassified	63.5744623172
PWY-6386: UDP-N-acetylmuramoyl-pentapeptide biosynthesis II (lysine-containing)	1160.3475003815
PWY-6386: UDP-N-acetylmuramoyl-pentapeptide biosynthesis II (lysine-containing)|g__Escherichia.s__Escherichia_coli	1105.5758252442
PWY-6386: UDP-N-acetylmuramoyl-pentapeptide biosynthesis II (lysine-containing)|g__Cutibacterium.s__Cutibacterium_acnes	29.9762807720
PWY-6121: 5-aminoimidazole ribonucleotide biosynthesis I	1152.9286606900
PWY-6121: 5-aminoimidazole ribonucleotide biosynthesis I|g__Escherichia.s__Escherichia_coli	950.8512402483
PWY-6121: 5-aminoimidazole ribonucleotide biosynthesis I|unclassified	39.9812802690
PWY-6121: 5-aminoimidazole ribonucleotide biosynthesis I|g__Cutibacterium.s__Cutibacterium_acnes	36.6199341179
PWY-6121: 5-aminoimidazole ribonucleotide biosynthesis I|g__Cutibacterium.s__Propionibacterium_humerusii	1.2162542724
PHOSLIPSYN-PWY: superpathway of phospholipid biosynthesis I (bacteria)	1146.7127967299
PHOSLIPSYN-PWY: superpathway of phospholipid biosynthesis I (bacteria)|g__Escherichia.s__Escherichia_coli	1015.1296579026
PHOSLIPSYN-PWY: superpathway of phospholipid biosynthesis I (bacteria)|unclassified	80.3323695320
FASYN-ELONG-PWY: fatty acid elongation -- saturated	1136.3575878573
FASYN-ELONG-PWY: fatty acid elongation -- saturated|g__Escherichia.s__Escherichia_coli	1040.5032099707
POLYAMSYN-PWY: superpathway of polyamine biosynthesis I	1124.3130441412
POLYAMSYN-PWY: superpathway of polyamine biosynthesis I|g__Escherichia.s__Escherichia_coli	1094.4092988723
POLYAMSYN-PWY: superpathway of polyamine biosynthesis I|unclassified	64.5589427789
GLYCOCAT-PWY: glycogen degradation I	1099.5376757479
GLYCOCAT-PWY: glycogen degradation I|g__Escherichia.s__Escherichia_coli	1004.9456230039
PWY-5971: palmitate biosynthesis (type II fatty acid synthase)	1094.4680444959
PWY-5971: palmitate biosynthesis (type II fatty acid synthase)|g__Escherichia.s__Escherichia_coli	1003.2471419503
ANAEROFRUCAT-PWY: homolactic fermentation	1078.1410239961
ANAEROFRUCAT-PWY: homolactic fermentation|g__Escherichia.s__Escherichia_coli	999.4996832931
GLCMANNANAUT-PWY: superpathway of N-acetylglucosamine, N-acetylmannosamine and N-acetylneuraminate degradation	1074.5996102674
GLCMANNANAUT-PWY: superpathway of N-acetylglucosamine, N-acetylmannosamine and N-acetylneuraminate degradation|g__Escherichia.s__Escherichia_coli	1024.6233333099
PWY4LZ-257: superpathway of fermentation (Chlamydomonas reinhardtii)	1073.4569020141
PWY4LZ-257: superpathway of fermentation (Chlamydomonas reinhardtii)|g__Escherichia.s__Escherichia_coli	997.4996481416
PWY-7664: oleate biosynthesis IV (anaerobic)	1063.2718741455
PWY-7664: oleate biosynthesis IV (anaerobic)|g__Escherichia.s__Escherichia_coli	971.4903879425
PWY-6123: inosine-5'-phosphate biosynthesis I	1063.0577466972
PWY-6123: inosine-5'-phosphate biosynthesis I|g__Escherichia.s__Escherichia_coli	965.2228185361
PWY-6123: inosine-5'-phosphate biosynthesis I|unclassified	68.9095038753
PWY-6123: inosine-5'-phosphate biosynthesis I|g__Cutibacterium.s__Cutibacterium_acnes	32.2007305398
FASYN-INITIAL-PWY: superpathway of fatty acid biosynthesis initiation (E. coli)	1058.9201947661
FASYN-INITIAL-PWY: superpathway of fatty acid biosynthesis initiation (E. coli)|g__Escherichia.s__Escherichia_coli	945.1166210356
FASYN-INITIAL-PWY: superpathway of fatty acid biosynthesis initiation (E. coli)|unclassified	42.5317790324
PWY-6609: adenine and adenosine salvage III	1050.6100857170
PWY-6609: adenine and adenosine salvage III|g__Escherichia.s__Escherichia_coli	973.8394784127
PWY-6609: adenine and adenosine salvage III|g__Cutibacterium.s__Cutibacterium_acnes	36.9073983827
PWY-6609: adenine and adenosine salvage III|unclassified	14.2506279500
PWY-6609: adenine and adenosine salvage III|g__Cutibacterium.s__Propionibacterium_humerusii	2.1741941102
GALACTARDEG-PWY: D-galactarate degradation I	1050.2950816929
GALACTARDEG-PWY: D-galactarate degradation I|g__Escherichia.s__Escherichia_coli	957.3184114437
GALACTARDEG-PWY: D-galactarate degradation I|unclassified	82.8548310066
GLUCARGALACTSUPER-PWY: superpathway of D-glucarate and D-galactarate degradation	1050.2950816929
GLUCARGALACTSUPER-PWY: superpathway of D-glucarate and D-galactarate degradation|g__Escherichia.s__Escherichia_coli	957.3184114437
GLUCARGALACTSUPER-PWY: superpathway of D-glucarate and D-galactarate degradation|unclassified	82.8548310066
GLYOXYLATE-BYPASS: glyoxylate cycle	1044.8967147668
GLYOXYLATE-BYPASS: glyoxylate cycle|g__Escherichia.s__Escherichia_coli	966.4236331412
GLYOXYLATE-BYPASS: glyoxylate cycle|unclassified	39.3142575967
PWY-5188: tetrapyrrole biosynthesis I (from glutamate)	1041.4991612033
PWY-5188: tetrapyrrole biosynthesis I (from glutamate)|g__Escherichia.s__Escherichia_coli	980.9524550112
PWY-5188: tetrapyrrole biosynthesis I (from glutamate)|g__Cutibacterium.s__Cutibacterium_acnes	30.1388902996
PWY-5188: tetrapyrrole biosynthesis I (from glutamate)|unclassified	27.5273089037
ARGDEG-PWY: superpathway of L-arginine, putrescine, and 4-aminobutanoate degradation	1037.3159471827
ARGDEG-PWY: superpathway of L-arginine, putrescine, and 4-aminobutanoate degradation|g__Escherichia.s__Escherichia_coli	994.5709376248
ORNARGDEG-PWY: superpathway of L-arginine and L-ornithine degradation	1037.3159471827
ORNARGDEG-PWY: superpathway of L-arginine and L-ornithine degradation|g__Escherichia.s__Escherichia_coli	994.5709376248
FUCCAT-PWY: fucose degradation	1029.2887009783
FUCCAT-PWY: fucose degradation|g__Escherichia.s__Escherichia_coli	971.4819636897
PWY-6519: 8-amino-7-oxononanoate biosynthesis I	1016.6251303250
PWY-6519: 8-amino-7-oxononanoate biosynthesis I|g__Escherichia.s__Escherichia_coli	933.0457301604
PWY-6282: palmitoleate biosynthesis I (from (5Z)-dodec-5-enoate)	1012.9260656130
PWY-6282: palmitoleate biosynthesis I (from (5Z)-dodec-5-enoate)|g__Escherichia.s__Escherichia_coli	917.9161266109
PWY-7228: superpathway of guanosine nucleotides de novo biosynthesis I	1000.4505192036
PWY-7228: superpathway of guanosine nucleotides de novo biosynthesis I|g__Escherichia.s__Escherichia_coli	899.0645472192
PWY-7228: superpathway of guanosine nucleotides de novo biosynthesis I|unclassified	46.9302904471
PWY-7228: superpathway of guanosine nucleotides de novo biosynthesis I|g__Cutibacterium.s__Cutibacterium_acnes	44.8939624732
PWY-1269: CMP-3-deoxy-D-manno-octulosonate biosynthesis	995.0088383575
PWY-1269: CMP-3-deoxy-D-manno-octulosonate biosynthesis|g__Escherichia.s__Escherichia_coli	957.0587385662
PWY-5189: tetrapyrrole biosynthesis II (from glycine)	993.0347662726
PWY-5189: tetrapyrrole biosynthesis II (from glycine)|g__Escherichia.s__Escherichia_coli	938.4908610772
PWY-5189: tetrapyrrole biosynthesis II (from glycine)|g__Cutibacterium.s__Cutibacterium_acnes	23.4525707826
PWY-5189: tetrapyrrole biosynthesis II (from glycine)|unclassified	20.7391947845
PWY4FS-7: phosphatidylglycerol biosynthesis I (plastidic)	985.7675472566
PWY4FS-7: phosphatidylglycerol biosynthesis I (plastidic)|g__Escherichia.s__Escherichia_coli	885.6100788669
PWY4FS-8: phosphatidylglycerol biosynthesis II (non-plastidic)	985.7675472566
PWY4FS-8: phosphatidylglycerol biosynthesis II (non-plastidic)|g__Escherichia.s__Escherichia_coli	885.6100788669
PWY0-862: (5Z)-dodecenoate biosynthesis I	979.2932110579
PWY0-862: (5Z)-dodecenoate biosynthesis I|g__Escherichia.s__Escherichia_coli	892.5569473210
PWY-7220: adenosine deoxyribonucleotides de novo biosynthesis II	978.7144893944
PWY-7220: adenosine deoxyribonucleotides de novo biosynthesis II|g__Escherichia.s__Escherichia_coli	869.0910976758
PWY-7220: adenosine deoxyribonucleotides de novo biosynthesis II|g__Cutibacterium.s__Cutibacterium_acnes	57.7469856407
PWY-7220: adenosine deoxyribonucleotides de novo biosynthesis II|unclassified	45.0916530442
PWY-7222: guanosine deoxyribonucleotides de novo biosynthesis II	978.7144893944
PWY-7222: guanosine deoxyribonucleotides de novo biosynthesis II|g__Escherichia.s__Escherichia_coli	869.0910976758
PWY-7222: guanosine deoxyribonucleotides de novo biosynthesis II|g__Cutibacterium.s__Cutibacterium_acnes	57.7469856407
PWY-7222: guanosine deoxyribonucleotides de novo biosynthesis II|unclassified	45.0916530442
PWY-7282: 4-amino-2-methyl-5-diphosphomethylpyrimidine biosynthesis II	978.1845808004
PWY-7282: 4-amino-2-methyl-5-diphosphomethylpyrimidine biosynthesis II|g__Escherichia.s__Escherichia_coli	909.4335621854
COMPLETE-ARO-PWY: superpathway of aromatic amino acid biosynthesis	967.8201854725
COMPLETE-ARO-PWY: superpathway of aromatic amino acid biosynthesis|g__Escherichia.s__Escherichia_coli	880.9805717089
FUC-RHAMCAT-PWY: superpathway of fucose and rhamnose degradation	961.4513680524
FUC-RHAMCAT-PWY: superpathway of fucose and rhamnose degradation|g__Escherichia.s__Escherichia_coli	930.8896294943
BIOTIN-BIOSYNTHESIS-PWY: biotin biosynthesis I	955.6141798982
BIOTIN-BIOSYNTHESIS-PWY: biotin biosynthesis I|g__Escherichia.s__Escherichia_coli	874.0009183232
PWY-5989: stearate biosynthesis II (bacteria and plants)	953.4887889517
PWY-5989: stearate biosynthesis II (bacteria and plants)|g__Escherichia.s__Escherichia_coli	867.2669314544
PWY-2942: L-lysine biosynthesis III	951.7419254762
PWY-2942: L-lysine biosynthesis III|g__Escherichia.s__Escherichia_coli	874.5894525671
PWY-2942: L-lysine biosynthesis III|g__Cutibacterium.s__Cutibacterium_acnes	29.1300648810
PWY-2942: L-lysine biosynthesis III|unclassified	22.6498640362
NAGLIPASYN-PWY: lipid IVA biosynthesis (E. coli)	942.1025648472
NAGLIPASYN-PWY: lipid IVA biosynthesis (E. coli)|g__Escherichia.s__Escherichia_coli	920.8878785755
PWY-6125: superpathway of guanosine nucleotides de novo biosynthesis II	939.1228306175
PWY-6125: superpathway of guanosine nucleotides de novo biosynthesis II|g__Escherichia.s__Escherichia_coli	841.6933868197
PWY-6125: superpathway of guanosine nucleotides de novo biosynthesis II|g__Cutibacterium.s__Cutibacterium_acnes	41.4659672003
PWY-6125: superpathway of guanosine nucleotides de novo biosynthesis II|unclassified	23.0449916273
PWY-7221: guanosine ribonucleotides de novo biosynthesis	939.1027334326
PWY-7221: guanosine ribonucleotides de novo biosynthesis|g__Escherichia.s__Escherichia_coli	863.3869566041
PWY-7221: guanosine ribonucleotides de novo biosynthesis|unclassified	42.8203174994
PWY-7221: guanosine ribonucleotides de novo biosynthesis|g__Cutibacterium.s__Cutibacterium_acnes	38.8071208261
ARO-PWY: chorismate biosynthesis I	933.0037833605
ARO-PWY: chorismate biosynthesis I|g__Escherichia.s__Escherichia_coli	852.5646010455
FAO-PWY: fatty acid &beta;-oxidation I (generic)	930.5383596250
FAO-PWY: fatty acid &beta;-oxidation I (generic)|g__Escherichia.s__Escherichia_coli	825.4476634376
FAO-PWY: fatty acid &beta;-oxidation I (generic)|unclassified	109.1568655912
PYRIDOXSYN-PWY: pyridoxal 5'-phosphate biosynthesis I	929.8517369203
PYRIDOXSYN-PWY: pyridoxal 5'-phosphate biosynthesis I|g__Escherichia.s__Escherichia_coli	768.4472518662
PYRIDOXSYN-PWY: pyridoxal 5'-phosphate biosynthesis I|unclassified	16.6002631171
PWY0-1298: superpathway of pyrimidine deoxyribonucleosides degradation	927.0962778539
PWY0-1298: superpathway of pyrimidine deoxyribonucleosides degradation|g__Escherichia.s__Escherichia_coli	895.7925967370
PWY-6285: superpathway of fatty acids biosynthesis (E. coli)	924.5173904241
PWY-6285: superpathway of fatty acids biosynthesis (E. coli)|g__Escherichia.s__Escherichia_coli	862.2239675164
GLUCARDEG-PWY: D-glucarate degradation I	919.6625271852
GLUCARDEG-PWY: D-glucarate degradation I|g__Escherichia.s__Escherichia_coli	833.9961334591
GLUCARDEG-PWY: D-glucarate degradation I|unclassified	76.7448264579
1CMET2-PWY: folate transformations III (E. coli)	918.4914997527
1CMET2-PWY: folate transformations III (E. coli)|g__Escherichia.s__Escherichia_coli	839.9851250380
1CMET2-PWY: folate transformations III (E. coli)|g__Cutibacterium.s__Cutibacterium_acnes	34.7466177371
PWY-6151: S-adenosyl-L-methionine salvage I	917.0996707059
PWY-6151: S-adenosyl-L-methionine salvage I|g__Escherichia.s__Escherichia_coli	848.2219388002
PWY-6151: S-adenosyl-L-methionine salvage I|g__Cutibacterium.s__Cutibacterium_acnes	36.0049663631
PWY-7229: superpathway of adenosine nucleotides de novo biosynthesis I	911.5754123053
PWY-7229: superpathway of adenosine nucleotides de novo biosynthesis I|g__Escherichia.s__Escherichia_coli	748.1652413060
PWY-7229: superpathway of adenosine nucleotides de novo biosynthesis I|unclassified	45.2896081124
PWY-7229: superpathway of adenosine nucleotides de novo biosynthesis I|g__Cutibacterium.s__Cutibacterium_acnes	44.5755567602
PWY0-845: superpathway of pyridoxal 5'-phosphate biosynthesis and salvage	909.6170781724
PWY0-845: superpathway of pyridoxal 5'-phosphate biosynthesis and salvage|g__Escherichia.s__Escherichia_coli	850.5567774280
PWY0-845: superpathway of pyridoxal 5'-phosphate biosynthesis and salvage|unclassified	25.7987621555
PANTO-PWY: phosphopantothenate biosynthesis I	909.2823642310
PANTO-PWY: phosphopantothenate biosynthesis I|g__Escherichia.s__Escherichia_coli	841.9843879017
PWY-5656: mannosylglycerate biosynthesis I	893.4377112529
PWY-5656: mannosylglycerate biosynthesis I|g__Escherichia.s__Escherichia_coli	591.0997474982
PWY-5656: mannosylglycerate biosynthesis I|unclassified	144.9473000508
PWY-841: superpathway of purine nucleotides de novo biosynthesis I	887.2642949638
PWY-841: superpathway of purine nucleotides de novo biosynthesis I|g__Escherichia.s__Escherichia_coli	784.0169161681
PWY-841: superpathway of purine nucleotides de novo biosynthesis I|unclassified	35.4592263784
PWY-724: superpathway of L-lysine, L-threonine and L-methionine biosynthesis II	882.7487062360
PWY-724: superpathway of L-lysine, L-threonine and L-methionine biosynthesis II|g__Escherichia.s__Escherichia_coli	767.6562284005
PWY-724: superpathway of L-lysine, L-threonine and L-methionine biosynthesis II|g__Cutibacterium.s__Cutibacterium_acnes	31.9727873352
SO4ASSIM-PWY: assimilatory sulfate reduction I	881.7767603158
SO4ASSIM-PWY: assimilatory sulfate reduction I|g__Escherichia.s__Escherichia_coli	859.9198753502
HEMESYN2-PWY: heme b biosynthesis II (oxygen-independent)	881.3649394058
HEMESYN2-PWY: heme b biosynthesis II (oxygen-independent)|g__Escherichia.s__Escherichia_coli	823.0970449171
HEMESYN2-PWY: heme b biosynthesis II (oxygen-independent)|unclassified	22.0371346264
PWY-4702: phytate degradation I	880.4533385748
PWY-4702: phytate degradation I|g__Escherichia.s__Escherichia_coli	799.6998467845
PWY-4702: phytate degradation I|unclassified	43.8398065016
SULFATE-CYS-PWY: superpathway of sulfate assimilation and cysteine biosynthesis	878.7542898336
SULFATE-CYS-PWY: superpathway of sulfate assimilation and cysteine biosynthesis|g__Escherichia.s__Escherichia_coli	849.2531238681
PWY-7219: adenosine ribonucleotides de novo biosynthesis	878.5087563586
PWY-7219: adenosine ribonucleotides de novo biosynthesis|g__Escherichia.s__Escherichia_coli	694.2512882401
PWY-7219: adenosine ribonucleotides de novo biosynthesis|unclassified	54.5300151618
PWY-7219: adenosine ribonucleotides de novo biosynthesis|g__Cutibacterium.s__Cutibacterium_acnes	45.3053830074
PWY-7219: adenosine ribonucleotides de novo biosynthesis|g__Cutibacterium.s__Propionibacterium_humerusii	2.3654603084
PWY-5659: GDP-mannose biosynthesis	878.0834986910
PWY-5659: GDP-mannose biosynthesis|g__Escherichia.s__Escherichia_coli	656.6337638970
PWY-5659: GDP-mannose biosynthesis|unclassified	180.6843001251
GLUCOSE1PMETAB-PWY: glucose and glucose-1-phosphate degradation	876.3843877372
GLUCOSE1PMETAB-PWY: glucose and glucose-1-phosphate degradation|g__Escherichia.s__Escherichia_coli	805.3770903941
GLUCOSE1PMETAB-PWY: glucose and glucose-1-phosphate degradation|unclassified	52.0927175126
PWY-5838: superpathway of menaquinol-8 biosynthesis I	872.6724668827
PWY-5838: superpathway of menaquinol-8 biosynthesis I|g__Escherichia.s__Escherichia_coli	810.7413388031
PWY-5973: cis-vaccenate biosynthesis	872.4721042960
PWY-5973: cis-vaccenate biosynthesis|g__Escherichia.s__Escherichia_coli	791.0431106511
PWY-6126: superpathway of adenosine nucleotides de novo biosynthesis II	870.8116546873
PWY-6126: superpathway of adenosine nucleotides de novo biosynthesis II|g__Escherichia.s__Escherichia_coli	724.4439518849
PWY-6126: superpathway of adenosine nucleotides de novo biosynthesis II|g__Cutibacterium.s__Cutibacterium_acnes	44.8777534333
PWY-6126: superpathway of adenosine nucleotides de novo biosynthesis II|unclassified	42.5334672275
PWY-3841: folate transformations II (plants)	862.7368549932
PWY-3841: folate transformations II (plants)|g__Escherichia.s__Escherichia_coli	802.8367671649
PWY-3841: folate transformations II (plants)|g__Cutibacterium.s__Cutibacterium_acnes	35.7940543662
PWY-5897: superpathway of menaquinol-11 biosynthesis	862.1498675345
PWY-5897: superpathway of menaquinol-11 biosynthesis|g__Escherichia.s__Escherichia_coli	795.8418333603
PWY-5898: superpathway of menaquinol-12 biosynthesis	862.1498675345
PWY-5898: superpathway of menaquinol-12 biosynthesis|g__Escherichia.s__Escherichia_coli	795.8418333603
PWY-5899: superpathway of menaquinol-13 biosynthesis	862.1498675345
PWY-5899: superpathway of menaquinol-13 biosynthesis|g__Escherichia.s__Escherichia_coli	795.8418333603
P4-PWY: superpathway of L-lysine, L-threonine and L-methionine biosynthesis I	858.3342037985
P4-PWY: superpathway of L-lysine, L-threonine and L-methionine biosynthesis I|g__Escherichia.s__Escherichia_coli	792.2601417459
PWY66-409: superpathway of purine nucleotide salvage	856.0160048503
PWY66-409: superpathway of purine nucleotide salvage|g__Escherichia.s__Escherichia_coli	766.5200423421
PWY66-409: superpathway of purine nucleotide salvage|g__Cutibacterium.s__Cutibacterium_acnes	36.2681640946
KETOGLUCONMET-PWY: ketogluconate metabolism	851.8133129702
KETOGLUCONMET-PWY: ketogluconate metabolism|g__Escherichia.s__Escherichia_coli	832.6856231050
PWY-6803: phosphatidylcholine acyl editing	845.0777893177
PWY-6803: phosphatidylcholine acyl editing|g__Escherichia.s__Escherichia_coli	834.4254943364
PWY-6700: queuosine biosynthesis I (de novo)	836.6226318753
PWY-6700: queuosine biosynthesis I (de novo)|g__Escherichia.s__Escherichia_coli	728.9042250955
PWY-6700: queuosine biosynthesis I (de novo)|unclassified	24.2887774241
PWY-7560: methylerythritol phosphate pathway II	836.5420538003
PWY-7560: methylerythritol phosphate pathway II|g__Escherichia.s__Escherichia_coli	746.3215756864
PWY-7560: methylerythritol phosphate pathway II|g__Cutibacterium.s__Cutibacterium_acnes	29.3413664273
PWY-5918: superpathway of heme b biosynthesis from glutamate	833.8383668343
PWY-5918: superpathway of heme b biosynthesis from glutamate|g__Escherichia.s__Escherichia_coli	778.4791305359
PWY-5918: superpathway of heme b biosynthesis from glutamate|g__Cutibacterium.s__Cutibacterium_acnes	26.7289042505
PWY0-781: aspartate superpathway	833.4163309659
PWY0-781: aspartate superpathway|g__Escherichia.s__Escherichia_coli	724.4210352156
PWY-5861: superpathway of demethylmenaquinol-8 biosynthesis I	829.7836695112
PWY-5861: superpathway of demethylmenaquinol-8 biosynthesis I|g__Escherichia.s__Escherichia_coli	754.8405797979
PWY-5097: L-lysine biosynthesis VI	822.3768622682
PWY-5097: L-lysine biosynthesis VI|g__Escherichia.s__Escherichia_coli	695.0114274497
PWY-5097: L-lysine biosynthesis VI|g__Cutibacterium.s__Cutibacterium_acnes	31.4007523471
PWY-5097: L-lysine biosynthesis VI|unclassified	25.7045980310
COLANSYN-PWY: colanic acid building blocks biosynthesis	817.6682302969
COLANSYN-PWY: colanic acid building blocks biosynthesis|g__Escherichia.s__Escherichia_coli	626.0381798008
SER-GLYSYN-PWY: superpathway of L-serine and glycine biosynthesis I	811.0624229216
SER-GLYSYN-PWY: superpathway of L-serine and glycine biosynthesis I|g__Escherichia.s__Escherichia_coli	779.4308512372
PWY0-1277: 3-phenylpropanoate and 3-(3-hydroxyphenyl)propanoate degradation	806.2880644850
PWY0-1277: 3-phenylpropanoate and 3-(3-hydroxyphenyl)propanoate degradation|g__Escherichia.s__Escherichia_coli	803.9180848692
PWY-6897: thiamine diphosphate salvage II	800.1547143589
PWY-6897: thiamine diphosphate salvage II|g__Escherichia.s__Escherichia_coli	782.9964436383
PWY-6284: superpathway of unsaturated fatty acids biosynthesis (E. coli)	793.0400003241
PWY-6284: superpathway of unsaturated fatty acids biosynthesis (E. coli)|g__Escherichia.s__Escherichia_coli	754.4026278013
PWY-6892: thiazole component of thiamine diphosphate biosynthesis I	792.1970540806
PWY-6892: thiazole component of thiamine diphosphate biosynthesis I|g__Escherichia.s__Escherichia_coli	620.9569153304
PWY-7357: thiamine phosphate formation from pyrithiamine and oxythiamine (yeast)	792.0765826362
PWY-7357: thiamine phosphate formation from pyrithiamine and oxythiamine (yeast)|g__Escherichia.s__Escherichia_coli	788.3261034085
DTDPRHAMSYN-PWY: dTDP-&beta;-L-rhamnose biosynthesis	785.8910727676
DTDPRHAMSYN-PWY: dTDP-&beta;-L-rhamnose biosynthesis|g__Escherichia.s__Escherichia_coli	629.9901074856
DTDPRHAMSYN-PWY: dTDP-&beta;-L-rhamnose biosynthesis|unclassified	12.6323495840
PWY-6163: chorismate biosynthesis from 3-dehydroquinate	784.6555503796
PWY-6163: chorismate biosynthesis from 3-dehydroquinate|g__Escherichia.s__Escherichia_coli	712.0003121394
COA-PWY-1: superpathway of coenzyme A biosynthesis III (mammals)	780.0833339129
COA-PWY-1: superpathway of coenzyme A biosynthesis III (mammals)|g__Escherichia.s__Escherichia_coli	706.7624615582
COA-PWY-1: superpathway of coenzyme A biosynthesis III (mammals)|g__Cutibacterium.s__Cutibacterium_acnes	24.4944122998
PYRIDNUCSYN-PWY: NAD de novo biosynthesis I (from aspartate)	779.2443651834
PYRIDNUCSYN-PWY: NAD de novo biosynthesis I (from aspartate)|g__Escherichia.s__Escherichia_coli	734.3454525489
PWY-5840: superpathway of menaquinol-7 biosynthesis	778.0388056371
PWY-5840: superpathway of menaquinol-7 biosynthesis|g__Escherichia.s__Escherichia_coli	739.1720022804
PWY-5845: superpathway of menaquinol-9 biosynthesis	778.0388056371
PWY-5845: superpathway of menaquinol-9 biosynthesis|g__Escherichia.s__Escherichia_coli	739.1720022804
PWY-5850: superpathway of menaquinol-6 biosynthesis	778.0388056371
PWY-5850: superpathway of menaquinol-6 biosynthesis|g__Escherichia.s__Escherichia_coli	739.1720022804
PWY-5896: superpathway of menaquinol-10 biosynthesis	778.0388056371
PWY-5896: superpathway of menaquinol-10 biosynthesis|g__Escherichia.s__Escherichia_coli	739.1720022804
AST-PWY: L-arginine degradation II (AST pathway)	776.0923623347
AST-PWY: L-arginine degradation II (AST pathway)|g__Escherichia.s__Escherichia_coli	725.4254804205
AST-PWY: L-arginine degradation II (AST pathway)|unclassified	54.1708067570
PWY-5686: UMP biosynthesis I	774.3408705339
PWY-5686: UMP biosynthesis I|g__Escherichia.s__Escherichia_coli	699.4622090989
PWY-5686: UMP biosynthesis I|g__Cutibacterium.s__Cutibacterium_acnes	38.3205593365
PWY-5686: UMP biosynthesis I|unclassified	23.2559309814
PWY0-162: superpathway of pyrimidine ribonucleotides de novo biosynthesis	769.8242822919
PWY0-162: superpathway of pyrimidine ribonucleotides de novo biosynthesis|g__Escherichia.s__Escherichia_coli	689.3792190641
PWY-6531: mannitol cycle	767.8222227172
PWY-6531: mannitol cycle|g__Escherichia.s__Escherichia_coli	748.2440941884
PWY-6531: mannitol cycle|unclassified	14.8940029702
COBALSYN-PWY: superpathway of adenosylcobalamin salvage from cobinamide I	761.4304928398
COBALSYN-PWY: superpathway of adenosylcobalamin salvage from cobinamide I|g__Escherichia.s__Escherichia_coli	707.3779541520
PWY0-1479: tRNA processing	755.4838325233
PWY0-1479: tRNA processing|g__Escherichia.s__Escherichia_coli	639.6246520738
PWY0-1479: tRNA processing|unclassified	43.1517132927
PWY-5384: sucrose degradation IV (sucrose phosphorylase)	752.0281646813
PWY-5384: sucrose degradation IV (sucrose phosphorylase)|g__Escherichia.s__Escherichia_coli	716.8648954852
PWY66-389: phytol degradation	734.9739302752
PWY66-389: phytol degradation|g__Escherichia.s__Escherichia_coli	720.0174835481
PWY66-389: phytol degradation|unclassified	12.1402500714
PWY-6731: starch degradation III	729.4017386832
PWY-6731: starch degradation III|g__Escherichia.s__Escherichia_coli	693.6473436687
PANTOSYN-PWY: superpathway of coenzyme A biosynthesis I (bacteria)	728.6960971918
PANTOSYN-PWY: superpathway of coenzyme A biosynthesis I (bacteria)|g__Escherichia.s__Escherichia_coli	683.0112163175
P105-PWY: TCA cycle IV (2-oxoglutarate decarboxylase)	720.9766813180
P105-PWY: TCA cycle IV (2-oxoglutarate decarboxylase)|g__Escherichia.s__Escherichia_coli	690.1563896558
PWY-6969: TCA cycle V (2-oxoglutarate synthase)	720.9766813180
PWY-6969: TCA cycle V (2-oxoglutarate synthase)|g__Escherichia.s__Escherichia_coli	690.1563896558
DAPLYSINESYN-PWY: L-lysine biosynthesis I	708.0702303226
DAPLYSINESYN-PWY: L-lysine biosynthesis I|g__Escherichia.s__Escherichia_coli	648.4636063917
DAPLYSINESYN-PWY: L-lysine biosynthesis I|g__Cutibacterium.s__Cutibacterium_acnes	31.2344410446
DAPLYSINESYN-PWY: L-lysine biosynthesis I|unclassified	25.0164619325
PWY-5860: superpathway of demethylmenaquinol-6 biosynthesis I	707.1136405680
PWY-5860: superpathway of demethylmenaquinol-6 biosynthesis I|g__Escherichia.s__Escherichia_coli	664.9280317460
PWY-5862: superpathway of demethylmenaquinol-9 biosynthesis	707.1136405680
PWY-5862: superpathway of demethylmenaquinol-9 biosynthesis|g__Escherichia.s__Escherichia_coli	664.9280317460
PWY-7323: superpathway of GDP-mannose-derived O-antigen building blocks biosynthesis	696.2018131573
PWY-7323: superpathway of GDP-mannose-derived O-antigen building blocks biosynthesis|g__Escherichia.s__Escherichia_coli	467.5642725600
PWY-7204: pyridoxal 5'-phosphate salvage II (plants)	690.8933606387
PWY-7204: pyridoxal 5'-phosphate salvage II (plants)|g__Escherichia.s__Escherichia_coli	671.6804109826
NONMEVIPP-PWY: methylerythritol phosphate pathway I	677.2933555827
NONMEVIPP-PWY: methylerythritol phosphate pathway I|g__Escherichia.s__Escherichia_coli	627.6654219528
NONMEVIPP-PWY: methylerythritol phosphate pathway I|g__Cutibacterium.s__Cutibacterium_acnes	39.1507454334
HISTSYN-PWY: L-histidine biosynthesis	673.7022158700
HISTSYN-PWY: L-histidine biosynthesis|g__Escherichia.s__Escherichia_coli	565.8941988878
HISTSYN-PWY: L-histidine biosynthesis|unclassified	70.4833642778
HISTSYN-PWY: L-histidine biosynthesis|g__Cutibacterium.s__Cutibacterium_acnes	25.3000016734
PWY-5837: 2-carboxy-1,4-naphthoquinol biosynthesis	673.2476170738
PWY-5837: 2-carboxy-1,4-naphthoquinol biosynthesis|g__Escherichia.s__Escherichia_coli	586.8934964956
PWY-5100: pyruvate fermentation to acetate and lactate II	667.8430217527
PWY-5100: pyruvate fermentation to acetate and lactate II|g__Escherichia.s__Escherichia_coli	616.3838427455
PWY-6124: inosine-5'-phosphate biosynthesis II	664.7911454870
PWY-6124: inosine-5'-phosphate biosynthesis II|g__Escherichia.s__Escherichia_coli	622.0523178252
PWY-6124: inosine-5'-phosphate biosynthesis II|unclassified	62.6403553936
PWY0-42: 2-methylcitrate cycle I	662.9523181982
PWY0-42: 2-methylcitrate cycle I|g__Escherichia.s__Escherichia_coli	524.7105291797
PWY0-42: 2-methylcitrate cycle I|unclassified	27.4075878608
PWY-7234: inosine-5'-phosphate biosynthesis III	658.0932831910
PWY-7234: inosine-5'-phosphate biosynthesis III|g__Escherichia.s__Escherichia_coli	537.2195805681
PWY-7234: inosine-5'-phosphate biosynthesis III|unclassified	33.5307693486
HEME-BIOSYNTHESIS-II: heme b biosynthesis I (aerobic)	657.3333485055
HEME-BIOSYNTHESIS-II: heme b biosynthesis I (aerobic)|g__Escherichia.s__Escherichia_coli	622.9075679353
HEME-BIOSYNTHESIS-II: heme b biosynthesis I (aerobic)|g__Cutibacterium.s__Cutibacterium_acnes	25.3821907232
HEME-BIOSYNTHESIS-II: heme b biosynthesis I (aerobic)|unclassified	23.0087672098
PWY0-1415: superpathway of heme b biosynthesis from uroporphyrinogen-III	653.4554489280
PWY0-1415: superpathway of heme b biosynthesis from uroporphyrinogen-III|g__Escherichia.s__Escherichia_coli	634.2022054495
OANTIGEN-PWY: O-antigen building blocks biosynthesis (E. coli)	649.1345330834
OANTIGEN-PWY: O-antigen building blocks biosynthesis (E. coli)|g__Escherichia.s__Escherichia_coli	598.0729068437
PWY-5083: NAD(P)/NADPH interconversion	648.6874832519
PWY-5083: NAD(P)/NADPH interconversion|g__Escherichia.s__Escherichia_coli	627.1269048133
PWY-7184: pyrimidine deoxyribonucleotides de novo biosynthesis I	641.7399532502
PWY-7184: pyrimidine deoxyribonucleotides de novo biosynthesis I|g__Escherichia.s__Escherichia_coli	593.0702353059
PWY-6901: superpathway of glucose and xylose degradation	640.6688219487
PWY-6901: superpathway of glucose and xylose degradation|g__Escherichia.s__Escherichia_coli	617.4851985847
THISYN-PWY: superpathway of thiamine diphosphate biosynthesis I	640.2994392008
THISYN-PWY: superpathway of thiamine diphosphate biosynthesis I|g__Escherichia.s__Escherichia_coli	562.9859799846
POLYISOPRENSYN-PWY: polyisoprenoid biosynthesis (E. coli)	638.5525433835
POLYISOPRENSYN-PWY: polyisoprenoid biosynthesis (E. coli)|g__Escherichia.s__Escherichia_coli	591.6150616998
METHGLYUT-PWY: superpathway of methylglyoxal degradation	631.5836181552
METHGLYUT-PWY: superpathway of methylglyoxal degradation|g__Escherichia.s__Escherichia_coli	593.3781918270
PWY-5747: 2-methylcitrate cycle II	626.0731251206
PWY-5747: 2-methylcitrate cycle II|g__Escherichia.s__Escherichia_coli	478.5575773499
PWY-5747: 2-methylcitrate cycle II|unclassified	90.2647220767
COA-PWY: coenzyme A biosynthesis I (prokaryotic)	622.2092895612
COA-PWY: coenzyme A biosynthesis I (prokaryotic)|g__Escherichia.s__Escherichia_coli	581.6737314651
COA-PWY: coenzyme A biosynthesis I (prokaryotic)|g__Cutibacterium.s__Cutibacterium_acnes	25.3901749125
PWY-7199: pyrimidine deoxyribonucleosides salvage	614.8613724986
PWY-7199: pyrimidine deoxyribonucleosides salvage|g__Escherichia.s__Escherichia_coli	548.1209030817
PWY-7199: pyrimidine deoxyribonucleosides salvage|g__Cutibacterium.s__Cutibacterium_acnes	36.9292281978
HCAMHPDEG-PWY: 3-phenylpropanoate and 3-(3-hydroxyphenyl)propanoate degradation to 2-hydroxypentadienoate	608.5105659689
HCAMHPDEG-PWY: 3-phenylpropanoate and 3-(3-hydroxyphenyl)propanoate degradation to 2-hydroxypentadienoate|g__Escherichia.s__Escherichia_coli	608.5105659689
PWY-6690: cinnamate and 3-hydroxycinnamate degradation to 2-hydroxypentadienoate	608.5105659689
PWY-6690: cinnamate and 3-hydroxycinnamate degradation to 2-hydroxypentadienoate|g__Escherichia.s__Escherichia_coli	608.5105659689
PWY-6147: 6-hydroxymethyl-dihydropterin diphosphate biosynthesis I	585.7032570935
PWY-6147: 6-hydroxymethyl-dihydropterin diphosphate biosynthesis I|g__Escherichia.s__Escherichia_coli	470.5669354701
PWY-6147: 6-hydroxymethyl-dihydropterin diphosphate biosynthesis I|unclassified	46.5565509690
PWY-6147: 6-hydroxymethyl-dihydropterin diphosphate biosynthesis I|g__Cutibacterium.s__Cutibacterium_acnes	29.0320053395
PWY-7254: TCA cycle VII (acetate-producers)	582.1624939309
PWY-7254: TCA cycle VII (acetate-producers)|g__Escherichia.s__Escherichia_coli	568.0678049042
PWY-5690: TCA cycle II (plants and fungi)	561.0792414287
PWY-5690: TCA cycle II (plants and fungi)|g__Escherichia.s__Escherichia_coli	544.1953856219
PWY-2723: trehalose degradation V	559.3740612585
PWY-2723: trehalose degradation V|g__Escherichia.s__Escherichia_coli	518.0853651283
PWY-7539: 6-hydroxymethyl-dihydropterin diphosphate biosynthesis III (Chlamydia)	556.7565052995
PWY-7539: 6-hydroxymethyl-dihydropterin diphosphate biosynthesis III (Chlamydia)|g__Escherichia.s__Escherichia_coli	452.4806459328
PWY-7539: 6-hydroxymethyl-dihydropterin diphosphate biosynthesis III (Chlamydia)|g__Cutibacterium.s__Cutibacterium_acnes	28.6599317354
PWY0-166: superpathway of pyrimidine deoxyribonucleotides de novo biosynthesis (E. coli)	555.2442466414
PWY0-166: superpathway of pyrimidine deoxyribonucleotides de novo biosynthesis (E. coli)|g__Escherichia.s__Escherichia_coli	514.1796077529
PWY0-1338: polymyxin resistance	553.8386774645
PWY0-1338: polymyxin resistance|g__Escherichia.s__Escherichia_coli	541.6903105966
PWY-5791	548.8304815594
PWY-5791|g__Escherichia.s__Escherichia_coli	525.2667585232
GALACTUROCAT-PWY: D-galacturonate degradation I	547.9438386180
GALACTUROCAT-PWY: D-galacturonate degradation I|g__Escherichia.s__Escherichia_coli	543.3168629120
PWY-7315: dTDP-N-acetylthomosamine biosynthesis	543.6886452541
PWY-7315: dTDP-N-acetylthomosamine biosynthesis|g__Escherichia.s__Escherichia_coli	524.4748001418
PWY-7208: superpathway of pyrimidine nucleobases salvage	530.5848348278
PWY-7208: superpathway of pyrimidine nucleobases salvage|g__Escherichia.s__Escherichia_coli	423.7578706557
PWY-7208: superpathway of pyrimidine nucleobases salvage|g__Cutibacterium.s__Cutibacterium_acnes	42.8386778220
PWY-7208: superpathway of pyrimidine nucleobases salvage|unclassified	19.5224393868
PWY-5920: superpathway of heme b biosynthesis from glycine	528.0133462817
PWY-5920: superpathway of heme b biosynthesis from glycine|g__Escherichia.s__Escherichia_coli	476.3872298607
PWY-6703: preQ0 biosynthesis	524.7630832273
PWY-6703: preQ0 biosynthesis|g__Escherichia.s__Escherichia_coli	518.5082386133
PWY-7115: C4 photosynthetic carbon assimilation cycle, NAD-ME type	522.9949318273
PWY-7115: C4 photosynthetic carbon assimilation cycle, NAD-ME type|g__Escherichia.s__Escherichia_coli	496.7849849077
PWY-7115: C4 photosynthetic carbon assimilation cycle, NAD-ME type|unclassified	17.4457384865
FOLSYN-PWY: superpathway of tetrahydrofolate biosynthesis and salvage	519.0488990533
FOLSYN-PWY: superpathway of tetrahydrofolate biosynthesis and salvage|g__Escherichia.s__Escherichia_coli	496.1028168157
PWY-6270: isoprene biosynthesis I	508.3505566096
PWY-6270: isoprene biosynthesis I|g__Escherichia.s__Escherichia_coli	423.5222225600
PWY-6270: isoprene biosynthesis I|g__Cutibacterium.s__Cutibacterium_acnes	30.8465655025
PWY-7197: pyrimidine deoxyribonucleotide phosphorylation	507.7451113307
PWY-7197: pyrimidine deoxyribonucleotide phosphorylation|g__Escherichia.s__Escherichia_coli	456.5555436469
PWY-7197: pyrimidine deoxyribonucleotide phosphorylation|g__Cutibacterium.s__Cutibacterium_acnes	41.6550742601
DENOVOPURINE2-PWY: superpathway of purine nucleotides de novo biosynthesis II	507.6670651069
DENOVOPURINE2-PWY: superpathway of purine nucleotides de novo biosynthesis II|g__Escherichia.s__Escherichia_coli	469.1034657445
PRPP-PWY: superpathway of histidine, purine, and pyrimidine biosynthesis	491.9406910720
PRPP-PWY: superpathway of histidine, purine, and pyrimidine biosynthesis|g__Escherichia.s__Escherichia_coli	459.0532506402
PWY-7242: D-fructuronate degradation	477.7891640744
PWY-7242: D-fructuronate degradation|g__Escherichia.s__Escherichia_coli	471.9097987793
PWY-4242	459.2885275722
PWY-4242|g__Escherichia.s__Escherichia_coli	329.7695365869
PWY-4242|g__Cutibacterium.s__Cutibacterium_acnes	23.6829431828
PWY-5367: petroselinate biosynthesis	455.9111541016
PWY-5367: petroselinate biosynthesis|g__Escherichia.s__Escherichia_coli	453.4463472257
PWY0-1241: ADP-L-glycero-&beta;-D-manno-heptose biosynthesis	451.9371732327
PWY0-1241: ADP-L-glycero-&beta;-D-manno-heptose biosynthesis|g__Escherichia.s__Escherichia_coli	439.2456084955
PWY-6612: superpathway of tetrahydrofolate biosynthesis	451.4611081011
PWY-6612: superpathway of tetrahydrofolate biosynthesis|g__Escherichia.s__Escherichia_coli	435.3722576475
PWY-7269: mitochondrial NADPH production (yeast)	451.4505278560
PWY-7269: mitochondrial NADPH production (yeast)|g__Escherichia.s__Escherichia_coli	438.9248504557
PWY-6507: 4-deoxy-L-threo-hex-4-enopyranuronate degradation	448.5631497481
PWY-6507: 4-deoxy-L-threo-hex-4-enopyranuronate degradation|g__Escherichia.s__Escherichia_coli	436.0646047365
PWY-5497: purine nucleobases degradation II (anaerobic)	418.6912368004
PWY-5497: purine nucleobases degradation II (anaerobic)|g__Escherichia.s__Escherichia_coli	403.8716963282
TRPSYN-PWY: L-tryptophan biosynthesis	405.8837471018
TRPSYN-PWY: L-tryptophan biosynthesis|g__Escherichia.s__Escherichia_coli	317.0002245123
TRPSYN-PWY: L-tryptophan biosynthesis|unclassified	76.4886684599
PWY-6630: superpathway of L-tyrosine biosynthesis	391.1353798479
PWY-6630: superpathway of L-tyrosine biosynthesis|g__Escherichia.s__Escherichia_coli	334.1358129356
RIBOSYN2-PWY: flavin biosynthesis I (bacteria and plants)	372.9978249224
RIBOSYN2-PWY: flavin biosynthesis I (bacteria and plants)|g__Escherichia.s__Escherichia_coli	329.2905937701
PWY-7237: myo-, chiro- and scyllo-inositol degradation	365.7130376084
PWY-7237: myo-, chiro- and scyllo-inositol degradation|g__Escherichia.s__Escherichia_coli	365.7130376084
PWY0-1061: superpathway of L-alanine biosynthesis	361.3167155895
PWY0-1061: superpathway of L-alanine biosynthesis|g__Escherichia.s__Escherichia_coli	333.7535355676
PWY0-1061: superpathway of L-alanine biosynthesis|unclassified	18.0513920383
GALACT-GLUCUROCAT-PWY: superpathway of hexuronide and hexuronate degradation	361.0796057580
GALACT-GLUCUROCAT-PWY: superpathway of hexuronide and hexuronate degradation|g__Escherichia.s__Escherichia_coli	358.1837182286
PWY-7328: superpathway of UDP-glucose-derived O-antigen building blocks biosynthesis	357.3730302833
PWY-7328: superpathway of UDP-glucose-derived O-antigen building blocks biosynthesis|g__Escherichia.s__Escherichia_coli	338.5201917593
PWY-6588: pyruvate fermentation to acetone	344.1751560793
PWY-6588: pyruvate fermentation to acetone|g__Escherichia.s__Escherichia_coli	335.8925482007
PWY-7187: pyrimidine deoxyribonucleotides de novo biosynthesis II	339.4878917081
PWY-7187: pyrimidine deoxyribonucleotides de novo biosynthesis II|g__Escherichia.s__Escherichia_coli	324.0604319161
UBISYN-PWY: superpathway of ubiquinol-8 biosynthesis (early decarboxylation)	308.9535432591
UBISYN-PWY: superpathway of ubiquinol-8 biosynthesis (early decarboxylation)|g__Escherichia.s__Escherichia_coli	307.8947277894
PWY-6168: flavin biosynthesis III (fungi)	300.2643680646
PWY-6168: flavin biosynthesis III (fungi)|g__Escherichia.s__Escherichia_coli	264.1932882975
PWY-6823: molybdopterin biosynthesis	287.1546627491
PWY-6823: molybdopterin biosynthesis|g__Escherichia.s__Escherichia_coli	277.5628420743
PWY-6708: ubiquinol-8 biosynthesis (early decarboxylation)	280.5298938728
PWY-6708: ubiquinol-8 biosynthesis (early decarboxylation)|g__Escherichia.s__Escherichia_coli	279.9498388072
PWY-5855: ubiquinol-7 biosynthesis (early decarboxylation)	277.7552960875
PWY-5855: ubiquinol-7 biosynthesis (early decarboxylation)|g__Escherichia.s__Escherichia_coli	277.0731962220
PWY-5856: ubiquinol-9 biosynthesis (early decarboxylation)	277.7552960875
PWY-5856: ubiquinol-9 biosynthesis (early decarboxylation)|g__Escherichia.s__Escherichia_coli	277.0731962220
PWY-5857: ubiquinol-10 biosynthesis (early decarboxylation)	277.7552960875
PWY-5857: ubiquinol-10 biosynthesis (early decarboxylation)|g__Escherichia.s__Escherichia_coli	277.0731962220
PWY-7094: fatty acid salvage	268.2889745232
PWY-7094: fatty acid salvage|unclassified	68.9291781148
PWY-7094: fatty acid salvage|g__Escherichia.s__Escherichia_coli	55.7583279297
GLUCUROCAT-PWY: superpathway of &beta;-D-glucuronosides degradation	267.0030775799
GLUCUROCAT-PWY: superpathway of &beta;-D-glucuronosides degradation|g__Escherichia.s__Escherichia_coli	265.5400731256
PWY-7209: superpathway of pyrimidine ribonucleosides degradation	259.3650386532
PWY-7209: superpathway of pyrimidine ribonucleosides degradation|g__Escherichia.s__Escherichia_coli	254.0357023691
PWY-4321: L-glutamate degradation IV	256.5397134510
PWY-4321: L-glutamate degradation IV|g__Escherichia.s__Escherichia_coli	236.6912193184
P221-PWY: octane oxidation	251.0734257692
P221-PWY: octane oxidation|g__Escherichia.s__Escherichia_coli	250.1241058662
PWY-5705: allantoin degradation to glyoxylate III	241.4365804236
PWY-5705: allantoin degradation to glyoxylate III|g__Escherichia.s__Escherichia_coli	240.4549103671
ECASYN-PWY: enterobacterial common antigen biosynthesis	237.6272286571
ECASYN-PWY: enterobacterial common antigen biosynthesis|g__Escherichia.s__Escherichia_coli	235.9096870455
PWY-7446: sulfoquinovose degradation I	234.2641870304
PWY-7446: sulfoquinovose degradation I|g__Escherichia.s__Escherichia_coli	234.2641870304
PPGPPMET-PWY: ppGpp metabolism	227.7215080716
PPGPPMET-PWY: ppGpp metabolism|g__Escherichia.s__Escherichia_coli	224.3471924553
GLUDEG-I-PWY: GABA shunt	204.0594128292
GLUDEG-I-PWY: GABA shunt|g__Escherichia.s__Escherichia_coli	194.3372101435
PWY-7409: phospholipid remodeling (phosphatidylethanolamine, yeast)	201.2451062364
PWY-7409: phospholipid remodeling (phosphatidylethanolamine, yeast)|g__Escherichia.s__Escherichia_coli	130.1329380420
LPSSYN-PWY: superpathway of lipopolysaccharide biosynthesis	197.0110779681
LPSSYN-PWY: superpathway of lipopolysaccharide biosynthesis|g__Escherichia.s__Escherichia_coli	196.1867422224
P122-PWY: heterolactic fermentation	189.9174321389
GLYCOL-GLYOXDEG-PWY: superpathway of glycol metabolism and degradation	172.8164297108
GLYCOL-GLYOXDEG-PWY: superpathway of glycol metabolism and degradation|g__Escherichia.s__Escherichia_coli	161.3202786023
GLYCOL-GLYOXDEG-PWY: superpathway of glycol metabolism and degradation|unclassified	26.2187726896
PWY-5121: superpathway of geranylgeranyl diphosphate biosynthesis II (via MEP)	156.9536978486
PWY-5121: superpathway of geranylgeranyl diphosphate biosynthesis II (via MEP)|g__Escherichia.s__Escherichia_coli	151.8495307762
PWY-7198: pyrimidine deoxyribonucleotides de novo biosynthesis IV	151.3023481638
P108-PWY: pyruvate fermentation to propanoate I	148.7033126728
PWY0-1533: methylphosphonate degradation I	137.5197812234
PWY0-1533: methylphosphonate degradation I|g__Escherichia.s__Escherichia_coli	135.7978796432
KDO-NAGLIPASYN-PWY: superpathway of (Kdo)2-lipid A biosynthesis	133.6211502402
KDO-NAGLIPASYN-PWY: superpathway of (Kdo)2-lipid A biosynthesis|g__Escherichia.s__Escherichia_coli	133.4781731935
PYRIDNUCSAL-PWY: NAD salvage pathway I (PNC VI cycle)	125.6035942536
PYRIDNUCSAL-PWY: NAD salvage pathway I (PNC VI cycle)|g__Escherichia.s__Escherichia_coli	124.6599850274
PWY-6467: Kdo transfer to lipid IVA III (Chlamydia)	95.6504583333
PWY-6467: Kdo transfer to lipid IVA III (Chlamydia)|g__Escherichia.s__Escherichia_coli	95.6504583333
NAD-BIOSYNTHESIS-II: NAD salvage pathway III (to nicotinamide riboside)	92.8907189998
NAD-BIOSYNTHESIS-II: NAD salvage pathway III (to nicotinamide riboside)|g__Escherichia.s__Escherichia_coli	92.8258692545
PWY0-41: allantoin degradation IV (anaerobic)	87.1864849296
PWY0-41: allantoin degradation IV (anaerobic)|g__Escherichia.s__Escherichia_coli	86.8869074288
PWY-5005: biotin biosynthesis II	72.9009657075
PWY-4981: L-proline biosynthesis II (from arginine)	72.8641266387
PWY-4981: L-proline biosynthesis II (from arginine)|g__Cutibacterium.s__Cutibacterium_acnes	40.4344089202
PWY-241: C4 photosynthetic carbon assimilation cycle, NADP-ME type	71.5644232867
PWY-6859: all-trans-farnesol biosynthesis	68.6036685526
PWY-6859: all-trans-farnesol biosynthesis|g__Escherichia.s__Escherichia_coli	68.1013273244
PWY-5345: superpathway of L-methionine biosynthesis (by sulfhydrylation)	60.5722890216
PWY-7616: methanol oxidation to carbon dioxide	59.5182362367
PWY-5692: allantoin degradation to glyoxylate II	54.1575853159
URDEGR-PWY: superpathway of allantoin degradation in plants	54.1575853159
PWY-6545: pyrimidine deoxyribonucleotides de novo biosynthesis III	48.0934012602
PWY-6318: L-phenylalanine degradation IV (mammalian, via side chain)	39.4763886377
HISDEG-PWY: L-histidine degradation I	35.2361151794
HISDEG-PWY: L-histidine degradation I|g__Cutibacterium.s__Cutibacterium_acnes	33.6417671482
PWY-5028: L-histidine degradation II	34.8784629910
PWY-5028: L-histidine degradation II|g__Cutibacterium.s__Cutibacterium_acnes	33.6168654057
PWY-6317: D-galactose degradation I (Leloir pathway)	30.6102844316
HSERMETANA-PWY: L-methionine biosynthesis III	17.2405436223