# Pathway	COAD_noFFPEOnlyPrimaryNoRiboZeroG_right_Coverage
UNMAPPED	1.0000000000
UNINTEGRATED	1.0000000000
UNINTEGRATED|g__Cutibacterium.s__Cutibacterium_acnes	1.0000000000
UNINTEGRATED|g__Cutibacterium.s__Propionibacterium_humerusii	1.0000000000
UNINTEGRATED|g__Escherichia.s__Escherichia_coli	1.0000000000
UNINTEGRATED|unclassified	1.0000000000
PWY0-1586: peptidoglycan maturation (meso-diaminopimelate containing)	1.0000000000
PWY0-1586: peptidoglycan maturation (meso-diaminopimelate containing)|g__Escherichia.s__Escherichia_coli	1.0000000000
PWY0-1586: peptidoglycan maturation (meso-diaminopimelate containing)|unclassified	1.0000000000
PWY-7111: pyruvate fermentation to isobutanol (engineered)	1.0000000000
PWY-7111: pyruvate fermentation to isobutanol (engineered)|g__Escherichia.s__Escherichia_coli	1.0000000000
PWY-7111: pyruvate fermentation to isobutanol (engineered)|unclassified	0.9933739919
ILEUSYN-PWY: L-isoleucine biosynthesis I (from threonine)	1.0000000000
ILEUSYN-PWY: L-isoleucine biosynthesis I (from threonine)|g__Escherichia.s__Escherichia_coli	1.0000000000
ILEUSYN-PWY: L-isoleucine biosynthesis I (from threonine)|unclassified	0.0000000001
VALSYN-PWY: L-valine biosynthesis	1.0000000000
VALSYN-PWY: L-valine biosynthesis|g__Escherichia.s__Escherichia_coli	1.0000000000
VALSYN-PWY: L-valine biosynthesis|unclassified	0.0000000001
SALVADEHYPOX-PWY: adenosine nucleotides degradation II	1.0000000000
SALVADEHYPOX-PWY: adenosine nucleotides degradation II|g__Escherichia.s__Escherichia_coli	1.0000000000
SALVADEHYPOX-PWY: adenosine nucleotides degradation II|unclassified	0.0000000001
NONOXIPENT-PWY: pentose phosphate pathway (non-oxidative branch) I	1.0000000000
NONOXIPENT-PWY: pentose phosphate pathway (non-oxidative branch) I|g__Escherichia.s__Escherichia_coli	1.0000000000
NONOXIPENT-PWY: pentose phosphate pathway (non-oxidative branch) I|unclassified	0.5230671879
P461-PWY: hexitol fermentation to lactate, formate, ethanol and acetate	0.9993063135
P461-PWY: hexitol fermentation to lactate, formate, ethanol and acetate|g__Escherichia.s__Escherichia_coli	0.9036354516
P461-PWY: hexitol fermentation to lactate, formate, ethanol and acetate|unclassified	0.8355647006
PWY-5695: inosine 5'-phosphate degradation	1.0000000000
PWY-5695: inosine 5'-phosphate degradation|g__Escherichia.s__Escherichia_coli	1.0000000000
PWY-5695: inosine 5'-phosphate degradation|unclassified	0.0072702675
PWY-6608: guanosine nucleotides degradation III	1.0000000000
PWY-6608: guanosine nucleotides degradation III|g__Escherichia.s__Escherichia_coli	1.0000000000
PWY-6608: guanosine nucleotides degradation III|unclassified	0.0000000000
ORNDEG-PWY: superpathway of ornithine degradation	1.0000000000
ORNDEG-PWY: superpathway of ornithine degradation|g__Escherichia.s__Escherichia_coli	1.0000000000
PWY-1042: glycolysis IV	1.0000000000
PWY-1042: glycolysis IV|g__Escherichia.s__Escherichia_coli	1.0000000000
CALVIN-PWY: Calvin-Benson-Bassham cycle	0.9999999947
CALVIN-PWY: Calvin-Benson-Bassham cycle|g__Escherichia.s__Escherichia_coli	0.9999999985
CALVIN-PWY: Calvin-Benson-Bassham cycle|unclassified	0.0000000000
PWY-7663: gondoate biosynthesis (anaerobic)	0.9999999998
PWY-7663: gondoate biosynthesis (anaerobic)|g__Escherichia.s__Escherichia_coli	1.0000000000
PWY-7663: gondoate biosynthesis (anaerobic)|unclassified	0.0000002478
PWY-5913: partial TCA cycle (obligate autotrophs)	1.0000000000
PWY-5913: partial TCA cycle (obligate autotrophs)|g__Escherichia.s__Escherichia_coli	1.0000000000
PWY-5913: partial TCA cycle (obligate autotrophs)|unclassified	0.0000767251
UDPNAGSYN-PWY: UDP-N-acetyl-D-glucosamine biosynthesis I	1.0000000000
UDPNAGSYN-PWY: UDP-N-acetyl-D-glucosamine biosynthesis I|g__Escherichia.s__Escherichia_coli	1.0000000000
UDPNAGSYN-PWY: UDP-N-acetyl-D-glucosamine biosynthesis I|unclassified	0.0000485532
UDPNAGSYN-PWY: UDP-N-acetyl-D-glucosamine biosynthesis I|g__Cutibacterium.s__Cutibacterium_acnes	0.3989301769
PWY-4041: &gamma;-glutamyl cycle	1.0000000000
PWY-4041: &gamma;-glutamyl cycle|g__Escherichia.s__Escherichia_coli	1.0000000000
PWY-4041: &gamma;-glutamyl cycle|unclassified	0.9966176404
PWY0-1261: anhydromuropeptides recycling I	0.0000000000
PWY0-1261: anhydromuropeptides recycling I|g__Escherichia.s__Escherichia_coli	0.0000000000
PWY0-1261: anhydromuropeptides recycling I|unclassified	0.0000995331
GLYCOLYSIS: glycolysis I (from glucose 6-phosphate)	0.8832042316
GLYCOLYSIS: glycolysis I (from glucose 6-phosphate)|g__Escherichia.s__Escherichia_coli	0.8587049445
GLYCOLYSIS: glycolysis I (from glucose 6-phosphate)|unclassified	0.0000000001
PWY-6353: purine nucleotides degradation II (aerobic)	0.0004019694
PWY-6353: purine nucleotides degradation II (aerobic)|g__Escherichia.s__Escherichia_coli	0.0327218788
PWY-5723: Rubisco shunt	0.0000000001
PWY-5723: Rubisco shunt|g__Escherichia.s__Escherichia_coli	0.0000000002
PWY-5723: Rubisco shunt|unclassified	0.0000000000
PWY-6737: starch degradation V	1.0000000000
PWY-6737: starch degradation V|g__Escherichia.s__Escherichia_coli	1.0000000000
PWY-6737: starch degradation V|unclassified	0.9220318697
HOMOSER-METSYN-PWY: L-methionine biosynthesis I	1.0000000000
HOMOSER-METSYN-PWY: L-methionine biosynthesis I|g__Escherichia.s__Escherichia_coli	1.0000000000
HOMOSER-METSYN-PWY: L-methionine biosynthesis I|unclassified	0.9896618379
BRANCHED-CHAIN-AA-SYN-PWY: superpathway of branched chain amino acid biosynthesis	0.0025523697
BRANCHED-CHAIN-AA-SYN-PWY: superpathway of branched chain amino acid biosynthesis|g__Escherichia.s__Escherichia_coli	0.0018249908
BRANCHED-CHAIN-AA-SYN-PWY: superpathway of branched chain amino acid biosynthesis|unclassified	0.0000000000
RHAMCAT-PWY: L-rhamnose degradation I	0.9999999997
RHAMCAT-PWY: L-rhamnose degradation I|g__Escherichia.s__Escherichia_coli	0.9999947308
RHAMCAT-PWY: L-rhamnose degradation I|unclassified	0.0000739854
ANAGLYCOLYSIS-PWY: glycolysis III (from glucose)	0.8199519728
ANAGLYCOLYSIS-PWY: glycolysis III (from glucose)|g__Escherichia.s__Escherichia_coli	0.8042654476
ANAGLYCOLYSIS-PWY: glycolysis III (from glucose)|unclassified	0.0000000001
PWY-5484: glycolysis II (from fructose 6-phosphate)	0.8056631466
PWY-5484: glycolysis II (from fructose 6-phosphate)|g__Escherichia.s__Escherichia_coli	0.7786175079
PWY-5484: glycolysis II (from fructose 6-phosphate)|unclassified	0.0000000001
PWY-5347: superpathway of L-methionine biosynthesis (transsulfuration)	0.9986881204
PWY-5347: superpathway of L-methionine biosynthesis (transsulfuration)|g__Escherichia.s__Escherichia_coli	0.9993785783
PWY-5347: superpathway of L-methionine biosynthesis (transsulfuration)|unclassified	0.0000000082
PWY-6305: superpathway of putrescine biosynthesis	0.0000000000
PWY-6305: superpathway of putrescine biosynthesis|g__Escherichia.s__Escherichia_coli	0.0000000030
METSYN-PWY: superpathway of L-homoserine and L-methionine biosynthesis	0.9984698084
METSYN-PWY: superpathway of L-homoserine and L-methionine biosynthesis|g__Escherichia.s__Escherichia_coli	0.9992750831
METSYN-PWY: superpathway of L-homoserine and L-methionine biosynthesis|unclassified	0.1340193190
GLYCOLYSIS-TCA-GLYOX-BYPASS: superpathway of glycolysis, pyruvate dehydrogenase, TCA, and glyoxylate bypass	0.0000000001
GLYCOLYSIS-TCA-GLYOX-BYPASS: superpathway of glycolysis, pyruvate dehydrogenase, TCA, and glyoxylate bypass|g__Escherichia.s__Escherichia_coli	0.0000000000
PWY-5103: L-isoleucine biosynthesis III	0.0019154995
PWY-5103: L-isoleucine biosynthesis III|g__Escherichia.s__Escherichia_coli	0.0013693679
PWY-5103: L-isoleucine biosynthesis III|unclassified	0.0000000000
PENTOSE-P-PWY: pentose phosphate pathway	0.6744192820
PENTOSE-P-PWY: pentose phosphate pathway|g__Escherichia.s__Escherichia_coli	0.0000000089
PENTOSE-P-PWY: pentose phosphate pathway|unclassified	0.0000000000
HEXITOLDEGSUPER-PWY: superpathway of hexitol degradation (bacteria)	0.8462135045
HEXITOLDEGSUPER-PWY: superpathway of hexitol degradation (bacteria)|g__Escherichia.s__Escherichia_coli	0.8111150551
HEXITOLDEGSUPER-PWY: superpathway of hexitol degradation (bacteria)|unclassified	0.0000000001
PWY-7117: C4 photosynthetic carbon assimilation cycle, PEPCK type	0.9937424655
PWY-7117: C4 photosynthetic carbon assimilation cycle, PEPCK type|g__Escherichia.s__Escherichia_coli	0.9995372270
PWY-7117: C4 photosynthetic carbon assimilation cycle, PEPCK type|unclassified	0.0000000062
MET-SAM-PWY: superpathway of S-adenosyl-L-methionine biosynthesis	0.9986881018
MET-SAM-PWY: superpathway of S-adenosyl-L-methionine biosynthesis|g__Escherichia.s__Escherichia_coli	0.9993507226
MET-SAM-PWY: superpathway of S-adenosyl-L-methionine biosynthesis|unclassified	0.1529072941
PWY-7388: octanoyl-[acyl-carrier protein] biosynthesis (mitochondria, yeast)	0.9246995560
PWY-7388: octanoyl-[acyl-carrier protein] biosynthesis (mitochondria, yeast)|g__Escherichia.s__Escherichia_coli	0.9618431512
PWY-3001: superpathway of L-isoleucine biosynthesis I	0.0037391919
PWY-3001: superpathway of L-isoleucine biosynthesis I|g__Escherichia.s__Escherichia_coli	0.0027100418
TCA: TCA cycle I (prokaryotic)	0.0000000001
TCA: TCA cycle I (prokaryotic)|g__Escherichia.s__Escherichia_coli	0.0000000000
TCA: TCA cycle I (prokaryotic)|unclassified	0.0001150768
PWY-6936: seleno-amino acid biosynthesis (plants)	0.9999999992
PWY-6936: seleno-amino acid biosynthesis (plants)|g__Escherichia.s__Escherichia_coli	0.9999998799
PWY-6936: seleno-amino acid biosynthesis (plants)|unclassified	0.0000000007
PWY0-1296: purine ribonucleosides degradation	0.9688896727
PWY0-1296: purine ribonucleosides degradation|g__Escherichia.s__Escherichia_coli	0.9986377965
P161-PWY: acetylene degradation (anaerobic)	0.0007379798
P161-PWY: acetylene degradation (anaerobic)|g__Escherichia.s__Escherichia_coli	0.0189640324
ARGSYNBSUB-PWY: L-arginine biosynthesis II (acetyl cycle)	0.9332099797
ARGSYNBSUB-PWY: L-arginine biosynthesis II (acetyl cycle)|g__Escherichia.s__Escherichia_coli	0.7300811539
ARGSYNBSUB-PWY: L-arginine biosynthesis II (acetyl cycle)|g__Cutibacterium.s__Cutibacterium_acnes	0.1659196304
ARGSYN-PWY: L-arginine biosynthesis I (via L-ornithine)	0.9949770309
ARGSYN-PWY: L-arginine biosynthesis I (via L-ornithine)|g__Escherichia.s__Escherichia_coli	0.9760384841
ARGSYN-PWY: L-arginine biosynthesis I (via L-ornithine)|g__Cutibacterium.s__Cutibacterium_acnes	0.3036497383
ARGSYN-PWY: L-arginine biosynthesis I (via L-ornithine)|unclassified	0.0000000000
PWY-5154: L-arginine biosynthesis III (via N-acetyl-L-citrulline)	0.7600237424
PWY-5154: L-arginine biosynthesis III (via N-acetyl-L-citrulline)|g__Escherichia.s__Escherichia_coli	0.3833753449
PWY-5154: L-arginine biosynthesis III (via N-acetyl-L-citrulline)|unclassified	0.0000000000
PWY-7400: L-arginine biosynthesis IV (archaebacteria)	0.9349485589
PWY-7400: L-arginine biosynthesis IV (archaebacteria)|g__Escherichia.s__Escherichia_coli	0.7358947107
PWY-7400: L-arginine biosynthesis IV (archaebacteria)|g__Cutibacterium.s__Cutibacterium_acnes	0.3251162163
PWY-7400: L-arginine biosynthesis IV (archaebacteria)|unclassified	0.0000000000
PWY-6385: peptidoglycan biosynthesis III (mycobacteria)	0.0053964208
PWY-6385: peptidoglycan biosynthesis III (mycobacteria)|g__Escherichia.s__Escherichia_coli	0.0072833393
PWY-6385: peptidoglycan biosynthesis III (mycobacteria)|g__Cutibacterium.s__Cutibacterium_acnes	0.0916201093
PWY-6385: peptidoglycan biosynthesis III (mycobacteria)|unclassified	0.0000000000
PWY-5675: nitrate reduction V (assimilatory)	0.0000000001
PWY-5675: nitrate reduction V (assimilatory)|g__Escherichia.s__Escherichia_coli	0.0000000001
PWY-5675: nitrate reduction V (assimilatory)|unclassified	0.1394745250
ASPASN-PWY: superpathway of L-aspartate and L-asparagine biosynthesis	0.9988442012
ASPASN-PWY: superpathway of L-aspartate and L-asparagine biosynthesis|g__Escherichia.s__Escherichia_coli	0.9994205554
ASPASN-PWY: superpathway of L-aspartate and L-asparagine biosynthesis|unclassified	0.0000000047
TCA-GLYOX-BYPASS: superpathway of glyoxylate bypass and TCA	0.0000000001
TCA-GLYOX-BYPASS: superpathway of glyoxylate bypass and TCA|g__Escherichia.s__Escherichia_coli	0.0000000000
TCA-GLYOX-BYPASS: superpathway of glyoxylate bypass and TCA|unclassified	0.0000863191
PWY-6387: UDP-N-acetylmuramoyl-pentapeptide biosynthesis I (meso-diaminopimelate containing)	0.0401470782
PWY-6387: UDP-N-acetylmuramoyl-pentapeptide biosynthesis I (meso-diaminopimelate containing)|g__Escherichia.s__Escherichia_coli	0.0766503938
PWY-6387: UDP-N-acetylmuramoyl-pentapeptide biosynthesis I (meso-diaminopimelate containing)|g__Cutibacterium.s__Cutibacterium_acnes	0.3972351742
PWY-6387: UDP-N-acetylmuramoyl-pentapeptide biosynthesis I (meso-diaminopimelate containing)|unclassified	0.0000000000
P441-PWY: superpathway of N-acetylneuraminate degradation	0.0000000001
P441-PWY: superpathway of N-acetylneuraminate degradation|g__Escherichia.s__Escherichia_coli	0.0000000003
PWY-6606: guanosine nucleotides degradation II	0.0001462090
PWY-6606: guanosine nucleotides degradation II|g__Escherichia.s__Escherichia_coli	0.0125013729
PWY-5104: L-isoleucine biosynthesis IV	0.0019116166
PWY-5104: L-isoleucine biosynthesis IV|g__Escherichia.s__Escherichia_coli	0.0012122834
PWY-5104: L-isoleucine biosynthesis IV|unclassified	0.0000000002
GLYCOGENSYNTH-PWY: glycogen biosynthesis I (from ADP-D-Glucose)	0.9988062879
GLYCOGENSYNTH-PWY: glycogen biosynthesis I (from ADP-D-Glucose)|g__Escherichia.s__Escherichia_coli	0.3360183641
GLYCOGENSYNTH-PWY: glycogen biosynthesis I (from ADP-D-Glucose)|unclassified	0.0000000000
THRESYN-PWY: superpathway of L-threonine biosynthesis	0.0483191638
THRESYN-PWY: superpathway of L-threonine biosynthesis|g__Escherichia.s__Escherichia_coli	0.0818348272
THRESYN-PWY: superpathway of L-threonine biosynthesis|g__Cutibacterium.s__Cutibacterium_acnes	0.0637072165
PEPTIDOGLYCANSYN-PWY: peptidoglycan biosynthesis I (meso-diaminopimelate containing)	0.0053964208
PEPTIDOGLYCANSYN-PWY: peptidoglycan biosynthesis I (meso-diaminopimelate containing)|g__Escherichia.s__Escherichia_coli	0.0072833367
PEPTIDOGLYCANSYN-PWY: peptidoglycan biosynthesis I (meso-diaminopimelate containing)|g__Cutibacterium.s__Cutibacterium_acnes	0.3598213154
PEPTIDOGLYCANSYN-PWY: peptidoglycan biosynthesis I (meso-diaminopimelate containing)|unclassified	0.0000000000
GLUTORN-PWY: L-ornithine biosynthesis I	0.9789646633
GLUTORN-PWY: L-ornithine biosynthesis I|g__Escherichia.s__Escherichia_coli	0.9595528879
GLUTORN-PWY: L-ornithine biosynthesis I|unclassified	0.0000073868
GLUTORN-PWY: L-ornithine biosynthesis I|g__Cutibacterium.s__Cutibacterium_acnes	0.0999764285
GLUCONEO-PWY: gluconeogenesis I	0.0000000001
GLUCONEO-PWY: gluconeogenesis I|g__Escherichia.s__Escherichia_coli	0.0000000003
GLUCONEO-PWY: gluconeogenesis I|unclassified	0.0000003975
ARG+POLYAMINE-SYN: superpathway of arginine and polyamine biosynthesis	0.0000000000
ARG+POLYAMINE-SYN: superpathway of arginine and polyamine biosynthesis|g__Escherichia.s__Escherichia_coli	0.0000000045
PWY-5667: CDP-diacylglycerol biosynthesis I	0.9216855612
PWY-5667: CDP-diacylglycerol biosynthesis I|g__Escherichia.s__Escherichia_coli	0.6836319957
PWY-5667: CDP-diacylglycerol biosynthesis I|unclassified	0.9929613612
PWY0-1319: CDP-diacylglycerol biosynthesis II	0.9216855612
PWY0-1319: CDP-diacylglycerol biosynthesis II|g__Escherichia.s__Escherichia_coli	0.6836319957
PWY0-1319: CDP-diacylglycerol biosynthesis II|unclassified	0.9929613612
FERMENTATION-PWY: mixed acid fermentation	0.0000000000
FERMENTATION-PWY: mixed acid fermentation|g__Escherichia.s__Escherichia_coli	0.0000000000
GLYCOLYSIS-E-D: superpathway of glycolysis and the Entner-Doudoroff pathway	0.0000000000
GLYCOLYSIS-E-D: superpathway of glycolysis and the Entner-Doudoroff pathway|g__Escherichia.s__Escherichia_coli	0.0000000000
PWY-6122: 5-aminoimidazole ribonucleotide biosynthesis II	0.9814524438
PWY-6122: 5-aminoimidazole ribonucleotide biosynthesis II|g__Escherichia.s__Escherichia_coli	0.6897684670
PWY-6122: 5-aminoimidazole ribonucleotide biosynthesis II|unclassified	0.9997650562
PWY-6122: 5-aminoimidazole ribonucleotide biosynthesis II|g__Cutibacterium.s__Cutibacterium_acnes	0.3548750770
PWY-6122: 5-aminoimidazole ribonucleotide biosynthesis II|g__Cutibacterium.s__Propionibacterium_humerusii	0.7104106689
PWY-6277: superpathway of 5-aminoimidazole ribonucleotide biosynthesis	0.9814524438
PWY-6277: superpathway of 5-aminoimidazole ribonucleotide biosynthesis|g__Escherichia.s__Escherichia_coli	0.6897684670
PWY-6277: superpathway of 5-aminoimidazole ribonucleotide biosynthesis|unclassified	0.9997650562
PWY-6277: superpathway of 5-aminoimidazole ribonucleotide biosynthesis|g__Cutibacterium.s__Cutibacterium_acnes	0.3548750770
PWY-6277: superpathway of 5-aminoimidazole ribonucleotide biosynthesis|g__Cutibacterium.s__Propionibacterium_humerusii	0.7104106689
TRNA-CHARGING-PWY: tRNA charging	0.0000000000
TRNA-CHARGING-PWY: tRNA charging|g__Escherichia.s__Escherichia_coli	0.0000000000
PWY0-1297: superpathway of purine deoxyribonucleosides degradation	0.0011065461
PWY0-1297: superpathway of purine deoxyribonucleosides degradation|g__Escherichia.s__Escherichia_coli	0.0281784350
PWY-5173	0.9904041021
PWY-5173|g__Escherichia.s__Escherichia_coli	0.9203356109
PWY-5173|unclassified	0.3274523472
PWY-6386: UDP-N-acetylmuramoyl-pentapeptide biosynthesis II (lysine-containing)	0.0035131312
PWY-6386: UDP-N-acetylmuramoyl-pentapeptide biosynthesis II (lysine-containing)|g__Escherichia.s__Escherichia_coli	0.0068399301
PWY-6386: UDP-N-acetylmuramoyl-pentapeptide biosynthesis II (lysine-containing)|g__Cutibacterium.s__Cutibacterium_acnes	0.0878922215
PWY-6121: 5-aminoimidazole ribonucleotide biosynthesis I	0.8782614582
PWY-6121: 5-aminoimidazole ribonucleotide biosynthesis I|g__Escherichia.s__Escherichia_coli	0.0059282538
PWY-6121: 5-aminoimidazole ribonucleotide biosynthesis I|unclassified	0.0000001997
PWY-6121: 5-aminoimidazole ribonucleotide biosynthesis I|g__Cutibacterium.s__Cutibacterium_acnes	0.2979331960
PWY-6121: 5-aminoimidazole ribonucleotide biosynthesis I|g__Cutibacterium.s__Propionibacterium_humerusii	0.5275893426
PHOSLIPSYN-PWY: superpathway of phospholipid biosynthesis I (bacteria)	0.0034226403
PHOSLIPSYN-PWY: superpathway of phospholipid biosynthesis I (bacteria)|g__Escherichia.s__Escherichia_coli	0.0000000000
PHOSLIPSYN-PWY: superpathway of phospholipid biosynthesis I (bacteria)|unclassified	0.3459646131
FASYN-ELONG-PWY: fatty acid elongation -- saturated	0.0000000000
FASYN-ELONG-PWY: fatty acid elongation -- saturated|g__Escherichia.s__Escherichia_coli	0.0000000000
POLYAMSYN-PWY: superpathway of polyamine biosynthesis I	0.0000000000
POLYAMSYN-PWY: superpathway of polyamine biosynthesis I|g__Escherichia.s__Escherichia_coli	0.0000000023
POLYAMSYN-PWY: superpathway of polyamine biosynthesis I|unclassified	0.2470380537
GLYCOCAT-PWY: glycogen degradation I	0.0000000000
GLYCOCAT-PWY: glycogen degradation I|g__Escherichia.s__Escherichia_coli	0.0000000000
PWY-5971: palmitate biosynthesis (type II fatty acid synthase)	0.0000000000
PWY-5971: palmitate biosynthesis (type II fatty acid synthase)|g__Escherichia.s__Escherichia_coli	0.0000000000
ANAEROFRUCAT-PWY: homolactic fermentation	0.0000000000
ANAEROFRUCAT-PWY: homolactic fermentation|g__Escherichia.s__Escherichia_coli	0.0000000000
GLCMANNANAUT-PWY: superpathway of N-acetylglucosamine, N-acetylmannosamine and N-acetylneuraminate degradation	0.0007753592
GLCMANNANAUT-PWY: superpathway of N-acetylglucosamine, N-acetylmannosamine and N-acetylneuraminate degradation|g__Escherichia.s__Escherichia_coli	0.0162229256
PWY4LZ-257: superpathway of fermentation (Chlamydomonas reinhardtii)	0.0000000000
PWY4LZ-257: superpathway of fermentation (Chlamydomonas reinhardtii)|g__Escherichia.s__Escherichia_coli	0.0000000000
PWY-7664: oleate biosynthesis IV (anaerobic)	0.0000000000
PWY-7664: oleate biosynthesis IV (anaerobic)|g__Escherichia.s__Escherichia_coli	0.0000000000
PWY-6123: inosine-5'-phosphate biosynthesis I	0.0297750393
PWY-6123: inosine-5'-phosphate biosynthesis I|g__Escherichia.s__Escherichia_coli	0.0035426899
PWY-6123: inosine-5'-phosphate biosynthesis I|unclassified	0.5993566477
PWY-6123: inosine-5'-phosphate biosynthesis I|g__Cutibacterium.s__Cutibacterium_acnes	0.3522429471
FASYN-INITIAL-PWY: superpathway of fatty acid biosynthesis initiation (E. coli)	0.0066956865
FASYN-INITIAL-PWY: superpathway of fatty acid biosynthesis initiation (E. coli)|g__Escherichia.s__Escherichia_coli	0.0000002987
FASYN-INITIAL-PWY: superpathway of fatty acid biosynthesis initiation (E. coli)|unclassified	0.0001474173
PWY-6609: adenine and adenosine salvage III	0.0000000026
PWY-6609: adenine and adenosine salvage III|g__Escherichia.s__Escherichia_coli	0.0000000001
PWY-6609: adenine and adenosine salvage III|g__Cutibacterium.s__Cutibacterium_acnes	0.5395991255
PWY-6609: adenine and adenosine salvage III|unclassified	0.0000000000
PWY-6609: adenine and adenosine salvage III|g__Cutibacterium.s__Propionibacterium_humerusii	0.7204679235
GALACTARDEG-PWY: D-galactarate degradation I	0.0000000000
GALACTARDEG-PWY: D-galactarate degradation I|g__Escherichia.s__Escherichia_coli	0.0000000000
GALACTARDEG-PWY: D-galactarate degradation I|unclassified	0.8268253454
GLUCARGALACTSUPER-PWY: superpathway of D-glucarate and D-galactarate degradation	0.0000000000
GLUCARGALACTSUPER-PWY: superpathway of D-glucarate and D-galactarate degradation|g__Escherichia.s__Escherichia_coli	0.0000000000
GLUCARGALACTSUPER-PWY: superpathway of D-glucarate and D-galactarate degradation|unclassified	0.8268253454
GLYOXYLATE-BYPASS: glyoxylate cycle	0.0000000000
GLYOXYLATE-BYPASS: glyoxylate cycle|g__Escherichia.s__Escherichia_coli	0.0000000000
GLYOXYLATE-BYPASS: glyoxylate cycle|unclassified	0.0000383700
PWY-5188: tetrapyrrole biosynthesis I (from glutamate)	0.0000161200
PWY-5188: tetrapyrrole biosynthesis I (from glutamate)|g__Escherichia.s__Escherichia_coli	0.0000314394
PWY-5188: tetrapyrrole biosynthesis I (from glutamate)|g__Cutibacterium.s__Cutibacterium_acnes	0.0992106797
PWY-5188: tetrapyrrole biosynthesis I (from glutamate)|unclassified	0.0000000012
ARGDEG-PWY: superpathway of L-arginine, putrescine, and 4-aminobutanoate degradation	0.0000000000
ARGDEG-PWY: superpathway of L-arginine, putrescine, and 4-aminobutanoate degradation|g__Escherichia.s__Escherichia_coli	0.0000000000
ORNARGDEG-PWY: superpathway of L-arginine and L-ornithine degradation	0.0000000000
ORNARGDEG-PWY: superpathway of L-arginine and L-ornithine degradation|g__Escherichia.s__Escherichia_coli	0.0000000000
FUCCAT-PWY: fucose degradation	0.2829504201
FUCCAT-PWY: fucose degradation|g__Escherichia.s__Escherichia_coli	0.0813152288
PWY-6519: 8-amino-7-oxononanoate biosynthesis I	0.0000000000
PWY-6519: 8-amino-7-oxononanoate biosynthesis I|g__Escherichia.s__Escherichia_coli	0.0000000000
PWY-6282: palmitoleate biosynthesis I (from (5Z)-dodec-5-enoate)	0.0000000000
PWY-6282: palmitoleate biosynthesis I (from (5Z)-dodec-5-enoate)|g__Escherichia.s__Escherichia_coli	0.0000000000
PWY-7228: superpathway of guanosine nucleotides de novo biosynthesis I	0.0000000000
PWY-7228: superpathway of guanosine nucleotides de novo biosynthesis I|g__Escherichia.s__Escherichia_coli	0.0000000000
PWY-7228: superpathway of guanosine nucleotides de novo biosynthesis I|unclassified	0.0019966296
PWY-7228: superpathway of guanosine nucleotides de novo biosynthesis I|g__Cutibacterium.s__Cutibacterium_acnes	0.7110076798
PWY-1269: CMP-3-deoxy-D-manno-octulosonate biosynthesis	0.0000000000
PWY-1269: CMP-3-deoxy-D-manno-octulosonate biosynthesis|g__Escherichia.s__Escherichia_coli	0.0000000000
PWY-5189: tetrapyrrole biosynthesis II (from glycine)	0.0000107468
PWY-5189: tetrapyrrole biosynthesis II (from glycine)|g__Escherichia.s__Escherichia_coli	0.0000209600
PWY-5189: tetrapyrrole biosynthesis II (from glycine)|g__Cutibacterium.s__Cutibacterium_acnes	0.0131920918
PWY-5189: tetrapyrrole biosynthesis II (from glycine)|unclassified	0.0000000008
PWY4FS-7: phosphatidylglycerol biosynthesis I (plastidic)	0.0000000072
PWY4FS-7: phosphatidylglycerol biosynthesis I (plastidic)|g__Escherichia.s__Escherichia_coli	0.0000000000
PWY4FS-8: phosphatidylglycerol biosynthesis II (non-plastidic)	0.0000000072
PWY4FS-8: phosphatidylglycerol biosynthesis II (non-plastidic)|g__Escherichia.s__Escherichia_coli	0.0000000000
PWY0-862: (5Z)-dodecenoate biosynthesis I	0.0000000000
PWY0-862: (5Z)-dodecenoate biosynthesis I|g__Escherichia.s__Escherichia_coli	0.0000000000
PWY-7220: adenosine deoxyribonucleotides de novo biosynthesis II	0.0000000000
PWY-7220: adenosine deoxyribonucleotides de novo biosynthesis II|g__Escherichia.s__Escherichia_coli	0.0000000000
PWY-7220: adenosine deoxyribonucleotides de novo biosynthesis II|g__Cutibacterium.s__Cutibacterium_acnes	0.9334184770
PWY-7220: adenosine deoxyribonucleotides de novo biosynthesis II|unclassified	0.0015011072
PWY-7222: guanosine deoxyribonucleotides de novo biosynthesis II	0.0000000000
PWY-7222: guanosine deoxyribonucleotides de novo biosynthesis II|g__Escherichia.s__Escherichia_coli	0.0000000000
PWY-7222: guanosine deoxyribonucleotides de novo biosynthesis II|g__Cutibacterium.s__Cutibacterium_acnes	0.9334184770
PWY-7222: guanosine deoxyribonucleotides de novo biosynthesis II|unclassified	0.0015011072
PWY-7282: 4-amino-2-methyl-5-diphosphomethylpyrimidine biosynthesis II	0.0000000000
PWY-7282: 4-amino-2-methyl-5-diphosphomethylpyrimidine biosynthesis II|g__Escherichia.s__Escherichia_coli	0.0000000000
COMPLETE-ARO-PWY: superpathway of aromatic amino acid biosynthesis	0.0000000000
COMPLETE-ARO-PWY: superpathway of aromatic amino acid biosynthesis|g__Escherichia.s__Escherichia_coli	0.0000000000
FUC-RHAMCAT-PWY: superpathway of fucose and rhamnose degradation	0.0000000000
FUC-RHAMCAT-PWY: superpathway of fucose and rhamnose degradation|g__Escherichia.s__Escherichia_coli	0.0000000000
BIOTIN-BIOSYNTHESIS-PWY: biotin biosynthesis I	0.0000000000
BIOTIN-BIOSYNTHESIS-PWY: biotin biosynthesis I|g__Escherichia.s__Escherichia_coli	0.0000000000
PWY-5989: stearate biosynthesis II (bacteria and plants)	0.0000000000
PWY-5989: stearate biosynthesis II (bacteria and plants)|g__Escherichia.s__Escherichia_coli	0.0000000000
PWY-2942: L-lysine biosynthesis III	0.0000000000
PWY-2942: L-lysine biosynthesis III|g__Escherichia.s__Escherichia_coli	0.0000000000
PWY-2942: L-lysine biosynthesis III|g__Cutibacterium.s__Cutibacterium_acnes	0.0668149640
PWY-2942: L-lysine biosynthesis III|unclassified	0.0000000005
NAGLIPASYN-PWY: lipid IVA biosynthesis (E. coli)	0.0000045718
NAGLIPASYN-PWY: lipid IVA biosynthesis (E. coli)|g__Escherichia.s__Escherichia_coli	0.0011538500
PWY-6125: superpathway of guanosine nucleotides de novo biosynthesis II	0.0000000000
PWY-6125: superpathway of guanosine nucleotides de novo biosynthesis II|g__Escherichia.s__Escherichia_coli	0.0000000000
PWY-6125: superpathway of guanosine nucleotides de novo biosynthesis II|g__Cutibacterium.s__Cutibacterium_acnes	0.5640395949
PWY-6125: superpathway of guanosine nucleotides de novo biosynthesis II|unclassified	0.0000000000
PWY-7221: guanosine ribonucleotides de novo biosynthesis	0.0000000004
PWY-7221: guanosine ribonucleotides de novo biosynthesis|g__Escherichia.s__Escherichia_coli	0.0000000007
PWY-7221: guanosine ribonucleotides de novo biosynthesis|unclassified	0.0019947123
PWY-7221: guanosine ribonucleotides de novo biosynthesis|g__Cutibacterium.s__Cutibacterium_acnes	0.6317387617
ARO-PWY: chorismate biosynthesis I	0.0000000000
ARO-PWY: chorismate biosynthesis I|g__Escherichia.s__Escherichia_coli	0.0000000000
FAO-PWY: fatty acid &beta;-oxidation I (generic)	0.0000000000
FAO-PWY: fatty acid &beta;-oxidation I (generic)|g__Escherichia.s__Escherichia_coli	0.0000000000
FAO-PWY: fatty acid &beta;-oxidation I (generic)|unclassified	0.5682924498
PYRIDOXSYN-PWY: pyridoxal 5'-phosphate biosynthesis I	0.0000000000
PYRIDOXSYN-PWY: pyridoxal 5'-phosphate biosynthesis I|g__Escherichia.s__Escherichia_coli	0.0000000000
PYRIDOXSYN-PWY: pyridoxal 5'-phosphate biosynthesis I|unclassified	0.0000000000
PWY0-1298: superpathway of pyrimidine deoxyribonucleosides degradation	0.0000000000
PWY0-1298: superpathway of pyrimidine deoxyribonucleosides degradation|g__Escherichia.s__Escherichia_coli	0.0000000000
PWY-6285: superpathway of fatty acids biosynthesis (E. coli)	0.0000000000
PWY-6285: superpathway of fatty acids biosynthesis (E. coli)|g__Escherichia.s__Escherichia_coli	0.0000000000
GLUCARDEG-PWY: D-glucarate degradation I	0.0000000000
GLUCARDEG-PWY: D-glucarate degradation I|g__Escherichia.s__Escherichia_coli	0.0000000000
GLUCARDEG-PWY: D-glucarate degradation I|unclassified	0.8268080679
1CMET2-PWY: folate transformations III (E. coli)	0.0000000000
1CMET2-PWY: folate transformations III (E. coli)|g__Escherichia.s__Escherichia_coli	0.0000000000
1CMET2-PWY: folate transformations III (E. coli)|g__Cutibacterium.s__Cutibacterium_acnes	0.3476011477
PWY-6151: S-adenosyl-L-methionine salvage I	0.0000000000
PWY-6151: S-adenosyl-L-methionine salvage I|g__Escherichia.s__Escherichia_coli	0.0000000000
PWY-6151: S-adenosyl-L-methionine salvage I|g__Cutibacterium.s__Cutibacterium_acnes	0.3181303274
PWY-7229: superpathway of adenosine nucleotides de novo biosynthesis I	0.0000000000
PWY-7229: superpathway of adenosine nucleotides de novo biosynthesis I|g__Escherichia.s__Escherichia_coli	0.0000000000
PWY-7229: superpathway of adenosine nucleotides de novo biosynthesis I|unclassified	0.0000600413
PWY-7229: superpathway of adenosine nucleotides de novo biosynthesis I|g__Cutibacterium.s__Cutibacterium_acnes	0.5824113065
PWY0-845: superpathway of pyridoxal 5'-phosphate biosynthesis and salvage	0.0000000000
PWY0-845: superpathway of pyridoxal 5'-phosphate biosynthesis and salvage|g__Escherichia.s__Escherichia_coli	0.0000000000
PWY0-845: superpathway of pyridoxal 5'-phosphate biosynthesis and salvage|unclassified	0.0000000000
PANTO-PWY: phosphopantothenate biosynthesis I	0.0002465394
PANTO-PWY: phosphopantothenate biosynthesis I|g__Escherichia.s__Escherichia_coli	0.0000005703
PWY-5656: mannosylglycerate biosynthesis I	0.0001486858
PWY-5656: mannosylglycerate biosynthesis I|g__Escherichia.s__Escherichia_coli	0.0000000000
PWY-5656: mannosylglycerate biosynthesis I|unclassified	0.9999743813
PWY-841: superpathway of purine nucleotides de novo biosynthesis I	0.0000000000
PWY-841: superpathway of purine nucleotides de novo biosynthesis I|g__Escherichia.s__Escherichia_coli	0.0000000000
PWY-841: superpathway of purine nucleotides de novo biosynthesis I|unclassified	0.0000000000
PWY-724: superpathway of L-lysine, L-threonine and L-methionine biosynthesis II	0.0000000000
PWY-724: superpathway of L-lysine, L-threonine and L-methionine biosynthesis II|g__Escherichia.s__Escherichia_coli	0.0000000000
PWY-724: superpathway of L-lysine, L-threonine and L-methionine biosynthesis II|g__Cutibacterium.s__Cutibacterium_acnes	0.1007027005
SO4ASSIM-PWY: assimilatory sulfate reduction I	0.0000000000
SO4ASSIM-PWY: assimilatory sulfate reduction I|g__Escherichia.s__Escherichia_coli	0.0000000000
HEMESYN2-PWY: heme b biosynthesis II (oxygen-independent)	0.0000000000
HEMESYN2-PWY: heme b biosynthesis II (oxygen-independent)|g__Escherichia.s__Escherichia_coli	0.0000000000
HEMESYN2-PWY: heme b biosynthesis II (oxygen-independent)|unclassified	0.0000000735
PWY-4702: phytate degradation I	0.0000000000
PWY-4702: phytate degradation I|g__Escherichia.s__Escherichia_coli	0.0000000000
PWY-4702: phytate degradation I|unclassified	0.0109832723
SULFATE-CYS-PWY: superpathway of sulfate assimilation and cysteine biosynthesis	0.0000000000
SULFATE-CYS-PWY: superpathway of sulfate assimilation and cysteine biosynthesis|g__Escherichia.s__Escherichia_coli	0.0000000000
PWY-7219: adenosine ribonucleotides de novo biosynthesis	0.0000000032
PWY-7219: adenosine ribonucleotides de novo biosynthesis|g__Escherichia.s__Escherichia_coli	0.0000000000
PWY-7219: adenosine ribonucleotides de novo biosynthesis|unclassified	0.0600629926
PWY-7219: adenosine ribonucleotides de novo biosynthesis|g__Cutibacterium.s__Cutibacterium_acnes	0.7669812950
PWY-7219: adenosine ribonucleotides de novo biosynthesis|g__Cutibacterium.s__Propionibacterium_humerusii	0.7461898362
PWY-5659: GDP-mannose biosynthesis	0.0000000000
PWY-5659: GDP-mannose biosynthesis|g__Escherichia.s__Escherichia_coli	0.0000000000
PWY-5659: GDP-mannose biosynthesis|unclassified	0.9999999513
GLUCOSE1PMETAB-PWY: glucose and glucose-1-phosphate degradation	0.0000000000
GLUCOSE1PMETAB-PWY: glucose and glucose-1-phosphate degradation|g__Escherichia.s__Escherichia_coli	0.0000000000
GLUCOSE1PMETAB-PWY: glucose and glucose-1-phosphate degradation|unclassified	0.0115115792
PWY-5838: superpathway of menaquinol-8 biosynthesis I	0.0000000000
PWY-5838: superpathway of menaquinol-8 biosynthesis I|g__Escherichia.s__Escherichia_coli	0.0000000000
PWY-5973: cis-vaccenate biosynthesis	0.0000000000
PWY-5973: cis-vaccenate biosynthesis|g__Escherichia.s__Escherichia_coli	0.0000000000
PWY-6126: superpathway of adenosine nucleotides de novo biosynthesis II	0.0000000000
PWY-6126: superpathway of adenosine nucleotides de novo biosynthesis II|g__Escherichia.s__Escherichia_coli	0.0000000000
PWY-6126: superpathway of adenosine nucleotides de novo biosynthesis II|g__Cutibacterium.s__Cutibacterium_acnes	0.6135510250
PWY-6126: superpathway of adenosine nucleotides de novo biosynthesis II|unclassified	0.0000693550
PWY-3841: folate transformations II (plants)	0.0000000000
PWY-3841: folate transformations II (plants)|g__Escherichia.s__Escherichia_coli	0.0000000000
PWY-3841: folate transformations II (plants)|g__Cutibacterium.s__Cutibacterium_acnes	0.3634442250
PWY-5897: superpathway of menaquinol-11 biosynthesis	0.0000000000
PWY-5897: superpathway of menaquinol-11 biosynthesis|g__Escherichia.s__Escherichia_coli	0.0000000000
PWY-5898: superpathway of menaquinol-12 biosynthesis	0.0000000000
PWY-5898: superpathway of menaquinol-12 biosynthesis|g__Escherichia.s__Escherichia_coli	0.0000000000
PWY-5899: superpathway of menaquinol-13 biosynthesis	0.0000000000
PWY-5899: superpathway of menaquinol-13 biosynthesis|g__Escherichia.s__Escherichia_coli	0.0000000000
P4-PWY: superpathway of L-lysine, L-threonine and L-methionine biosynthesis I	0.0000000000
P4-PWY: superpathway of L-lysine, L-threonine and L-methionine biosynthesis I|g__Escherichia.s__Escherichia_coli	0.0000000000
PWY66-409: superpathway of purine nucleotide salvage	0.0000000000
PWY66-409: superpathway of purine nucleotide salvage|g__Escherichia.s__Escherichia_coli	0.0000000000
PWY66-409: superpathway of purine nucleotide salvage|g__Cutibacterium.s__Cutibacterium_acnes	0.0843619366
KETOGLUCONMET-PWY: ketogluconate metabolism	0.0000000000
KETOGLUCONMET-PWY: ketogluconate metabolism|g__Escherichia.s__Escherichia_coli	0.0000000000
PWY-6803: phosphatidylcholine acyl editing	0.0000000000
PWY-6803: phosphatidylcholine acyl editing|g__Escherichia.s__Escherichia_coli	0.0000000001
PWY-6700: queuosine biosynthesis I (de novo)	0.0000000000
PWY-6700: queuosine biosynthesis I (de novo)|g__Escherichia.s__Escherichia_coli	0.0000000000
PWY-6700: queuosine biosynthesis I (de novo)|unclassified	0.0000000169
PWY-7560: methylerythritol phosphate pathway II	0.0000000000
PWY-7560: methylerythritol phosphate pathway II|g__Escherichia.s__Escherichia_coli	0.0000000000
PWY-7560: methylerythritol phosphate pathway II|g__Cutibacterium.s__Cutibacterium_acnes	0.0199794570
PWY-5918: superpathway of heme b biosynthesis from glutamate	0.0000000000
PWY-5918: superpathway of heme b biosynthesis from glutamate|g__Escherichia.s__Escherichia_coli	0.0000000000
PWY-5918: superpathway of heme b biosynthesis from glutamate|g__Cutibacterium.s__Cutibacterium_acnes	0.0263747433
PWY0-781: aspartate superpathway	0.0000000000
PWY0-781: aspartate superpathway|g__Escherichia.s__Escherichia_coli	0.0000000000
PWY-5861: superpathway of demethylmenaquinol-8 biosynthesis I	0.0000000000
PWY-5861: superpathway of demethylmenaquinol-8 biosynthesis I|g__Escherichia.s__Escherichia_coli	0.0000000000
PWY-5097: L-lysine biosynthesis VI	0.0000000000
PWY-5097: L-lysine biosynthesis VI|g__Escherichia.s__Escherichia_coli	0.0000000000
PWY-5097: L-lysine biosynthesis VI|g__Cutibacterium.s__Cutibacterium_acnes	0.0770856184
PWY-5097: L-lysine biosynthesis VI|unclassified	0.0000000006
COLANSYN-PWY: colanic acid building blocks biosynthesis	0.0000000000
COLANSYN-PWY: colanic acid building blocks biosynthesis|g__Escherichia.s__Escherichia_coli	0.0000000000
SER-GLYSYN-PWY: superpathway of L-serine and glycine biosynthesis I	0.0000000001
SER-GLYSYN-PWY: superpathway of L-serine and glycine biosynthesis I|g__Escherichia.s__Escherichia_coli	0.0000000209
PWY0-1277: 3-phenylpropanoate and 3-(3-hydroxyphenyl)propanoate degradation	0.0000000000
PWY0-1277: 3-phenylpropanoate and 3-(3-hydroxyphenyl)propanoate degradation|g__Escherichia.s__Escherichia_coli	0.0000000000
PWY-6897: thiamine diphosphate salvage II	0.0000000804
PWY-6897: thiamine diphosphate salvage II|g__Escherichia.s__Escherichia_coli	0.0000144151
PWY-6284: superpathway of unsaturated fatty acids biosynthesis (E. coli)	0.0000000000
PWY-6284: superpathway of unsaturated fatty acids biosynthesis (E. coli)|g__Escherichia.s__Escherichia_coli	0.0000000000
PWY-6892: thiazole component of thiamine diphosphate biosynthesis I	0.0000000000
PWY-6892: thiazole component of thiamine diphosphate biosynthesis I|g__Escherichia.s__Escherichia_coli	0.0000000000
PWY-7357: thiamine phosphate formation from pyrithiamine and oxythiamine (yeast)	0.0000000528
PWY-7357: thiamine phosphate formation from pyrithiamine and oxythiamine (yeast)|g__Escherichia.s__Escherichia_coli	0.0000285940
DTDPRHAMSYN-PWY: dTDP-&beta;-L-rhamnose biosynthesis	0.0000000000
DTDPRHAMSYN-PWY: dTDP-&beta;-L-rhamnose biosynthesis|g__Escherichia.s__Escherichia_coli	0.0000000000
DTDPRHAMSYN-PWY: dTDP-&beta;-L-rhamnose biosynthesis|unclassified	0.0000000000
PWY-6163: chorismate biosynthesis from 3-dehydroquinate	0.0000000000
PWY-6163: chorismate biosynthesis from 3-dehydroquinate|g__Escherichia.s__Escherichia_coli	0.0000000000
COA-PWY-1: superpathway of coenzyme A biosynthesis III (mammals)	0.0000000000
COA-PWY-1: superpathway of coenzyme A biosynthesis III (mammals)|g__Escherichia.s__Escherichia_coli	0.0000000000
COA-PWY-1: superpathway of coenzyme A biosynthesis III (mammals)|g__Cutibacterium.s__Cutibacterium_acnes	0.0207912061
PYRIDNUCSYN-PWY: NAD de novo biosynthesis I (from aspartate)	0.0000000000
PYRIDNUCSYN-PWY: NAD de novo biosynthesis I (from aspartate)|g__Escherichia.s__Escherichia_coli	0.0000000000
PWY-5840: superpathway of menaquinol-7 biosynthesis	0.0000000000
PWY-5840: superpathway of menaquinol-7 biosynthesis|g__Escherichia.s__Escherichia_coli	0.0000000000
PWY-5845: superpathway of menaquinol-9 biosynthesis	0.0000000000
PWY-5845: superpathway of menaquinol-9 biosynthesis|g__Escherichia.s__Escherichia_coli	0.0000000000
PWY-5850: superpathway of menaquinol-6 biosynthesis	0.0000000000
PWY-5850: superpathway of menaquinol-6 biosynthesis|g__Escherichia.s__Escherichia_coli	0.0000000000
PWY-5896: superpathway of menaquinol-10 biosynthesis	0.0000000000
PWY-5896: superpathway of menaquinol-10 biosynthesis|g__Escherichia.s__Escherichia_coli	0.0000000000
AST-PWY: L-arginine degradation II (AST pathway)	0.0000000000
AST-PWY: L-arginine degradation II (AST pathway)|g__Escherichia.s__Escherichia_coli	0.0000000000
AST-PWY: L-arginine degradation II (AST pathway)|unclassified	0.0172099081
PWY-5686: UMP biosynthesis I	0.0000000000
PWY-5686: UMP biosynthesis I|g__Escherichia.s__Escherichia_coli	0.0000000000
PWY-5686: UMP biosynthesis I|g__Cutibacterium.s__Cutibacterium_acnes	0.5375808748
PWY-5686: UMP biosynthesis I|unclassified	0.0000000000
PWY0-162: superpathway of pyrimidine ribonucleotides de novo biosynthesis	0.0000000000
PWY0-162: superpathway of pyrimidine ribonucleotides de novo biosynthesis|g__Escherichia.s__Escherichia_coli	0.0000000000
PWY-6531: mannitol cycle	0.0000000000
PWY-6531: mannitol cycle|g__Escherichia.s__Escherichia_coli	0.0000000000
PWY-6531: mannitol cycle|unclassified	0.0000000000
COBALSYN-PWY: superpathway of adenosylcobalamin salvage from cobinamide I	0.0000000000
COBALSYN-PWY: superpathway of adenosylcobalamin salvage from cobinamide I|g__Escherichia.s__Escherichia_coli	0.0000000000
PWY0-1479: tRNA processing	0.0000000000
PWY0-1479: tRNA processing|g__Escherichia.s__Escherichia_coli	0.0000000000
PWY0-1479: tRNA processing|unclassified	0.0000004033
PWY-5384: sucrose degradation IV (sucrose phosphorylase)	0.0000000000
PWY-5384: sucrose degradation IV (sucrose phosphorylase)|g__Escherichia.s__Escherichia_coli	0.0000000000
PWY66-389: phytol degradation	0.0000000000
PWY66-389: phytol degradation|g__Escherichia.s__Escherichia_coli	0.0000000000
PWY66-389: phytol degradation|unclassified	0.0000000000
PWY-6731: starch degradation III	0.0000000000
PWY-6731: starch degradation III|g__Escherichia.s__Escherichia_coli	0.0000000000
PANTOSYN-PWY: superpathway of coenzyme A biosynthesis I (bacteria)	0.0000000000
PANTOSYN-PWY: superpathway of coenzyme A biosynthesis I (bacteria)|g__Escherichia.s__Escherichia_coli	0.0000000000
P105-PWY: TCA cycle IV (2-oxoglutarate decarboxylase)	0.0000000000
P105-PWY: TCA cycle IV (2-oxoglutarate decarboxylase)|g__Escherichia.s__Escherichia_coli	0.0000000000
PWY-6969: TCA cycle V (2-oxoglutarate synthase)	0.0000000000
PWY-6969: TCA cycle V (2-oxoglutarate synthase)|g__Escherichia.s__Escherichia_coli	0.0000000000
DAPLYSINESYN-PWY: L-lysine biosynthesis I	0.0000000000
DAPLYSINESYN-PWY: L-lysine biosynthesis I|g__Escherichia.s__Escherichia_coli	0.0000000000
DAPLYSINESYN-PWY: L-lysine biosynthesis I|g__Cutibacterium.s__Cutibacterium_acnes	0.0914693789
DAPLYSINESYN-PWY: L-lysine biosynthesis I|unclassified	0.0000000008
PWY-5860: superpathway of demethylmenaquinol-6 biosynthesis I	0.0000000000
PWY-5860: superpathway of demethylmenaquinol-6 biosynthesis I|g__Escherichia.s__Escherichia_coli	0.0000000000
PWY-5862: superpathway of demethylmenaquinol-9 biosynthesis	0.0000000000
PWY-5862: superpathway of demethylmenaquinol-9 biosynthesis|g__Escherichia.s__Escherichia_coli	0.0000000000
PWY-7323: superpathway of GDP-mannose-derived O-antigen building blocks biosynthesis	0.0000000000
PWY-7323: superpathway of GDP-mannose-derived O-antigen building blocks biosynthesis|g__Escherichia.s__Escherichia_coli	0.0000000000
PWY-7204: pyridoxal 5'-phosphate salvage II (plants)	0.0000000000
PWY-7204: pyridoxal 5'-phosphate salvage II (plants)|g__Escherichia.s__Escherichia_coli	0.0000000000
NONMEVIPP-PWY: methylerythritol phosphate pathway I	0.0000000000
NONMEVIPP-PWY: methylerythritol phosphate pathway I|g__Escherichia.s__Escherichia_coli	0.0000000000
NONMEVIPP-PWY: methylerythritol phosphate pathway I|g__Cutibacterium.s__Cutibacterium_acnes	0.5865827409
HISTSYN-PWY: L-histidine biosynthesis	0.0000000000
HISTSYN-PWY: L-histidine biosynthesis|g__Escherichia.s__Escherichia_coli	0.0000000000
HISTSYN-PWY: L-histidine biosynthesis|unclassified	0.1740700153
HISTSYN-PWY: L-histidine biosynthesis|g__Cutibacterium.s__Cutibacterium_acnes	0.0425104853
PWY-5837: 2-carboxy-1,4-naphthoquinol biosynthesis	0.0000000000
PWY-5837: 2-carboxy-1,4-naphthoquinol biosynthesis|g__Escherichia.s__Escherichia_coli	0.0000000000
PWY-5100: pyruvate fermentation to acetate and lactate II	0.0000000000
PWY-5100: pyruvate fermentation to acetate and lactate II|g__Escherichia.s__Escherichia_coli	0.0000000000
PWY-6124: inosine-5'-phosphate biosynthesis II	0.0000000000
PWY-6124: inosine-5'-phosphate biosynthesis II|g__Escherichia.s__Escherichia_coli	0.0000000000
PWY-6124: inosine-5'-phosphate biosynthesis II|unclassified	0.5548937512
PWY0-42: 2-methylcitrate cycle I	0.0000000000
PWY0-42: 2-methylcitrate cycle I|g__Escherichia.s__Escherichia_coli	0.0000000000
PWY0-42: 2-methylcitrate cycle I|unclassified	0.0000000001
PWY-7234: inosine-5'-phosphate biosynthesis III	0.0000000000
PWY-7234: inosine-5'-phosphate biosynthesis III|g__Escherichia.s__Escherichia_coli	0.0000000000
PWY-7234: inosine-5'-phosphate biosynthesis III|unclassified	0.0000000212
HEME-BIOSYNTHESIS-II: heme b biosynthesis I (aerobic)	0.0000000000
HEME-BIOSYNTHESIS-II: heme b biosynthesis I (aerobic)|g__Escherichia.s__Escherichia_coli	0.0000000000
HEME-BIOSYNTHESIS-II: heme b biosynthesis I (aerobic)|g__Cutibacterium.s__Cutibacterium_acnes	0.0456205740
HEME-BIOSYNTHESIS-II: heme b biosynthesis I (aerobic)|unclassified	0.0000002293
PWY0-1415: superpathway of heme b biosynthesis from uroporphyrinogen-III	0.0000000000
PWY0-1415: superpathway of heme b biosynthesis from uroporphyrinogen-III|g__Escherichia.s__Escherichia_coli	0.0000000000
OANTIGEN-PWY: O-antigen building blocks biosynthesis (E. coli)	0.0000000000
OANTIGEN-PWY: O-antigen building blocks biosynthesis (E. coli)|g__Escherichia.s__Escherichia_coli	0.0000000000
PWY-5083: NAD(P)/NADPH interconversion	0.0000000000
PWY-5083: NAD(P)/NADPH interconversion|g__Escherichia.s__Escherichia_coli	0.0000000000
PWY-7184: pyrimidine deoxyribonucleotides de novo biosynthesis I	0.0000000000
PWY-7184: pyrimidine deoxyribonucleotides de novo biosynthesis I|g__Escherichia.s__Escherichia_coli	0.0000000000
PWY-6901: superpathway of glucose and xylose degradation	0.0000000000
PWY-6901: superpathway of glucose and xylose degradation|g__Escherichia.s__Escherichia_coli	0.0000000000
THISYN-PWY: superpathway of thiamine diphosphate biosynthesis I	0.0000000000
THISYN-PWY: superpathway of thiamine diphosphate biosynthesis I|g__Escherichia.s__Escherichia_coli	0.0000000000
POLYISOPRENSYN-PWY: polyisoprenoid biosynthesis (E. coli)	0.0000000000
POLYISOPRENSYN-PWY: polyisoprenoid biosynthesis (E. coli)|g__Escherichia.s__Escherichia_coli	0.0000000000
METHGLYUT-PWY: superpathway of methylglyoxal degradation	0.0000000000
METHGLYUT-PWY: superpathway of methylglyoxal degradation|g__Escherichia.s__Escherichia_coli	0.0000000000
PWY-5747: 2-methylcitrate cycle II	0.0000000000
PWY-5747: 2-methylcitrate cycle II|g__Escherichia.s__Escherichia_coli	0.0000000000
PWY-5747: 2-methylcitrate cycle II|unclassified	0.8616998162
COA-PWY: coenzyme A biosynthesis I (prokaryotic)	0.0000000000
COA-PWY: coenzyme A biosynthesis I (prokaryotic)|g__Escherichia.s__Escherichia_coli	0.0000000000
COA-PWY: coenzyme A biosynthesis I (prokaryotic)|g__Cutibacterium.s__Cutibacterium_acnes	0.0209484227
PWY-7199: pyrimidine deoxyribonucleosides salvage	0.0000000000
PWY-7199: pyrimidine deoxyribonucleosides salvage|g__Escherichia.s__Escherichia_coli	0.0000000000
PWY-7199: pyrimidine deoxyribonucleosides salvage|g__Cutibacterium.s__Cutibacterium_acnes	0.5949582750
HCAMHPDEG-PWY: 3-phenylpropanoate and 3-(3-hydroxyphenyl)propanoate degradation to 2-hydroxypentadienoate	0.0000000000
HCAMHPDEG-PWY: 3-phenylpropanoate and 3-(3-hydroxyphenyl)propanoate degradation to 2-hydroxypentadienoate|g__Escherichia.s__Escherichia_coli	0.0000000000
PWY-6690: cinnamate and 3-hydroxycinnamate degradation to 2-hydroxypentadienoate	0.0000000000
PWY-6690: cinnamate and 3-hydroxycinnamate degradation to 2-hydroxypentadienoate|g__Escherichia.s__Escherichia_coli	0.0000000000
PWY-6147: 6-hydroxymethyl-dihydropterin diphosphate biosynthesis I	0.0000000000
PWY-6147: 6-hydroxymethyl-dihydropterin diphosphate biosynthesis I|g__Escherichia.s__Escherichia_coli	0.0000000000
PWY-6147: 6-hydroxymethyl-dihydropterin diphosphate biosynthesis I|unclassified	0.0050700632
PWY-6147: 6-hydroxymethyl-dihydropterin diphosphate biosynthesis I|g__Cutibacterium.s__Cutibacterium_acnes	0.1383900582
PWY-7254: TCA cycle VII (acetate-producers)	0.0000000000
PWY-7254: TCA cycle VII (acetate-producers)|g__Escherichia.s__Escherichia_coli	0.0000000000
PWY-5690: TCA cycle II (plants and fungi)	0.0000000000
PWY-5690: TCA cycle II (plants and fungi)|g__Escherichia.s__Escherichia_coli	0.0000000000
PWY-2723: trehalose degradation V	0.0000000000
PWY-2723: trehalose degradation V|g__Escherichia.s__Escherichia_coli	0.0000000000
PWY-7539: 6-hydroxymethyl-dihydropterin diphosphate biosynthesis III (Chlamydia)	0.0000000000
PWY-7539: 6-hydroxymethyl-dihydropterin diphosphate biosynthesis III (Chlamydia)|g__Escherichia.s__Escherichia_coli	0.0000000000
PWY-7539: 6-hydroxymethyl-dihydropterin diphosphate biosynthesis III (Chlamydia)|g__Cutibacterium.s__Cutibacterium_acnes	0.1365683575
PWY0-166: superpathway of pyrimidine deoxyribonucleotides de novo biosynthesis (E. coli)	0.0000000000
PWY0-166: superpathway of pyrimidine deoxyribonucleotides de novo biosynthesis (E. coli)|g__Escherichia.s__Escherichia_coli	0.0000000000
PWY0-1338: polymyxin resistance	0.0000000000
PWY0-1338: polymyxin resistance|g__Escherichia.s__Escherichia_coli	0.0000000000
PWY-5791	0.0000000000
PWY-5791|g__Escherichia.s__Escherichia_coli	0.0000000000
GALACTUROCAT-PWY: D-galacturonate degradation I	0.0000000000
GALACTUROCAT-PWY: D-galacturonate degradation I|g__Escherichia.s__Escherichia_coli	0.0000000000
PWY-7315: dTDP-N-acetylthomosamine biosynthesis	0.0000000000
PWY-7315: dTDP-N-acetylthomosamine biosynthesis|g__Escherichia.s__Escherichia_coli	0.0000000000
PWY-7208: superpathway of pyrimidine nucleobases salvage	0.0000000000
PWY-7208: superpathway of pyrimidine nucleobases salvage|g__Escherichia.s__Escherichia_coli	0.0000000000
PWY-7208: superpathway of pyrimidine nucleobases salvage|g__Cutibacterium.s__Cutibacterium_acnes	0.8041386631
PWY-7208: superpathway of pyrimidine nucleobases salvage|unclassified	0.0000000001
PWY-5920: superpathway of heme b biosynthesis from glycine	0.0000000000
PWY-5920: superpathway of heme b biosynthesis from glycine|g__Escherichia.s__Escherichia_coli	0.0000000000
PWY-6703: preQ0 biosynthesis	0.0000000000
PWY-6703: preQ0 biosynthesis|g__Escherichia.s__Escherichia_coli	0.0000000000
PWY-7115: C4 photosynthetic carbon assimilation cycle, NAD-ME type	0.0000000000
PWY-7115: C4 photosynthetic carbon assimilation cycle, NAD-ME type|g__Escherichia.s__Escherichia_coli	0.0000000000
PWY-7115: C4 photosynthetic carbon assimilation cycle, NAD-ME type|unclassified	0.0000000000
FOLSYN-PWY: superpathway of tetrahydrofolate biosynthesis and salvage	0.0000000000
FOLSYN-PWY: superpathway of tetrahydrofolate biosynthesis and salvage|g__Escherichia.s__Escherichia_coli	0.0000000000
PWY-6270: isoprene biosynthesis I	0.0000000000
PWY-6270: isoprene biosynthesis I|g__Escherichia.s__Escherichia_coli	0.0000000000
PWY-6270: isoprene biosynthesis I|g__Cutibacterium.s__Cutibacterium_acnes	0.0227633540
PWY-7197: pyrimidine deoxyribonucleotide phosphorylation	0.0000000000
PWY-7197: pyrimidine deoxyribonucleotide phosphorylation|g__Escherichia.s__Escherichia_coli	0.0000000000
PWY-7197: pyrimidine deoxyribonucleotide phosphorylation|g__Cutibacterium.s__Cutibacterium_acnes	0.7396724559
DENOVOPURINE2-PWY: superpathway of purine nucleotides de novo biosynthesis II	0.0000000000
DENOVOPURINE2-PWY: superpathway of purine nucleotides de novo biosynthesis II|g__Escherichia.s__Escherichia_coli	0.0000000000
PRPP-PWY: superpathway of histidine, purine, and pyrimidine biosynthesis	0.0000000000
PRPP-PWY: superpathway of histidine, purine, and pyrimidine biosynthesis|g__Escherichia.s__Escherichia_coli	0.0000000000
PWY-7242: D-fructuronate degradation	0.0000000000
PWY-7242: D-fructuronate degradation|g__Escherichia.s__Escherichia_coli	0.0000000000
PWY-4242	0.0000000000
PWY-4242|g__Escherichia.s__Escherichia_coli	0.0000000000
PWY-4242|g__Cutibacterium.s__Cutibacterium_acnes	0.0100971391
PWY-5367: petroselinate biosynthesis	0.0000000000
PWY-5367: petroselinate biosynthesis|g__Escherichia.s__Escherichia_coli	0.0000000000
PWY0-1241: ADP-L-glycero-&beta;-D-manno-heptose biosynthesis	0.0000000000
PWY0-1241: ADP-L-glycero-&beta;-D-manno-heptose biosynthesis|g__Escherichia.s__Escherichia_coli	0.0000000000
PWY-6612: superpathway of tetrahydrofolate biosynthesis	0.0000000000
PWY-6612: superpathway of tetrahydrofolate biosynthesis|g__Escherichia.s__Escherichia_coli	0.0000000000
PWY-7269: mitochondrial NADPH production (yeast)	0.0000000000
PWY-7269: mitochondrial NADPH production (yeast)|g__Escherichia.s__Escherichia_coli	0.0000000000
PWY-6507: 4-deoxy-L-threo-hex-4-enopyranuronate degradation	0.0000000000
PWY-6507: 4-deoxy-L-threo-hex-4-enopyranuronate degradation|g__Escherichia.s__Escherichia_coli	0.0000000000
PWY-5497: purine nucleobases degradation II (anaerobic)	0.0000000000
PWY-5497: purine nucleobases degradation II (anaerobic)|g__Escherichia.s__Escherichia_coli	0.0000000000
TRPSYN-PWY: L-tryptophan biosynthesis	0.0000000000
TRPSYN-PWY: L-tryptophan biosynthesis|g__Escherichia.s__Escherichia_coli	0.0000000000
TRPSYN-PWY: L-tryptophan biosynthesis|unclassified	0.7776301270
PWY-6630: superpathway of L-tyrosine biosynthesis	0.0000000000
PWY-6630: superpathway of L-tyrosine biosynthesis|g__Escherichia.s__Escherichia_coli	0.0000000000
RIBOSYN2-PWY: flavin biosynthesis I (bacteria and plants)	0.0000000000
RIBOSYN2-PWY: flavin biosynthesis I (bacteria and plants)|g__Escherichia.s__Escherichia_coli	0.0000000000
PWY-7237: myo-, chiro- and scyllo-inositol degradation	0.0000000000
PWY-7237: myo-, chiro- and scyllo-inositol degradation|g__Escherichia.s__Escherichia_coli	0.0000000000
PWY0-1061: superpathway of L-alanine biosynthesis	0.0000000000
PWY0-1061: superpathway of L-alanine biosynthesis|g__Escherichia.s__Escherichia_coli	0.0000000000
PWY0-1061: superpathway of L-alanine biosynthesis|unclassified	0.0000000000
GALACT-GLUCUROCAT-PWY: superpathway of hexuronide and hexuronate degradation	0.0000000000
GALACT-GLUCUROCAT-PWY: superpathway of hexuronide and hexuronate degradation|g__Escherichia.s__Escherichia_coli	0.0000000000
PWY-7328: superpathway of UDP-glucose-derived O-antigen building blocks biosynthesis	0.0000000000
PWY-7328: superpathway of UDP-glucose-derived O-antigen building blocks biosynthesis|g__Escherichia.s__Escherichia_coli	0.0000000000
PWY-6588: pyruvate fermentation to acetone	0.0000000000
PWY-6588: pyruvate fermentation to acetone|g__Escherichia.s__Escherichia_coli	0.0000000000
PWY-7187: pyrimidine deoxyribonucleotides de novo biosynthesis II	0.0000000000
PWY-7187: pyrimidine deoxyribonucleotides de novo biosynthesis II|g__Escherichia.s__Escherichia_coli	0.0000000000
UBISYN-PWY: superpathway of ubiquinol-8 biosynthesis (early decarboxylation)	0.0000000000
UBISYN-PWY: superpathway of ubiquinol-8 biosynthesis (early decarboxylation)|g__Escherichia.s__Escherichia_coli	0.0000000000
PWY-6168: flavin biosynthesis III (fungi)	0.0000000000
PWY-6168: flavin biosynthesis III (fungi)|g__Escherichia.s__Escherichia_coli	0.0000000000
PWY-6823: molybdopterin biosynthesis	0.0000000000
PWY-6823: molybdopterin biosynthesis|g__Escherichia.s__Escherichia_coli	0.0000000000
PWY-6708: ubiquinol-8 biosynthesis (early decarboxylation)	0.0000000000
PWY-6708: ubiquinol-8 biosynthesis (early decarboxylation)|g__Escherichia.s__Escherichia_coli	0.0000000000
PWY-5855: ubiquinol-7 biosynthesis (early decarboxylation)	0.0000000000
PWY-5855: ubiquinol-7 biosynthesis (early decarboxylation)|g__Escherichia.s__Escherichia_coli	0.0000000000
PWY-5856: ubiquinol-9 biosynthesis (early decarboxylation)	0.0000000000
PWY-5856: ubiquinol-9 biosynthesis (early decarboxylation)|g__Escherichia.s__Escherichia_coli	0.0000000000
PWY-5857: ubiquinol-10 biosynthesis (early decarboxylation)	0.0000000000
PWY-5857: ubiquinol-10 biosynthesis (early decarboxylation)|g__Escherichia.s__Escherichia_coli	0.0000000000
PWY-7094: fatty acid salvage	0.0000000000
PWY-7094: fatty acid salvage|unclassified	0.0104567374
PWY-7094: fatty acid salvage|g__Escherichia.s__Escherichia_coli	0.0000000000
GLUCUROCAT-PWY: superpathway of &beta;-D-glucuronosides degradation	0.0000000000
GLUCUROCAT-PWY: superpathway of &beta;-D-glucuronosides degradation|g__Escherichia.s__Escherichia_coli	0.0000000000
PWY-7209: superpathway of pyrimidine ribonucleosides degradation	0.0000000000
PWY-7209: superpathway of pyrimidine ribonucleosides degradation|g__Escherichia.s__Escherichia_coli	0.0000000000
PWY-4321: L-glutamate degradation IV	0.0000000000
PWY-4321: L-glutamate degradation IV|g__Escherichia.s__Escherichia_coli	0.0000000000
P221-PWY: octane oxidation	0.0000000000
P221-PWY: octane oxidation|g__Escherichia.s__Escherichia_coli	0.0000000000
PWY-5705: allantoin degradation to glyoxylate III	0.0000000000
PWY-5705: allantoin degradation to glyoxylate III|g__Escherichia.s__Escherichia_coli	0.0000000000
ECASYN-PWY: enterobacterial common antigen biosynthesis	0.0000000000
ECASYN-PWY: enterobacterial common antigen biosynthesis|g__Escherichia.s__Escherichia_coli	0.0000000000
PWY-7446: sulfoquinovose degradation I	0.0000000000
PWY-7446: sulfoquinovose degradation I|g__Escherichia.s__Escherichia_coli	0.0000000000
PPGPPMET-PWY: ppGpp metabolism	0.0000000000
PPGPPMET-PWY: ppGpp metabolism|g__Escherichia.s__Escherichia_coli	0.0000000000
GLUDEG-I-PWY: GABA shunt	0.0000000000
GLUDEG-I-PWY: GABA shunt|g__Escherichia.s__Escherichia_coli	0.0000000000
PWY-7409: phospholipid remodeling (phosphatidylethanolamine, yeast)	0.0000000000
PWY-7409: phospholipid remodeling (phosphatidylethanolamine, yeast)|g__Escherichia.s__Escherichia_coli	0.0000000000
LPSSYN-PWY: superpathway of lipopolysaccharide biosynthesis	0.0000000000
LPSSYN-PWY: superpathway of lipopolysaccharide biosynthesis|g__Escherichia.s__Escherichia_coli	0.0000000000
P122-PWY: heterolactic fermentation	0.0000000000
GLYCOL-GLYOXDEG-PWY: superpathway of glycol metabolism and degradation	0.0000000000
GLYCOL-GLYOXDEG-PWY: superpathway of glycol metabolism and degradation|g__Escherichia.s__Escherichia_coli	0.0000000000
GLYCOL-GLYOXDEG-PWY: superpathway of glycol metabolism and degradation|unclassified	0.0000000010
PWY-5121: superpathway of geranylgeranyl diphosphate biosynthesis II (via MEP)	0.0000000000
PWY-5121: superpathway of geranylgeranyl diphosphate biosynthesis II (via MEP)|g__Escherichia.s__Escherichia_coli	0.0000000000
PWY-7198: pyrimidine deoxyribonucleotides de novo biosynthesis IV	0.0000000000
P108-PWY: pyruvate fermentation to propanoate I	0.0000000000
PWY0-1533: methylphosphonate degradation I	0.0000000000
PWY0-1533: methylphosphonate degradation I|g__Escherichia.s__Escherichia_coli	0.0000000000
KDO-NAGLIPASYN-PWY: superpathway of (Kdo)2-lipid A biosynthesis	0.0000000000
KDO-NAGLIPASYN-PWY: superpathway of (Kdo)2-lipid A biosynthesis|g__Escherichia.s__Escherichia_coli	0.0000000000
PYRIDNUCSAL-PWY: NAD salvage pathway I (PNC VI cycle)	0.0000000000
PYRIDNUCSAL-PWY: NAD salvage pathway I (PNC VI cycle)|g__Escherichia.s__Escherichia_coli	0.0000000000
PWY-6467: Kdo transfer to lipid IVA III (Chlamydia)	0.0000000000
PWY-6467: Kdo transfer to lipid IVA III (Chlamydia)|g__Escherichia.s__Escherichia_coli	0.0000000000
NAD-BIOSYNTHESIS-II: NAD salvage pathway III (to nicotinamide riboside)	0.0000000000
NAD-BIOSYNTHESIS-II: NAD salvage pathway III (to nicotinamide riboside)|g__Escherichia.s__Escherichia_coli	0.0000000000
PWY0-41: allantoin degradation IV (anaerobic)	0.0000000000
PWY0-41: allantoin degradation IV (anaerobic)|g__Escherichia.s__Escherichia_coli	0.0000000000
PWY-5005: biotin biosynthesis II	0.0000000000
PWY-4981: L-proline biosynthesis II (from arginine)	0.0000000000
PWY-4981: L-proline biosynthesis II (from arginine)|g__Cutibacterium.s__Cutibacterium_acnes	0.6992995206
PWY-241: C4 photosynthetic carbon assimilation cycle, NADP-ME type	0.0000000000
PWY-6859: all-trans-farnesol biosynthesis	0.0000000000
PWY-6859: all-trans-farnesol biosynthesis|g__Escherichia.s__Escherichia_coli	0.0000000000
PWY-5345: superpathway of L-methionine biosynthesis (by sulfhydrylation)	0.0000000000
PWY-7616: methanol oxidation to carbon dioxide	0.0000000000
PWY-5692: allantoin degradation to glyoxylate II	0.0000000000
URDEGR-PWY: superpathway of allantoin degradation in plants	0.0000000000
PWY-6545: pyrimidine deoxyribonucleotides de novo biosynthesis III	0.0000000000
PWY-6318: L-phenylalanine degradation IV (mammalian, via side chain)	0.0000000000
HISDEG-PWY: L-histidine degradation I	0.0000000000
HISDEG-PWY: L-histidine degradation I|g__Cutibacterium.s__Cutibacterium_acnes	0.3318810140
PWY-5028: L-histidine degradation II	0.0000000000
PWY-5028: L-histidine degradation II|g__Cutibacterium.s__Cutibacterium_acnes	0.3488370194
PWY-6317: D-galactose degradation I (Leloir pathway)	0.0000000000
HSERMETANA-PWY: L-methionine biosynthesis III	0.0000000000