# Pathway	COAD_noFFPEOnlyPrimaryNoRiboZeroG_left_50random_5_Abundance
UNMAPPED	3165699.3678101576
UNINTEGRATED	1123091.5615519315
UNINTEGRATED|g__Escherichia.s__Escherichia_coli	678092.3660874403
UNINTEGRATED|unclassified	188847.5386509540
UNINTEGRATED|g__Cutibacterium.s__Cutibacterium_acnes	28191.9844708931
UNINTEGRATED|g__Staphylococcus.s__Staphylococcus_epidermidis	19850.4004169359
PWY0-1586: peptidoglycan maturation (meso-diaminopimelate containing)	1563.2132743946
PWY0-1586: peptidoglycan maturation (meso-diaminopimelate containing)|g__Escherichia.s__Escherichia_coli	1212.5624221314
PWY0-1586: peptidoglycan maturation (meso-diaminopimelate containing)|unclassified	226.5406071190
PWY0-1586: peptidoglycan maturation (meso-diaminopimelate containing)|g__Staphylococcus.s__Staphylococcus_epidermidis	48.7129433433
PWY-7111: pyruvate fermentation to isobutanol (engineered)	895.9584043642
PWY-7111: pyruvate fermentation to isobutanol (engineered)|g__Escherichia.s__Escherichia_coli	839.0489340629
PWY-7111: pyruvate fermentation to isobutanol (engineered)|unclassified	67.4577300585
NONOXIPENT-PWY: pentose phosphate pathway (non-oxidative branch) I	877.2818729757
NONOXIPENT-PWY: pentose phosphate pathway (non-oxidative branch) I|g__Escherichia.s__Escherichia_coli	677.3990111485
NONOXIPENT-PWY: pentose phosphate pathway (non-oxidative branch) I|unclassified	68.2479677271
SALVADEHYPOX-PWY: adenosine nucleotides degradation II	795.8617391972
SALVADEHYPOX-PWY: adenosine nucleotides degradation II|g__Escherichia.s__Escherichia_coli	672.3286923156
SALVADEHYPOX-PWY: adenosine nucleotides degradation II|unclassified	84.4438833897
P461-PWY: hexitol fermentation to lactate, formate, ethanol and acetate	764.7348133822
P461-PWY: hexitol fermentation to lactate, formate, ethanol and acetate|g__Escherichia.s__Escherichia_coli	625.9062543914
P461-PWY: hexitol fermentation to lactate, formate, ethanol and acetate|unclassified	69.4670995131
ILEUSYN-PWY: L-isoleucine biosynthesis I (from threonine)	737.4886469411
ILEUSYN-PWY: L-isoleucine biosynthesis I (from threonine)|g__Escherichia.s__Escherichia_coli	659.3857708945
VALSYN-PWY: L-valine biosynthesis	737.4886469411
VALSYN-PWY: L-valine biosynthesis|g__Escherichia.s__Escherichia_coli	659.3857708945
VALSYN-PWY: L-valine biosynthesis|unclassified	68.4551142896
CALVIN-PWY: Calvin-Benson-Bassham cycle	734.3865711542
CALVIN-PWY: Calvin-Benson-Bassham cycle|g__Escherichia.s__Escherichia_coli	643.1965970770
PWY-5695: inosine 5'-phosphate degradation	733.5677161173
PWY-5695: inosine 5'-phosphate degradation|g__Escherichia.s__Escherichia_coli	617.3779629997
PWY-5695: inosine 5'-phosphate degradation|unclassified	88.3475310091
PWY-6608: guanosine nucleotides degradation III	733.5677161173
PWY-6608: guanosine nucleotides degradation III|g__Escherichia.s__Escherichia_coli	617.3779629997
PWY-6608: guanosine nucleotides degradation III|unclassified	77.4484996211
PWY-1042: glycolysis IV	713.7932818164
PWY-1042: glycolysis IV|g__Escherichia.s__Escherichia_coli	540.6954079285
PWY-1042: glycolysis IV|unclassified	69.2284164438
ORNDEG-PWY: superpathway of ornithine degradation	699.4179188927
ORNDEG-PWY: superpathway of ornithine degradation|g__Escherichia.s__Escherichia_coli	632.7591612138
ORNDEG-PWY: superpathway of ornithine degradation|g__Staphylococcus.s__Staphylococcus_epidermidis	35.6968548491
PWY-5913: partial TCA cycle (obligate autotrophs)	695.9504982490
PWY-5913: partial TCA cycle (obligate autotrophs)|g__Escherichia.s__Escherichia_coli	497.4877825175
PWY-5913: partial TCA cycle (obligate autotrophs)|unclassified	99.7984471230
PWY-5913: partial TCA cycle (obligate autotrophs)|g__Staphylococcus.s__Staphylococcus_epidermidis	49.5063747954
PWY-7663: gondoate biosynthesis (anaerobic)	681.2397960416
PWY-7663: gondoate biosynthesis (anaerobic)|g__Escherichia.s__Escherichia_coli	630.7793006563
PWY-7663: gondoate biosynthesis (anaerobic)|g__Staphylococcus.s__Staphylococcus_epidermidis	29.4323120191
PWY-7663: gondoate biosynthesis (anaerobic)|unclassified	19.6830783216
PWY-4041: &gamma;-glutamyl cycle	640.6207850814
PWY-4041: &gamma;-glutamyl cycle|g__Escherichia.s__Escherichia_coli	492.7983356154
PWY-4041: &gamma;-glutamyl cycle|g__Staphylococcus.s__Staphylococcus_epidermidis	59.2901060142
PWY-4041: &gamma;-glutamyl cycle|unclassified	47.8851498482
GLYCOLYSIS: glycolysis I (from glucose 6-phosphate)	626.6338452460
GLYCOLYSIS: glycolysis I (from glucose 6-phosphate)|g__Escherichia.s__Escherichia_coli	498.3989834872
PWY-6353: purine nucleotides degradation II (aerobic)	597.4693671295
PWY-6353: purine nucleotides degradation II (aerobic)|g__Escherichia.s__Escherichia_coli	513.5546726576
PWY-6353: purine nucleotides degradation II (aerobic)|unclassified	34.7767963012
ANAGLYCOLYSIS-PWY: glycolysis III (from glucose)	594.4630954017
ANAGLYCOLYSIS-PWY: glycolysis III (from glucose)|g__Escherichia.s__Escherichia_coli	497.4089447105
PWY-5484: glycolysis II (from fructose 6-phosphate)	586.8702509928
PWY-5484: glycolysis II (from fructose 6-phosphate)|g__Escherichia.s__Escherichia_coli	443.1709911818
TCA: TCA cycle I (prokaryotic)	581.8687218239
TCA: TCA cycle I (prokaryotic)|g__Escherichia.s__Escherichia_coli	502.5526232494
HEXITOLDEGSUPER-PWY: superpathway of hexitol degradation (bacteria)	578.7567140782
HEXITOLDEGSUPER-PWY: superpathway of hexitol degradation (bacteria)|g__Escherichia.s__Escherichia_coli	448.8868357581
PWY-5723: Rubisco shunt	575.3866717880
PWY-5723: Rubisco shunt|g__Escherichia.s__Escherichia_coli	428.5513540100
PWY-7117: C4 photosynthetic carbon assimilation cycle, PEPCK type	571.9914411281
PWY-7117: C4 photosynthetic carbon assimilation cycle, PEPCK type|g__Escherichia.s__Escherichia_coli	456.5366299422
PWY-7117: C4 photosynthetic carbon assimilation cycle, PEPCK type|unclassified	43.7639660586
PWY0-1261: anhydromuropeptides recycling I	568.0075226621
PWY0-1261: anhydromuropeptides recycling I|g__Escherichia.s__Escherichia_coli	452.4724606318
PWY0-1261: anhydromuropeptides recycling I|unclassified	56.1090896666
GLYCOLYSIS-TCA-GLYOX-BYPASS: superpathway of glycolysis, pyruvate dehydrogenase, TCA, and glyoxylate bypass	560.5113341623
GLYCOLYSIS-TCA-GLYOX-BYPASS: superpathway of glycolysis, pyruvate dehydrogenase, TCA, and glyoxylate bypass|g__Escherichia.s__Escherichia_coli	477.7212721513
UDPNAGSYN-PWY: UDP-N-acetyl-D-glucosamine biosynthesis I	552.2546318605
UDPNAGSYN-PWY: UDP-N-acetyl-D-glucosamine biosynthesis I|g__Escherichia.s__Escherichia_coli	477.2560079615
UDPNAGSYN-PWY: UDP-N-acetyl-D-glucosamine biosynthesis I|unclassified	44.0069757322
UDPNAGSYN-PWY: UDP-N-acetyl-D-glucosamine biosynthesis I|g__Cutibacterium.s__Cutibacterium_acnes	21.6196472414
PWY-5347: superpathway of L-methionine biosynthesis (transsulfuration)	546.4352598349
PWY-5347: superpathway of L-methionine biosynthesis (transsulfuration)|g__Escherichia.s__Escherichia_coli	435.2127382035
PWY-5347: superpathway of L-methionine biosynthesis (transsulfuration)|unclassified	58.6802351390
TCA-GLYOX-BYPASS: superpathway of glyoxylate bypass and TCA	537.3023200211
TCA-GLYOX-BYPASS: superpathway of glyoxylate bypass and TCA|g__Escherichia.s__Escherichia_coli	475.8813123164
ASPASN-PWY: superpathway of L-aspartate and L-asparagine biosynthesis	534.0659561237
ASPASN-PWY: superpathway of L-aspartate and L-asparagine biosynthesis|g__Escherichia.s__Escherichia_coli	453.5463000963
ASPASN-PWY: superpathway of L-aspartate and L-asparagine biosynthesis|unclassified	46.1544910972
ASPASN-PWY: superpathway of L-aspartate and L-asparagine biosynthesis|g__Staphylococcus.s__Staphylococcus_epidermidis	26.5659857651
METSYN-PWY: superpathway of L-homoserine and L-methionine biosynthesis	526.8059385807
METSYN-PWY: superpathway of L-homoserine and L-methionine biosynthesis|g__Escherichia.s__Escherichia_coli	428.1514152899
METSYN-PWY: superpathway of L-homoserine and L-methionine biosynthesis|unclassified	70.3044173512
PWY-6737: starch degradation V	526.1807128725
PWY-6737: starch degradation V|g__Escherichia.s__Escherichia_coli	411.9130178408
PWY-6737: starch degradation V|unclassified	98.6229756627
FASYN-ELONG-PWY: fatty acid elongation -- saturated	520.1244190814
FASYN-ELONG-PWY: fatty acid elongation -- saturated|g__Escherichia.s__Escherichia_coli	349.4591238123
PENTOSE-P-PWY: pentose phosphate pathway	518.6044698212
PENTOSE-P-PWY: pentose phosphate pathway|g__Escherichia.s__Escherichia_coli	410.9879905214
PENTOSE-P-PWY: pentose phosphate pathway|unclassified	34.6611233944
PWY-3001: superpathway of L-isoleucine biosynthesis I	514.5460638481
PWY-3001: superpathway of L-isoleucine biosynthesis I|g__Escherichia.s__Escherichia_coli	388.8676384244
PWY-6606: guanosine nucleotides degradation II	512.9513590393
PWY-6606: guanosine nucleotides degradation II|g__Escherichia.s__Escherichia_coli	471.4272534201
PWY-6606: guanosine nucleotides degradation II|unclassified	17.8764681719
THRESYN-PWY: superpathway of L-threonine biosynthesis	511.2092227325
THRESYN-PWY: superpathway of L-threonine biosynthesis|g__Escherichia.s__Escherichia_coli	364.2841855451
THRESYN-PWY: superpathway of L-threonine biosynthesis|g__Cutibacterium.s__Cutibacterium_acnes	22.0932026420
PWY-6305: superpathway of putrescine biosynthesis	509.1112064925
PWY-6305: superpathway of putrescine biosynthesis|g__Escherichia.s__Escherichia_coli	353.7118718535
FERMENTATION-PWY: mixed acid fermentation	507.7172740959
FERMENTATION-PWY: mixed acid fermentation|g__Escherichia.s__Escherichia_coli	309.6227633605
FERMENTATION-PWY: mixed acid fermentation|unclassified	78.7888028344
HOMOSER-METSYN-PWY: L-methionine biosynthesis I	506.6113915372
HOMOSER-METSYN-PWY: L-methionine biosynthesis I|g__Escherichia.s__Escherichia_coli	408.2053022952
HOMOSER-METSYN-PWY: L-methionine biosynthesis I|unclassified	84.5808032484
MET-SAM-PWY: superpathway of S-adenosyl-L-methionine biosynthesis	506.3631710639
MET-SAM-PWY: superpathway of S-adenosyl-L-methionine biosynthesis|g__Escherichia.s__Escherichia_coli	411.2871430248
MET-SAM-PWY: superpathway of S-adenosyl-L-methionine biosynthesis|unclassified	51.8650912816
PWY-5971: palmitate biosynthesis (type II fatty acid synthase)	504.4526696868
PWY-5971: palmitate biosynthesis (type II fatty acid synthase)|g__Escherichia.s__Escherichia_coli	335.5830905393
PWY0-1296: purine ribonucleosides degradation	500.9808926274
PWY0-1296: purine ribonucleosides degradation|g__Escherichia.s__Escherichia_coli	461.4796474911
PWY0-1296: purine ribonucleosides degradation|unclassified	19.9288243965
BRANCHED-CHAIN-AA-SYN-PWY: superpathway of branched chain amino acid biosynthesis	500.5147174296
BRANCHED-CHAIN-AA-SYN-PWY: superpathway of branched chain amino acid biosynthesis|g__Escherichia.s__Escherichia_coli	371.2208876220
PWY-6385: peptidoglycan biosynthesis III (mycobacteria)	498.5756623760
PWY-6385: peptidoglycan biosynthesis III (mycobacteria)|g__Escherichia.s__Escherichia_coli	385.5422640404
PWY-7388: octanoyl-[acyl-carrier protein] biosynthesis (mitochondria, yeast)	493.2054383529
PWY-7388: octanoyl-[acyl-carrier protein] biosynthesis (mitochondria, yeast)|g__Escherichia.s__Escherichia_coli	404.8893984838
PWY-7664: oleate biosynthesis IV (anaerobic)	492.1325403525
PWY-7664: oleate biosynthesis IV (anaerobic)|g__Escherichia.s__Escherichia_coli	325.5732478644
PWY-6936: seleno-amino acid biosynthesis (plants)	490.8429053596
PWY-6936: seleno-amino acid biosynthesis (plants)|g__Escherichia.s__Escherichia_coli	430.1142811176
PWY-6936: seleno-amino acid biosynthesis (plants)|unclassified	14.6359564528
PWY-5173	487.1913399531
PWY-5173|g__Escherichia.s__Escherichia_coli	391.2094797550
PWY-5173|unclassified	64.3629277338
RHAMCAT-PWY: L-rhamnose degradation I	485.7838579047
RHAMCAT-PWY: L-rhamnose degradation I|g__Escherichia.s__Escherichia_coli	398.6640875405
RHAMCAT-PWY: L-rhamnose degradation I|unclassified	48.5538390806
PWY-5103: L-isoleucine biosynthesis III	485.7254884623
PWY-5103: L-isoleucine biosynthesis III|g__Escherichia.s__Escherichia_coli	339.9029314498
GLUCONEO-PWY: gluconeogenesis I	485.7242901268
GLUCONEO-PWY: gluconeogenesis I|g__Escherichia.s__Escherichia_coli	411.4517758411
PWY-6122: 5-aminoimidazole ribonucleotide biosynthesis II	482.5938983227
PWY-6122: 5-aminoimidazole ribonucleotide biosynthesis II|g__Escherichia.s__Escherichia_coli	324.3318542678
PWY-6122: 5-aminoimidazole ribonucleotide biosynthesis II|unclassified	74.3367928768
PWY-6122: 5-aminoimidazole ribonucleotide biosynthesis II|g__Cutibacterium.s__Cutibacterium_acnes	20.1729907049
PWY-6277: superpathway of 5-aminoimidazole ribonucleotide biosynthesis	482.5938983227
PWY-6277: superpathway of 5-aminoimidazole ribonucleotide biosynthesis|g__Escherichia.s__Escherichia_coli	324.3318542678
PWY-6277: superpathway of 5-aminoimidazole ribonucleotide biosynthesis|unclassified	74.3367928768
PWY-6277: superpathway of 5-aminoimidazole ribonucleotide biosynthesis|g__Cutibacterium.s__Cutibacterium_acnes	20.1729907049
PWY-6387: UDP-N-acetylmuramoyl-pentapeptide biosynthesis I (meso-diaminopimelate containing)	478.5970540249
PWY-6387: UDP-N-acetylmuramoyl-pentapeptide biosynthesis I (meso-diaminopimelate containing)|g__Escherichia.s__Escherichia_coli	398.2023524125
PWY-6387: UDP-N-acetylmuramoyl-pentapeptide biosynthesis I (meso-diaminopimelate containing)|g__Cutibacterium.s__Cutibacterium_acnes	21.1313090022
PWY-6282: palmitoleate biosynthesis I (from (5Z)-dodec-5-enoate)	474.2219699052
PWY-6282: palmitoleate biosynthesis I (from (5Z)-dodec-5-enoate)|g__Escherichia.s__Escherichia_coli	302.2556637298
PWY-5675: nitrate reduction V (assimilatory)	472.3269374971
PWY-5675: nitrate reduction V (assimilatory)|g__Escherichia.s__Escherichia_coli	318.2981076266
PWY-5675: nitrate reduction V (assimilatory)|unclassified	78.3372289841
PWY-5154: L-arginine biosynthesis III (via N-acetyl-L-citrulline)	471.5544965335
PWY-5154: L-arginine biosynthesis III (via N-acetyl-L-citrulline)|g__Escherichia.s__Escherichia_coli	381.0279989370
PWY-5154: L-arginine biosynthesis III (via N-acetyl-L-citrulline)|unclassified	16.3781556868
PWY-5667: CDP-diacylglycerol biosynthesis I	470.0519087462
PWY-5667: CDP-diacylglycerol biosynthesis I|g__Escherichia.s__Escherichia_coli	389.1814187492
PWY-5667: CDP-diacylglycerol biosynthesis I|unclassified	54.9546093399
PWY0-1319: CDP-diacylglycerol biosynthesis II	470.0519087462
PWY0-1319: CDP-diacylglycerol biosynthesis II|g__Escherichia.s__Escherichia_coli	389.1814187492
PWY0-1319: CDP-diacylglycerol biosynthesis II|unclassified	54.9546093399
ARGSYN-PWY: L-arginine biosynthesis I (via L-ornithine)	468.5545990697
ARGSYN-PWY: L-arginine biosynthesis I (via L-ornithine)|g__Escherichia.s__Escherichia_coli	412.1354949357
ARGSYN-PWY: L-arginine biosynthesis I (via L-ornithine)|g__Cutibacterium.s__Cutibacterium_acnes	20.4861438222
ARGSYN-PWY: L-arginine biosynthesis I (via L-ornithine)|unclassified	18.1557525069
ARGSYNBSUB-PWY: L-arginine biosynthesis II (acetyl cycle)	467.4096997506
ARGSYNBSUB-PWY: L-arginine biosynthesis II (acetyl cycle)|g__Escherichia.s__Escherichia_coli	399.2622520443
ARGSYNBSUB-PWY: L-arginine biosynthesis II (acetyl cycle)|g__Cutibacterium.s__Cutibacterium_acnes	22.6248000432
GLYCOLYSIS-E-D: superpathway of glycolysis and the Entner-Doudoroff pathway	464.6826074652
GLYCOLYSIS-E-D: superpathway of glycolysis and the Entner-Doudoroff pathway|g__Escherichia.s__Escherichia_coli	355.7234514397
PEPTIDOGLYCANSYN-PWY: peptidoglycan biosynthesis I (meso-diaminopimelate containing)	462.6479527965
PEPTIDOGLYCANSYN-PWY: peptidoglycan biosynthesis I (meso-diaminopimelate containing)|g__Escherichia.s__Escherichia_coli	360.3426526315
PEPTIDOGLYCANSYN-PWY: peptidoglycan biosynthesis I (meso-diaminopimelate containing)|g__Cutibacterium.s__Cutibacterium_acnes	21.0489821469
PWY-7400: L-arginine biosynthesis IV (archaebacteria)	462.4268357896
PWY-7400: L-arginine biosynthesis IV (archaebacteria)|g__Escherichia.s__Escherichia_coli	402.7278031417
PWY-7400: L-arginine biosynthesis IV (archaebacteria)|g__Cutibacterium.s__Cutibacterium_acnes	20.3861715788
PWY-7400: L-arginine biosynthesis IV (archaebacteria)|unclassified	18.2750814222
P161-PWY: acetylene degradation (anaerobic)	461.9349829634
P161-PWY: acetylene degradation (anaerobic)|g__Escherichia.s__Escherichia_coli	445.5084956998
ARG+POLYAMINE-SYN: superpathway of arginine and polyamine biosynthesis	461.1964696363
ARG+POLYAMINE-SYN: superpathway of arginine and polyamine biosynthesis|g__Escherichia.s__Escherichia_coli	396.3050144117
PWY0-862: (5Z)-dodecenoate biosynthesis I	459.1830013173
PWY0-862: (5Z)-dodecenoate biosynthesis I|g__Escherichia.s__Escherichia_coli	298.3804502545
POLYAMSYN-PWY: superpathway of polyamine biosynthesis I	456.6502723317
POLYAMSYN-PWY: superpathway of polyamine biosynthesis I|g__Escherichia.s__Escherichia_coli	386.5417456912
POLYAMSYN-PWY: superpathway of polyamine biosynthesis I|unclassified	40.6353287691
GLYCOGENSYNTH-PWY: glycogen biosynthesis I (from ADP-D-Glucose)	452.7452584062
GLYCOGENSYNTH-PWY: glycogen biosynthesis I (from ADP-D-Glucose)|g__Escherichia.s__Escherichia_coli	310.4626987939
GLYCOGENSYNTH-PWY: glycogen biosynthesis I (from ADP-D-Glucose)|unclassified	33.0039502447
GLUTORN-PWY: L-ornithine biosynthesis I	450.4918677315
GLUTORN-PWY: L-ornithine biosynthesis I|g__Escherichia.s__Escherichia_coli	376.7985692449
GLUTORN-PWY: L-ornithine biosynthesis I|unclassified	30.7790699453
GLUTORN-PWY: L-ornithine biosynthesis I|g__Cutibacterium.s__Cutibacterium_acnes	19.4458074304
GLYCOCAT-PWY: glycogen degradation I	449.8245959301
GLYCOCAT-PWY: glycogen degradation I|g__Escherichia.s__Escherichia_coli	348.3664221362
PWY-6386: UDP-N-acetylmuramoyl-pentapeptide biosynthesis II (lysine-containing)	447.7195513459
PWY-6386: UDP-N-acetylmuramoyl-pentapeptide biosynthesis II (lysine-containing)|g__Escherichia.s__Escherichia_coli	346.0858713337
PWY-6519: 8-amino-7-oxononanoate biosynthesis I	445.4489344856
PWY-6519: 8-amino-7-oxononanoate biosynthesis I|g__Escherichia.s__Escherichia_coli	302.8914761537
PWY-5989: stearate biosynthesis II (bacteria and plants)	445.0313458476
PWY-5989: stearate biosynthesis II (bacteria and plants)|g__Escherichia.s__Escherichia_coli	284.8355266522
PWY-5989: stearate biosynthesis II (bacteria and plants)|g__Staphylococcus.s__Staphylococcus_epidermidis	35.2750177886
P441-PWY: superpathway of N-acetylneuraminate degradation	443.3157674044
P441-PWY: superpathway of N-acetylneuraminate degradation|g__Escherichia.s__Escherichia_coli	395.5003284957
TRNA-CHARGING-PWY: tRNA charging	440.8672539200
TRNA-CHARGING-PWY: tRNA charging|g__Escherichia.s__Escherichia_coli	327.9396060070
TRNA-CHARGING-PWY: tRNA charging|unclassified	43.7676023480
PHOSLIPSYN-PWY: superpathway of phospholipid biosynthesis I (bacteria)	432.5401375352
PHOSLIPSYN-PWY: superpathway of phospholipid biosynthesis I (bacteria)|g__Escherichia.s__Escherichia_coli	360.7620758713
PHOSLIPSYN-PWY: superpathway of phospholipid biosynthesis I (bacteria)|unclassified	22.2994340764
GLYOXYLATE-BYPASS: glyoxylate cycle	428.5714834170
GLYOXYLATE-BYPASS: glyoxylate cycle|g__Escherichia.s__Escherichia_coli	393.7093251896
GLYOXYLATE-BYPASS: glyoxylate cycle|unclassified	34.4555898274
PWY-6285: superpathway of fatty acids biosynthesis (E. coli)	421.6788284499
PWY-6285: superpathway of fatty acids biosynthesis (E. coli)|g__Escherichia.s__Escherichia_coli	278.0846376756
PWY-6121: 5-aminoimidazole ribonucleotide biosynthesis I	418.1772313526
PWY-6121: 5-aminoimidazole ribonucleotide biosynthesis I|g__Escherichia.s__Escherichia_coli	296.5124657758
PWY-6121: 5-aminoimidazole ribonucleotide biosynthesis I|unclassified	33.5906232344
PWY-6121: 5-aminoimidazole ribonucleotide biosynthesis I|g__Cutibacterium.s__Cutibacterium_acnes	20.1022468639
PWY-5104: L-isoleucine biosynthesis IV	416.5718926161
PWY-5104: L-isoleucine biosynthesis IV|g__Escherichia.s__Escherichia_coli	286.1727398056
PWY-5104: L-isoleucine biosynthesis IV|unclassified	70.4572751938
COMPLETE-ARO-PWY: superpathway of aromatic amino acid biosynthesis	416.4951849722
COMPLETE-ARO-PWY: superpathway of aromatic amino acid biosynthesis|g__Escherichia.s__Escherichia_coli	351.7058887113
PWY-7221: guanosine ribonucleotides de novo biosynthesis	413.3352318819
PWY-7221: guanosine ribonucleotides de novo biosynthesis|g__Escherichia.s__Escherichia_coli	351.9223774953
PWY-7221: guanosine ribonucleotides de novo biosynthesis|unclassified	38.0792924630
PWY-7221: guanosine ribonucleotides de novo biosynthesis|g__Cutibacterium.s__Cutibacterium_acnes	23.3834606244
ARO-PWY: chorismate biosynthesis I	411.6426644884
ARO-PWY: chorismate biosynthesis I|g__Escherichia.s__Escherichia_coli	351.3403136390
PWY4FS-7: phosphatidylglycerol biosynthesis I (plastidic)	411.4931534535
PWY4FS-7: phosphatidylglycerol biosynthesis I (plastidic)|g__Escherichia.s__Escherichia_coli	336.7702716119
PWY4FS-7: phosphatidylglycerol biosynthesis I (plastidic)|unclassified	15.0160589332
PWY4FS-8: phosphatidylglycerol biosynthesis II (non-plastidic)	411.4931534535
PWY4FS-8: phosphatidylglycerol biosynthesis II (non-plastidic)|g__Escherichia.s__Escherichia_coli	336.7702716119
PWY4FS-8: phosphatidylglycerol biosynthesis II (non-plastidic)|unclassified	15.0160589332
BIOTIN-BIOSYNTHESIS-PWY: biotin biosynthesis I	411.3577461288
BIOTIN-BIOSYNTHESIS-PWY: biotin biosynthesis I|g__Escherichia.s__Escherichia_coli	289.8283491697
GALACTARDEG-PWY: D-galactarate degradation I	406.9733328521
GALACTARDEG-PWY: D-galactarate degradation I|g__Escherichia.s__Escherichia_coli	344.9925479687
GALACTARDEG-PWY: D-galactarate degradation I|unclassified	40.3394612974
GLUCARGALACTSUPER-PWY: superpathway of D-glucarate and D-galactarate degradation	406.9733328521
GLUCARGALACTSUPER-PWY: superpathway of D-glucarate and D-galactarate degradation|g__Escherichia.s__Escherichia_coli	344.9925479687
GLUCARGALACTSUPER-PWY: superpathway of D-glucarate and D-galactarate degradation|unclassified	40.3394612974
PWY-7228: superpathway of guanosine nucleotides de novo biosynthesis I	398.3216623535
PWY-7228: superpathway of guanosine nucleotides de novo biosynthesis I|g__Escherichia.s__Escherichia_coli	321.9680612298
PWY-7228: superpathway of guanosine nucleotides de novo biosynthesis I|unclassified	40.5421369821
PWY-7228: superpathway of guanosine nucleotides de novo biosynthesis I|g__Cutibacterium.s__Cutibacterium_acnes	26.7365836106
PWY0-1297: superpathway of purine deoxyribonucleosides degradation	396.9923168346
PWY0-1297: superpathway of purine deoxyribonucleosides degradation|g__Escherichia.s__Escherichia_coli	371.0770875185
PWY-6609: adenine and adenosine salvage III	396.4570236099
PWY-6609: adenine and adenosine salvage III|g__Escherichia.s__Escherichia_coli	355.6063765868
PWY-6609: adenine and adenosine salvage III|g__Cutibacterium.s__Cutibacterium_acnes	17.0039574099
PWY-6123: inosine-5'-phosphate biosynthesis I	396.3576201365
PWY-6123: inosine-5'-phosphate biosynthesis I|g__Escherichia.s__Escherichia_coli	331.9482434065
PWY-6123: inosine-5'-phosphate biosynthesis I|unclassified	17.3754779887
PWY-6123: inosine-5'-phosphate biosynthesis I|g__Cutibacterium.s__Cutibacterium_acnes	16.0533711404
PWY-5188: tetrapyrrole biosynthesis I (from glutamate)	396.2207682079
PWY-5188: tetrapyrrole biosynthesis I (from glutamate)|g__Escherichia.s__Escherichia_coli	350.6127108883
PWY-5188: tetrapyrrole biosynthesis I (from glutamate)|g__Cutibacterium.s__Cutibacterium_acnes	17.1769990442
PWY-5188: tetrapyrrole biosynthesis I (from glutamate)|unclassified	11.2147942323
ANAEROFRUCAT-PWY: homolactic fermentation	393.4487203790
ANAEROFRUCAT-PWY: homolactic fermentation|g__Escherichia.s__Escherichia_coli	304.1961115553
PWY-5189: tetrapyrrole biosynthesis II (from glycine)	391.6185629869
PWY-5189: tetrapyrrole biosynthesis II (from glycine)|g__Escherichia.s__Escherichia_coli	360.4911480994
PWY-5189: tetrapyrrole biosynthesis II (from glycine)|g__Cutibacterium.s__Cutibacterium_acnes	15.2568944753
ARGDEG-PWY: superpathway of L-arginine, putrescine, and 4-aminobutanoate degradation	390.6012144891
ARGDEG-PWY: superpathway of L-arginine, putrescine, and 4-aminobutanoate degradation|g__Escherichia.s__Escherichia_coli	277.4380122148
ORNARGDEG-PWY: superpathway of L-arginine and L-ornithine degradation	390.6012144891
ORNARGDEG-PWY: superpathway of L-arginine and L-ornithine degradation|g__Escherichia.s__Escherichia_coli	277.4380122148
FAO-PWY: fatty acid &beta;-oxidation I (generic)	388.4341414960
FAO-PWY: fatty acid &beta;-oxidation I (generic)|g__Escherichia.s__Escherichia_coli	323.5602973421
FAO-PWY: fatty acid &beta;-oxidation I (generic)|unclassified	77.4513739823
FASYN-INITIAL-PWY: superpathway of fatty acid biosynthesis initiation (E. coli)	388.1539204579
FASYN-INITIAL-PWY: superpathway of fatty acid biosynthesis initiation (E. coli)|g__Escherichia.s__Escherichia_coli	299.2275627477
FASYN-INITIAL-PWY: superpathway of fatty acid biosynthesis initiation (E. coli)|unclassified	46.3673316674
FASYN-INITIAL-PWY: superpathway of fatty acid biosynthesis initiation (E. coli)|g__Staphylococcus.s__Staphylococcus_epidermidis	29.9477128921
PWY-5973: cis-vaccenate biosynthesis	385.3172617726
PWY-5973: cis-vaccenate biosynthesis|g__Escherichia.s__Escherichia_coli	243.8486696876
PWY-5973: cis-vaccenate biosynthesis|g__Staphylococcus.s__Staphylococcus_epidermidis	30.5714262017
PWY-6284: superpathway of unsaturated fatty acids biosynthesis (E. coli)	377.9439798545
PWY-6284: superpathway of unsaturated fatty acids biosynthesis (E. coli)|g__Escherichia.s__Escherichia_coli	237.0890974371
PWY4LZ-257: superpathway of fermentation (Chlamydomonas reinhardtii)	376.4146273744
PWY4LZ-257: superpathway of fermentation (Chlamydomonas reinhardtii)|g__Escherichia.s__Escherichia_coli	295.7646356373
FUCCAT-PWY: fucose degradation	371.1520644676
FUCCAT-PWY: fucose degradation|g__Escherichia.s__Escherichia_coli	265.2763597356
FUCCAT-PWY: fucose degradation|unclassified	15.9214620928
FUC-RHAMCAT-PWY: superpathway of fucose and rhamnose degradation	368.9958829606
FUC-RHAMCAT-PWY: superpathway of fucose and rhamnose degradation|g__Escherichia.s__Escherichia_coli	303.1107744341
FUC-RHAMCAT-PWY: superpathway of fucose and rhamnose degradation|unclassified	25.8976229727
PWY-6125: superpathway of guanosine nucleotides de novo biosynthesis II	368.5166713848
PWY-6125: superpathway of guanosine nucleotides de novo biosynthesis II|g__Escherichia.s__Escherichia_coli	297.1454334048
PWY-6125: superpathway of guanosine nucleotides de novo biosynthesis II|g__Cutibacterium.s__Cutibacterium_acnes	25.5721517152
PWY-7220: adenosine deoxyribonucleotides de novo biosynthesis II	362.5854521938
PWY-7220: adenosine deoxyribonucleotides de novo biosynthesis II|g__Escherichia.s__Escherichia_coli	290.0746319998
PWY-7220: adenosine deoxyribonucleotides de novo biosynthesis II|g__Staphylococcus.s__Staphylococcus_epidermidis	48.9984275554
PWY-7220: adenosine deoxyribonucleotides de novo biosynthesis II|unclassified	36.3197552820
PWY-7220: adenosine deoxyribonucleotides de novo biosynthesis II|g__Cutibacterium.s__Cutibacterium_acnes	32.6468302531
PWY-7222: guanosine deoxyribonucleotides de novo biosynthesis II	362.5854521938
PWY-7222: guanosine deoxyribonucleotides de novo biosynthesis II|g__Escherichia.s__Escherichia_coli	290.0746319998
PWY-7222: guanosine deoxyribonucleotides de novo biosynthesis II|g__Staphylococcus.s__Staphylococcus_epidermidis	48.9984275554
PWY-7222: guanosine deoxyribonucleotides de novo biosynthesis II|unclassified	36.3197552820
PWY-7222: guanosine deoxyribonucleotides de novo biosynthesis II|g__Cutibacterium.s__Cutibacterium_acnes	32.6468302531
GLUCARDEG-PWY: D-glucarate degradation I	359.7851992422
GLUCARDEG-PWY: D-glucarate degradation I|g__Escherichia.s__Escherichia_coli	313.1091582523
GLUCARDEG-PWY: D-glucarate degradation I|unclassified	37.5787509499
PWY-6163: chorismate biosynthesis from 3-dehydroquinate	356.1469014780
PWY-6163: chorismate biosynthesis from 3-dehydroquinate|g__Escherichia.s__Escherichia_coli	301.7953134107
PWY-6151: S-adenosyl-L-methionine salvage I	354.2097191879
PWY-6151: S-adenosyl-L-methionine salvage I|g__Escherichia.s__Escherichia_coli	305.2777148735
PWY-6151: S-adenosyl-L-methionine salvage I|g__Cutibacterium.s__Cutibacterium_acnes	16.6220601901
PWY-6151: S-adenosyl-L-methionine salvage I|unclassified	16.5992429548
SO4ASSIM-PWY: assimilatory sulfate reduction I	349.4996003350
SO4ASSIM-PWY: assimilatory sulfate reduction I|g__Escherichia.s__Escherichia_coli	321.1633309750
GLCMANNANAUT-PWY: superpathway of N-acetylglucosamine, N-acetylmannosamine and N-acetylneuraminate degradation	348.1809110101
GLCMANNANAUT-PWY: superpathway of N-acetylglucosamine, N-acetylmannosamine and N-acetylneuraminate degradation|g__Escherichia.s__Escherichia_coli	296.9899046022
PWY-6700: queuosine biosynthesis I (de novo)	346.5264439354
PWY-6700: queuosine biosynthesis I (de novo)|g__Escherichia.s__Escherichia_coli	260.9771579082
PWY-6700: queuosine biosynthesis I (de novo)|unclassified	42.9990019288
KETOGLUCONMET-PWY: ketogluconate metabolism	346.5211345470
KETOGLUCONMET-PWY: ketogluconate metabolism|g__Escherichia.s__Escherichia_coli	288.9628292260
SULFATE-CYS-PWY: superpathway of sulfate assimilation and cysteine biosynthesis	343.5097666152
SULFATE-CYS-PWY: superpathway of sulfate assimilation and cysteine biosynthesis|g__Escherichia.s__Escherichia_coli	297.5753554573
PWY-1269: CMP-3-deoxy-D-manno-octulosonate biosynthesis	342.0250947465
PWY-1269: CMP-3-deoxy-D-manno-octulosonate biosynthesis|g__Escherichia.s__Escherichia_coli	294.9133194796
PWY-1269: CMP-3-deoxy-D-manno-octulosonate biosynthesis|unclassified	42.4608368594
PWY-2942: L-lysine biosynthesis III	340.5637087530
PWY-2942: L-lysine biosynthesis III|g__Escherichia.s__Escherichia_coli	297.9473806008
DTDPRHAMSYN-PWY: dTDP-&beta;-L-rhamnose biosynthesis	339.7868747437
DTDPRHAMSYN-PWY: dTDP-&beta;-L-rhamnose biosynthesis|g__Escherichia.s__Escherichia_coli	248.0581714661
DTDPRHAMSYN-PWY: dTDP-&beta;-L-rhamnose biosynthesis|unclassified	67.7231817705
PWY0-1298: superpathway of pyrimidine deoxyribonucleosides degradation	338.2925566385
PWY0-1298: superpathway of pyrimidine deoxyribonucleosides degradation|g__Escherichia.s__Escherichia_coli	319.2818197735
PANTO-PWY: phosphopantothenate biosynthesis I	337.5636746069
PANTO-PWY: phosphopantothenate biosynthesis I|g__Escherichia.s__Escherichia_coli	298.4703442272
NAGLIPASYN-PWY: lipid IVA biosynthesis (E. coli)	334.7583346725
NAGLIPASYN-PWY: lipid IVA biosynthesis (E. coli)|g__Escherichia.s__Escherichia_coli	287.9332533235
NAGLIPASYN-PWY: lipid IVA biosynthesis (E. coli)|g__Staphylococcus.s__Staphylococcus_epidermidis	45.9237115847
GALACTUROCAT-PWY: D-galacturonate degradation I	331.1703631378
GALACTUROCAT-PWY: D-galacturonate degradation I|g__Escherichia.s__Escherichia_coli	232.9315439267
PWY-7282: 4-amino-2-methyl-5-diphosphomethylpyrimidine biosynthesis II	327.6035729247
PWY-7282: 4-amino-2-methyl-5-diphosphomethylpyrimidine biosynthesis II|g__Escherichia.s__Escherichia_coli	266.8796524134
PWY-5659: GDP-mannose biosynthesis	326.3335394290
PWY-5659: GDP-mannose biosynthesis|g__Escherichia.s__Escherichia_coli	132.1701330168
PWY-5659: GDP-mannose biosynthesis|unclassified	94.4917574202
1CMET2-PWY: folate transformations III (E. coli)	326.0342324706
1CMET2-PWY: folate transformations III (E. coli)|g__Escherichia.s__Escherichia_coli	269.9810009895
1CMET2-PWY: folate transformations III (E. coli)|g__Cutibacterium.s__Cutibacterium_acnes	21.5110777793
PYRIDOXSYN-PWY: pyridoxal 5'-phosphate biosynthesis I	324.1500123271
PYRIDOXSYN-PWY: pyridoxal 5'-phosphate biosynthesis I|g__Escherichia.s__Escherichia_coli	268.7365732984
PYRIDOXSYN-PWY: pyridoxal 5'-phosphate biosynthesis I|unclassified	33.0357926923
PWY-7229: superpathway of adenosine nucleotides de novo biosynthesis I	323.5112586515
PWY-7229: superpathway of adenosine nucleotides de novo biosynthesis I|g__Escherichia.s__Escherichia_coli	236.1400970100
PWY-7229: superpathway of adenosine nucleotides de novo biosynthesis I|unclassified	35.7288978768
PWY-7229: superpathway of adenosine nucleotides de novo biosynthesis I|g__Cutibacterium.s__Cutibacterium_acnes	22.3442010282
PWY-6803: phosphatidylcholine acyl editing	321.4884240417
PWY-6803: phosphatidylcholine acyl editing|g__Escherichia.s__Escherichia_coli	295.7798752642
P105-PWY: TCA cycle IV (2-oxoglutarate decarboxylase)	320.0566935575
P105-PWY: TCA cycle IV (2-oxoglutarate decarboxylase)|g__Escherichia.s__Escherichia_coli	167.2858904013
PWY-6969: TCA cycle V (2-oxoglutarate synthase)	320.0566935575
PWY-6969: TCA cycle V (2-oxoglutarate synthase)|g__Escherichia.s__Escherichia_coli	167.2858904013
PWY66-409: superpathway of purine nucleotide salvage	315.1739986282
PWY66-409: superpathway of purine nucleotide salvage|g__Escherichia.s__Escherichia_coli	231.3330434824
PWY66-409: superpathway of purine nucleotide salvage|g__Cutibacterium.s__Cutibacterium_acnes	19.5404076087
COBALSYN-PWY: superpathway of adenosylcobalamin salvage from cobinamide I	313.8358993054
COBALSYN-PWY: superpathway of adenosylcobalamin salvage from cobinamide I|g__Escherichia.s__Escherichia_coli	272.1370152160
PWY-7219: adenosine ribonucleotides de novo biosynthesis	313.5733487105
PWY-7219: adenosine ribonucleotides de novo biosynthesis|g__Escherichia.s__Escherichia_coli	261.1675994261
PWY-7219: adenosine ribonucleotides de novo biosynthesis|unclassified	33.7999140704
PWY-7219: adenosine ribonucleotides de novo biosynthesis|g__Cutibacterium.s__Cutibacterium_acnes	23.9831907004
P4-PWY: superpathway of L-lysine, L-threonine and L-methionine biosynthesis I	312.4850531651
P4-PWY: superpathway of L-lysine, L-threonine and L-methionine biosynthesis I|g__Escherichia.s__Escherichia_coli	255.4063532326
PWY-5686: UMP biosynthesis I	312.1189677039
PWY-5686: UMP biosynthesis I|g__Escherichia.s__Escherichia_coli	226.5961094527
PWY-5686: UMP biosynthesis I|g__Cutibacterium.s__Cutibacterium_acnes	24.8081632113
PWY-6126: superpathway of adenosine nucleotides de novo biosynthesis II	311.4105854667
PWY-6126: superpathway of adenosine nucleotides de novo biosynthesis II|g__Escherichia.s__Escherichia_coli	230.7889261011
PWY-6126: superpathway of adenosine nucleotides de novo biosynthesis II|unclassified	33.7218143540
PWY-6126: superpathway of adenosine nucleotides de novo biosynthesis II|g__Cutibacterium.s__Cutibacterium_acnes	22.7962503560
SER-GLYSYN-PWY: superpathway of L-serine and glycine biosynthesis I	310.7515228007
SER-GLYSYN-PWY: superpathway of L-serine and glycine biosynthesis I|g__Escherichia.s__Escherichia_coli	247.6902919098
SER-GLYSYN-PWY: superpathway of L-serine and glycine biosynthesis I|unclassified	17.8536949971
PWY-5838: superpathway of menaquinol-8 biosynthesis I	309.9792967803
PWY-5838: superpathway of menaquinol-8 biosynthesis I|g__Escherichia.s__Escherichia_coli	248.6028210523
PWY0-845: superpathway of pyridoxal 5'-phosphate biosynthesis and salvage	309.9217488953
PWY0-845: superpathway of pyridoxal 5'-phosphate biosynthesis and salvage|g__Escherichia.s__Escherichia_coli	277.3982556616
OANTIGEN-PWY: O-antigen building blocks biosynthesis (E. coli)	309.2940834875
OANTIGEN-PWY: O-antigen building blocks biosynthesis (E. coli)|g__Escherichia.s__Escherichia_coli	251.2450505751
OANTIGEN-PWY: O-antigen building blocks biosynthesis (E. coli)|unclassified	23.8479253446
PWY-7242: D-fructuronate degradation	308.0306755642
PWY-7242: D-fructuronate degradation|g__Escherichia.s__Escherichia_coli	195.5195038838
PWY-7242: D-fructuronate degradation|g__Staphylococcus.s__Staphylococcus_epidermidis	66.5770388988
PWY-7242: D-fructuronate degradation|unclassified	7.6468831520
PWY-841: superpathway of purine nucleotides de novo biosynthesis I	307.4313253240
PWY-841: superpathway of purine nucleotides de novo biosynthesis I|g__Escherichia.s__Escherichia_coli	250.8602198491
PYRIDNUCSYN-PWY: NAD de novo biosynthesis I (from aspartate)	305.2588989342
PYRIDNUCSYN-PWY: NAD de novo biosynthesis I (from aspartate)|g__Escherichia.s__Escherichia_coli	242.3515633208
PWY-5897: superpathway of menaquinol-11 biosynthesis	302.8888855152
PWY-5897: superpathway of menaquinol-11 biosynthesis|g__Escherichia.s__Escherichia_coli	239.8224620891
PWY-5898: superpathway of menaquinol-12 biosynthesis	302.8888855152
PWY-5898: superpathway of menaquinol-12 biosynthesis|g__Escherichia.s__Escherichia_coli	239.8224620891
PWY-5899: superpathway of menaquinol-13 biosynthesis	302.8888855152
PWY-5899: superpathway of menaquinol-13 biosynthesis|g__Escherichia.s__Escherichia_coli	239.8224620891
PWY-6892: thiazole component of thiamine diphosphate biosynthesis I	298.8882044130
PWY-6892: thiazole component of thiamine diphosphate biosynthesis I|g__Escherichia.s__Escherichia_coli	244.5638760692
PWY-5384: sucrose degradation IV (sucrose phosphorylase)	298.7575603600
PWY-5384: sucrose degradation IV (sucrose phosphorylase)|g__Escherichia.s__Escherichia_coli	257.2965820206
GLUCOSE1PMETAB-PWY: glucose and glucose-1-phosphate degradation	298.3652600788
GLUCOSE1PMETAB-PWY: glucose and glucose-1-phosphate degradation|g__Escherichia.s__Escherichia_coli	224.3096597761
GLUCOSE1PMETAB-PWY: glucose and glucose-1-phosphate degradation|unclassified	39.4594863264
PWY-7560: methylerythritol phosphate pathway II	293.1347117236
PWY-7560: methylerythritol phosphate pathway II|g__Escherichia.s__Escherichia_coli	218.8674205486
PWY-7560: methylerythritol phosphate pathway II|unclassified	34.6950447544
PWY-7560: methylerythritol phosphate pathway II|g__Cutibacterium.s__Cutibacterium_acnes	16.8582504137
PWY-6731: starch degradation III	292.6599125114
PWY-6731: starch degradation III|g__Escherichia.s__Escherichia_coli	254.7620326285
PWY-5656: mannosylglycerate biosynthesis I	292.4398377479
PWY-5656: mannosylglycerate biosynthesis I|g__Escherichia.s__Escherichia_coli	106.5146571090
PWY-5656: mannosylglycerate biosynthesis I|unclassified	67.4451425610
PWY-3841: folate transformations II (plants)	292.4256793716
PWY-3841: folate transformations II (plants)|g__Escherichia.s__Escherichia_coli	249.1727862456
PWY-3841: folate transformations II (plants)|g__Cutibacterium.s__Cutibacterium_acnes	23.4944457236
PWY-5840: superpathway of menaquinol-7 biosynthesis	292.3373255498
PWY-5840: superpathway of menaquinol-7 biosynthesis|g__Escherichia.s__Escherichia_coli	213.7384812240
PWY-5845: superpathway of menaquinol-9 biosynthesis	292.3373255498
PWY-5845: superpathway of menaquinol-9 biosynthesis|g__Escherichia.s__Escherichia_coli	213.7384812240
PWY-5850: superpathway of menaquinol-6 biosynthesis	292.3373255498
PWY-5850: superpathway of menaquinol-6 biosynthesis|g__Escherichia.s__Escherichia_coli	213.7384812240
PWY-5896: superpathway of menaquinol-10 biosynthesis	292.3373255498
PWY-5896: superpathway of menaquinol-10 biosynthesis|g__Escherichia.s__Escherichia_coli	213.7384812240
PWY-5861: superpathway of demethylmenaquinol-8 biosynthesis I	291.6743859285
PWY-5861: superpathway of demethylmenaquinol-8 biosynthesis I|g__Escherichia.s__Escherichia_coli	219.3783676827
PWY-6531: mannitol cycle	290.6208827511
PWY-6531: mannitol cycle|g__Escherichia.s__Escherichia_coli	208.2339695081
PWY-6531: mannitol cycle|g__Staphylococcus.s__Staphylococcus_epidermidis	26.1527865417
PWY-6531: mannitol cycle|unclassified	14.9418803493
PWY-5083: NAD(P)/NADPH interconversion	289.2418144012
PWY-5083: NAD(P)/NADPH interconversion|g__Escherichia.s__Escherichia_coli	218.6413097259
PWY-5083: NAD(P)/NADPH interconversion|unclassified	19.0308484314
PWY-4702: phytate degradation I	289.1595387364
PWY-4702: phytate degradation I|g__Escherichia.s__Escherichia_coli	236.4322639769
PWY-4702: phytate degradation I|unclassified	19.2772203642
PWY0-1277: 3-phenylpropanoate and 3-(3-hydroxyphenyl)propanoate degradation	288.2749746033
PWY0-1277: 3-phenylpropanoate and 3-(3-hydroxyphenyl)propanoate degradation|g__Escherichia.s__Escherichia_coli	253.7838256527
PWY-724: superpathway of L-lysine, L-threonine and L-methionine biosynthesis II	286.0757858924
PWY-724: superpathway of L-lysine, L-threonine and L-methionine biosynthesis II|g__Escherichia.s__Escherichia_coli	225.5657994165
HEMESYN2-PWY: heme b biosynthesis II (oxygen-independent)	285.4927504440
HEMESYN2-PWY: heme b biosynthesis II (oxygen-independent)|g__Escherichia.s__Escherichia_coli	257.3546550814
HEMESYN2-PWY: heme b biosynthesis II (oxygen-independent)|unclassified	11.3301262463
PWY0-162: superpathway of pyrimidine ribonucleotides de novo biosynthesis	285.1682563365
PWY0-162: superpathway of pyrimidine ribonucleotides de novo biosynthesis|g__Escherichia.s__Escherichia_coli	211.8753689067
COLANSYN-PWY: colanic acid building blocks biosynthesis	281.5583293186
COLANSYN-PWY: colanic acid building blocks biosynthesis|g__Escherichia.s__Escherichia_coli	129.8346885437
COLANSYN-PWY: colanic acid building blocks biosynthesis|unclassified	31.4864468560
PWY-6897: thiamine diphosphate salvage II	279.8013861337
PWY-6897: thiamine diphosphate salvage II|g__Escherichia.s__Escherichia_coli	215.8882414259
PWY-6897: thiamine diphosphate salvage II|g__Cutibacterium.s__Cutibacterium_acnes	20.2788921130
PWY-5918: superpathway of heme b biosynthesis from glutamate	279.4140564542
PWY-5918: superpathway of heme b biosynthesis from glutamate|g__Escherichia.s__Escherichia_coli	244.0924713206
PWY0-781: aspartate superpathway	278.3061395639
PWY0-781: aspartate superpathway|g__Escherichia.s__Escherichia_coli	209.6003430230
THISYN-PWY: superpathway of thiamine diphosphate biosynthesis I	277.5688706894
THISYN-PWY: superpathway of thiamine diphosphate biosynthesis I|g__Escherichia.s__Escherichia_coli	155.3962167850
COA-PWY-1: superpathway of coenzyme A biosynthesis III (mammals)	271.1446884180
COA-PWY-1: superpathway of coenzyme A biosynthesis III (mammals)|g__Escherichia.s__Escherichia_coli	208.5753517692
COA-PWY-1: superpathway of coenzyme A biosynthesis III (mammals)|unclassified	26.3383468221
COA-PWY-1: superpathway of coenzyme A biosynthesis III (mammals)|g__Cutibacterium.s__Cutibacterium_acnes	19.7964695236
PWY-6507: 4-deoxy-L-threo-hex-4-enopyranuronate degradation	270.0299163436
PWY-6507: 4-deoxy-L-threo-hex-4-enopyranuronate degradation|g__Escherichia.s__Escherichia_coli	191.7543864868
PWY-6507: 4-deoxy-L-threo-hex-4-enopyranuronate degradation|unclassified	7.3861607442
PWY0-1061: superpathway of L-alanine biosynthesis	269.4943511182
PWY0-1061: superpathway of L-alanine biosynthesis|g__Escherichia.s__Escherichia_coli	110.1897361159
PWY-5860: superpathway of demethylmenaquinol-6 biosynthesis I	268.7805998008
PWY-5860: superpathway of demethylmenaquinol-6 biosynthesis I|g__Escherichia.s__Escherichia_coli	180.4228283937
PWY-5862: superpathway of demethylmenaquinol-9 biosynthesis	268.7805998008
PWY-5862: superpathway of demethylmenaquinol-9 biosynthesis|g__Escherichia.s__Escherichia_coli	180.4228283937
PWY-7254: TCA cycle VII (acetate-producers)	265.2417511354
PWY-7254: TCA cycle VII (acetate-producers)|g__Escherichia.s__Escherichia_coli	119.5172721774
PWY-7199: pyrimidine deoxyribonucleosides salvage	260.3758106613
PWY-7199: pyrimidine deoxyribonucleosides salvage|g__Escherichia.s__Escherichia_coli	226.8232319346
PWY-7199: pyrimidine deoxyribonucleosides salvage|unclassified	13.4663935551
PWY-5690: TCA cycle II (plants and fungi)	258.9526158448
PWY-5690: TCA cycle II (plants and fungi)|g__Escherichia.s__Escherichia_coli	118.2703799527
DENOVOPURINE2-PWY: superpathway of purine nucleotides de novo biosynthesis II	256.2795415475
DENOVOPURINE2-PWY: superpathway of purine nucleotides de novo biosynthesis II|g__Escherichia.s__Escherichia_coli	147.7833679837
PWY-5097: L-lysine biosynthesis VI	253.7842226128
PWY-5097: L-lysine biosynthesis VI|g__Escherichia.s__Escherichia_coli	203.6167625318
METHGLYUT-PWY: superpathway of methylglyoxal degradation	252.7004653897
METHGLYUT-PWY: superpathway of methylglyoxal degradation|g__Escherichia.s__Escherichia_coli	210.3796150343
PWY0-42: 2-methylcitrate cycle I	251.7438911181
PWY0-42: 2-methylcitrate cycle I|g__Escherichia.s__Escherichia_coli	178.8732464262
PWY0-42: 2-methylcitrate cycle I|unclassified	32.7301932835
PWY-7115: C4 photosynthetic carbon assimilation cycle, NAD-ME type	250.9646319964
PWY-7115: C4 photosynthetic carbon assimilation cycle, NAD-ME type|g__Escherichia.s__Escherichia_coli	231.5514089192
DAPLYSINESYN-PWY: L-lysine biosynthesis I	249.0444736900
DAPLYSINESYN-PWY: L-lysine biosynthesis I|g__Escherichia.s__Escherichia_coli	207.9913989586
PRPP-PWY: superpathway of histidine, purine, and pyrimidine biosynthesis	248.5469067735
PRPP-PWY: superpathway of histidine, purine, and pyrimidine biosynthesis|g__Escherichia.s__Escherichia_coli	143.7526936867
PWY0-1479: tRNA processing	248.3040812489
PWY0-1479: tRNA processing|g__Escherichia.s__Escherichia_coli	187.5265931295
HISTSYN-PWY: L-histidine biosynthesis	247.1294571490
HISTSYN-PWY: L-histidine biosynthesis|g__Escherichia.s__Escherichia_coli	169.0430072423
AST-PWY: L-arginine degradation II (AST pathway)	244.2019772061
AST-PWY: L-arginine degradation II (AST pathway)|g__Escherichia.s__Escherichia_coli	212.9265547752
AST-PWY: L-arginine degradation II (AST pathway)|unclassified	32.3543187323
PWY-5367: petroselinate biosynthesis	242.9851546197
PWY-5367: petroselinate biosynthesis|g__Escherichia.s__Escherichia_coli	127.6867347749
PWY-5367: petroselinate biosynthesis|g__Staphylococcus.s__Staphylococcus_epidermidis	25.9773694816
PWY-5747: 2-methylcitrate cycle II	240.9187814742
PWY-5747: 2-methylcitrate cycle II|g__Escherichia.s__Escherichia_coli	166.9146848019
PWY-5747: 2-methylcitrate cycle II|unclassified	55.6455279914
PWY-7357: thiamine phosphate formation from pyrithiamine and oxythiamine (yeast)	240.5983172118
PWY-7357: thiamine phosphate formation from pyrithiamine and oxythiamine (yeast)|g__Escherichia.s__Escherichia_coli	181.4510270727
PWY-7357: thiamine phosphate formation from pyrithiamine and oxythiamine (yeast)|unclassified	20.8919833679
PWY-7357: thiamine phosphate formation from pyrithiamine and oxythiamine (yeast)|g__Cutibacterium.s__Cutibacterium_acnes	17.3057254316
PWY0-1415: superpathway of heme b biosynthesis from uroporphyrinogen-III	238.7648812082
PWY0-1415: superpathway of heme b biosynthesis from uroporphyrinogen-III|g__Escherichia.s__Escherichia_coli	211.6328879628
POLYISOPRENSYN-PWY: polyisoprenoid biosynthesis (E. coli)	232.4749075613
POLYISOPRENSYN-PWY: polyisoprenoid biosynthesis (E. coli)|g__Escherichia.s__Escherichia_coli	157.1676838131
COA-PWY: coenzyme A biosynthesis I (prokaryotic)	232.1017071893
COA-PWY: coenzyme A biosynthesis I (prokaryotic)|g__Escherichia.s__Escherichia_coli	173.7628016075
COA-PWY: coenzyme A biosynthesis I (prokaryotic)|g__Cutibacterium.s__Cutibacterium_acnes	23.5259442626
COA-PWY: coenzyme A biosynthesis I (prokaryotic)|unclassified	10.7341674585
HCAMHPDEG-PWY: 3-phenylpropanoate and 3-(3-hydroxyphenyl)propanoate degradation to 2-hydroxypentadienoate	228.2385987609
HCAMHPDEG-PWY: 3-phenylpropanoate and 3-(3-hydroxyphenyl)propanoate degradation to 2-hydroxypentadienoate|g__Escherichia.s__Escherichia_coli	179.9377112531
HCAMHPDEG-PWY: 3-phenylpropanoate and 3-(3-hydroxyphenyl)propanoate degradation to 2-hydroxypentadienoate|unclassified	36.7314179597
PWY-6690: cinnamate and 3-hydroxycinnamate degradation to 2-hydroxypentadienoate	228.2385987609
PWY-6690: cinnamate and 3-hydroxycinnamate degradation to 2-hydroxypentadienoate|g__Escherichia.s__Escherichia_coli	179.9377112531
PWY-6690: cinnamate and 3-hydroxycinnamate degradation to 2-hydroxypentadienoate|unclassified	36.7314179597
PWY-5100: pyruvate fermentation to acetate and lactate II	226.8054386173
PWY-5100: pyruvate fermentation to acetate and lactate II|g__Escherichia.s__Escherichia_coli	171.3344757926
PWY66-389: phytol degradation	225.6423428815
PWY66-389: phytol degradation|g__Escherichia.s__Escherichia_coli	206.9116864094
PWY66-389: phytol degradation|unclassified	14.5998206289
PANTOSYN-PWY: superpathway of coenzyme A biosynthesis I (bacteria)	225.5359826230
PANTOSYN-PWY: superpathway of coenzyme A biosynthesis I (bacteria)|g__Escherichia.s__Escherichia_coli	177.7789472002
PWY-6703: preQ0 biosynthesis	225.4186967182
PWY-6703: preQ0 biosynthesis|g__Escherichia.s__Escherichia_coli	210.8529708789
PWY-7208: superpathway of pyrimidine nucleobases salvage	223.5567988517
PWY-7208: superpathway of pyrimidine nucleobases salvage|g__Escherichia.s__Escherichia_coli	178.3796077750
PWY-7208: superpathway of pyrimidine nucleobases salvage|g__Cutibacterium.s__Cutibacterium_acnes	21.2124924973
PWY-7204: pyridoxal 5'-phosphate salvage II (plants)	219.1068535409
PWY-7204: pyridoxal 5'-phosphate salvage II (plants)|g__Escherichia.s__Escherichia_coli	210.9619294759
FOLSYN-PWY: superpathway of tetrahydrofolate biosynthesis and salvage	217.2261704994
FOLSYN-PWY: superpathway of tetrahydrofolate biosynthesis and salvage|g__Escherichia.s__Escherichia_coli	154.3791990811
PWY-7184: pyrimidine deoxyribonucleotides de novo biosynthesis I	217.1266556086
PWY-7184: pyrimidine deoxyribonucleotides de novo biosynthesis I|g__Escherichia.s__Escherichia_coli	180.9962481136
PWY-7184: pyrimidine deoxyribonucleotides de novo biosynthesis I|unclassified	22.3096824384
PWY-5837: 2-carboxy-1,4-naphthoquinol biosynthesis	215.7785912928
PWY-5837: 2-carboxy-1,4-naphthoquinol biosynthesis|g__Escherichia.s__Escherichia_coli	157.3211504205
HEME-BIOSYNTHESIS-II: heme b biosynthesis I (aerobic)	214.9467628332
HEME-BIOSYNTHESIS-II: heme b biosynthesis I (aerobic)|g__Escherichia.s__Escherichia_coli	184.8890002875
HEME-BIOSYNTHESIS-II: heme b biosynthesis I (aerobic)|g__Cutibacterium.s__Cutibacterium_acnes	16.7761306986
HEME-BIOSYNTHESIS-II: heme b biosynthesis I (aerobic)|unclassified	14.2662821061
PWY-7197: pyrimidine deoxyribonucleotide phosphorylation	212.9727308985
PWY-7197: pyrimidine deoxyribonucleotide phosphorylation|g__Escherichia.s__Escherichia_coli	171.5621359534
PWY-7197: pyrimidine deoxyribonucleotide phosphorylation|unclassified	25.7284522144
PWY-5791	208.8737308088
PWY-5791|g__Escherichia.s__Escherichia_coli	136.0599171983
NONMEVIPP-PWY: methylerythritol phosphate pathway I	207.4420704473
NONMEVIPP-PWY: methylerythritol phosphate pathway I|g__Escherichia.s__Escherichia_coli	159.5932451936
NONMEVIPP-PWY: methylerythritol phosphate pathway I|unclassified	34.6950447544
NONMEVIPP-PWY: methylerythritol phosphate pathway I|g__Cutibacterium.s__Cutibacterium_acnes	19.3792295657
RIBOSYN2-PWY: flavin biosynthesis I (bacteria and plants)	205.9770592984
RIBOSYN2-PWY: flavin biosynthesis I (bacteria and plants)|g__Escherichia.s__Escherichia_coli	115.8863348293
PWY-7323: superpathway of GDP-mannose-derived O-antigen building blocks biosynthesis	203.4226322241
PWY-7323: superpathway of GDP-mannose-derived O-antigen building blocks biosynthesis|unclassified	20.4149413551
PWY-6612: superpathway of tetrahydrofolate biosynthesis	203.2120472534
PWY-6612: superpathway of tetrahydrofolate biosynthesis|g__Escherichia.s__Escherichia_coli	133.6903382627
PWY-7315: dTDP-N-acetylthomosamine biosynthesis	199.6768834780
PWY-7315: dTDP-N-acetylthomosamine biosynthesis|g__Escherichia.s__Escherichia_coli	172.6903914541
PWY0-1338: polymyxin resistance	199.1729203849
PWY0-1338: polymyxin resistance|g__Escherichia.s__Escherichia_coli	193.7737377036
PWY0-166: superpathway of pyrimidine deoxyribonucleotides de novo biosynthesis (E. coli)	198.3241763042
PWY0-166: superpathway of pyrimidine deoxyribonucleotides de novo biosynthesis (E. coli)|g__Escherichia.s__Escherichia_coli	165.7407754477
PWY0-166: superpathway of pyrimidine deoxyribonucleotides de novo biosynthesis (E. coli)|unclassified	19.9213520210
PWY-2723: trehalose degradation V	197.1911763826
PWY-2723: trehalose degradation V|g__Escherichia.s__Escherichia_coli	144.3574619104
PWY-7234: inosine-5'-phosphate biosynthesis III	195.6075389626
PWY-7234: inosine-5'-phosphate biosynthesis III|g__Escherichia.s__Escherichia_coli	167.7659558719
PWY-6124: inosine-5'-phosphate biosynthesis II	195.1894475937
PWY-6124: inosine-5'-phosphate biosynthesis II|g__Escherichia.s__Escherichia_coli	177.7225211807
PWY-6124: inosine-5'-phosphate biosynthesis II|unclassified	12.5365946166
PPGPPMET-PWY: ppGpp metabolism	191.4235716375
PPGPPMET-PWY: ppGpp metabolism|g__Escherichia.s__Escherichia_coli	76.2614790386
PPGPPMET-PWY: ppGpp metabolism|unclassified	9.5073695496
PWY-5497: purine nucleobases degradation II (anaerobic)	189.2189426838
PWY-5497: purine nucleobases degradation II (anaerobic)|g__Escherichia.s__Escherichia_coli	139.5680851057
PWY-5920: superpathway of heme b biosynthesis from glycine	187.5274195173
PWY-5920: superpathway of heme b biosynthesis from glycine|g__Escherichia.s__Escherichia_coli	160.9836819373
PWY-6901: superpathway of glucose and xylose degradation	177.8416613588
PWY-6270: isoprene biosynthesis I	177.4197950764
PWY-6270: isoprene biosynthesis I|g__Escherichia.s__Escherichia_coli	85.0627220644
PWY-6270: isoprene biosynthesis I|g__Cutibacterium.s__Cutibacterium_acnes	17.5276833392
PWY-7269: mitochondrial NADPH production (yeast)	169.5835581889
PWY-7269: mitochondrial NADPH production (yeast)|g__Escherichia.s__Escherichia_coli	160.1631463941
PWY-6147: 6-hydroxymethyl-dihydropterin diphosphate biosynthesis I	161.9231892192
PWY-6147: 6-hydroxymethyl-dihydropterin diphosphate biosynthesis I|g__Escherichia.s__Escherichia_coli	136.0029188950
PWY-6147: 6-hydroxymethyl-dihydropterin diphosphate biosynthesis I|unclassified	6.0135639889
PWY-7539: 6-hydroxymethyl-dihydropterin diphosphate biosynthesis III (Chlamydia)	159.4126733217
PWY-7539: 6-hydroxymethyl-dihydropterin diphosphate biosynthesis III (Chlamydia)|g__Escherichia.s__Escherichia_coli	138.6540961321
PWY-7187: pyrimidine deoxyribonucleotides de novo biosynthesis II	156.5981721076
PWY-7187: pyrimidine deoxyribonucleotides de novo biosynthesis II|g__Escherichia.s__Escherichia_coli	101.3377021120
PWY-7328: superpathway of UDP-glucose-derived O-antigen building blocks biosynthesis	153.1487889863
PWY-7328: superpathway of UDP-glucose-derived O-antigen building blocks biosynthesis|g__Escherichia.s__Escherichia_coli	104.4343445143
PWY-4242	148.8401466837
PWY-4242|g__Escherichia.s__Escherichia_coli	95.4258085205
PWY-4242|g__Cutibacterium.s__Cutibacterium_acnes	19.0885917920
GALACT-GLUCUROCAT-PWY: superpathway of hexuronide and hexuronate degradation	148.0925012437
GALACT-GLUCUROCAT-PWY: superpathway of hexuronide and hexuronate degradation|g__Escherichia.s__Escherichia_coli	133.4194325806
UBISYN-PWY: superpathway of ubiquinol-8 biosynthesis (early decarboxylation)	144.5833859250
UBISYN-PWY: superpathway of ubiquinol-8 biosynthesis (early decarboxylation)|g__Escherichia.s__Escherichia_coli	137.6194396216
PWY0-1241: ADP-L-glycero-&beta;-D-manno-heptose biosynthesis	142.5682138896
PWY0-1241: ADP-L-glycero-&beta;-D-manno-heptose biosynthesis|g__Escherichia.s__Escherichia_coli	134.2039494161
PWY-6168: flavin biosynthesis III (fungi)	141.0978884516
PWY-6168: flavin biosynthesis III (fungi)|g__Escherichia.s__Escherichia_coli	59.7650111445
PWY-5705: allantoin degradation to glyoxylate III	140.7898799426
PWY-5705: allantoin degradation to glyoxylate III|g__Escherichia.s__Escherichia_coli	126.0573444102
TRPSYN-PWY: L-tryptophan biosynthesis	137.1167243237
TRPSYN-PWY: L-tryptophan biosynthesis|g__Escherichia.s__Escherichia_coli	97.2587405690
TRPSYN-PWY: L-tryptophan biosynthesis|unclassified	36.6489635100
ECASYN-PWY: enterobacterial common antigen biosynthesis	134.6254783895
ECASYN-PWY: enterobacterial common antigen biosynthesis|g__Escherichia.s__Escherichia_coli	124.7647839514
PWY-7094: fatty acid salvage	131.9075045265
PWY-7094: fatty acid salvage|unclassified	66.5221347352
PWY-6630: superpathway of L-tyrosine biosynthesis	131.6008528048
PWY-6630: superpathway of L-tyrosine biosynthesis|g__Escherichia.s__Escherichia_coli	95.9344288106
PWY-5855: ubiquinol-7 biosynthesis (early decarboxylation)	131.4434666476
PWY-5855: ubiquinol-7 biosynthesis (early decarboxylation)|g__Escherichia.s__Escherichia_coli	124.5667726276
PWY-5856: ubiquinol-9 biosynthesis (early decarboxylation)	131.4434666476
PWY-5856: ubiquinol-9 biosynthesis (early decarboxylation)|g__Escherichia.s__Escherichia_coli	124.5667726276
PWY-5857: ubiquinol-10 biosynthesis (early decarboxylation)	131.4434666476
PWY-5857: ubiquinol-10 biosynthesis (early decarboxylation)|g__Escherichia.s__Escherichia_coli	124.5667726276
PWY-6708: ubiquinol-8 biosynthesis (early decarboxylation)	131.4434666476
PWY-6708: ubiquinol-8 biosynthesis (early decarboxylation)|g__Escherichia.s__Escherichia_coli	124.5667726276
PWY-4321: L-glutamate degradation IV	127.4245854115
PWY-4321: L-glutamate degradation IV|g__Escherichia.s__Escherichia_coli	76.3619444947
PWY-7209: superpathway of pyrimidine ribonucleosides degradation	111.9452632077
PWY-7209: superpathway of pyrimidine ribonucleosides degradation|g__Escherichia.s__Escherichia_coli	109.8402239107
GLUCUROCAT-PWY: superpathway of &beta;-D-glucuronosides degradation	110.3317028621
GLUCUROCAT-PWY: superpathway of &beta;-D-glucuronosides degradation|g__Escherichia.s__Escherichia_coli	100.4930482655
PWY-6823: molybdopterin biosynthesis	108.0867942615
PWY-6823: molybdopterin biosynthesis|g__Escherichia.s__Escherichia_coli	99.5505119608
GLUDEG-I-PWY: GABA shunt	107.9757005658
GLUDEG-I-PWY: GABA shunt|g__Escherichia.s__Escherichia_coli	67.1840041667
PWY-7237: myo-, chiro- and scyllo-inositol degradation	102.2857405097
PWY-7237: myo-, chiro- and scyllo-inositol degradation|g__Escherichia.s__Escherichia_coli	97.5792359552
PWY-7237: myo-, chiro- and scyllo-inositol degradation|unclassified	4.7065045545
PWY-6588: pyruvate fermentation to acetone	93.5876771714
PWY-6588: pyruvate fermentation to acetone|g__Escherichia.s__Escherichia_coli	87.8657229950
GLYCOL-GLYOXDEG-PWY: superpathway of glycol metabolism and degradation	88.8074462223
GLYCOL-GLYOXDEG-PWY: superpathway of glycol metabolism and degradation|g__Escherichia.s__Escherichia_coli	75.7283831491
GLYCOL-GLYOXDEG-PWY: superpathway of glycol metabolism and degradation|unclassified	26.1791914567
PWY-7446: sulfoquinovose degradation I	85.6616315498
PWY-7446: sulfoquinovose degradation I|g__Escherichia.s__Escherichia_coli	76.4017326461
LPSSYN-PWY: superpathway of lipopolysaccharide biosynthesis	81.0956456585
LPSSYN-PWY: superpathway of lipopolysaccharide biosynthesis|g__Escherichia.s__Escherichia_coli	79.0613061215
P221-PWY: octane oxidation	77.1782967097
P221-PWY: octane oxidation|g__Escherichia.s__Escherichia_coli	71.4194817897
P221-PWY: octane oxidation|unclassified	5.3237643075
P108-PWY: pyruvate fermentation to propanoate I	75.9729591780
PYRIDNUCSAL-PWY: NAD salvage pathway I (PNC VI cycle)	73.6408193319
PWY-241: C4 photosynthetic carbon assimilation cycle, NADP-ME type	63.4501848821
PWY0-41: allantoin degradation IV (anaerobic)	62.1011936215
PWY0-41: allantoin degradation IV (anaerobic)|g__Escherichia.s__Escherichia_coli	32.2917951039
PWY-6545: pyrimidine deoxyribonucleotides de novo biosynthesis III	50.9948456676
PWY-6545: pyrimidine deoxyribonucleotides de novo biosynthesis III|unclassified	23.9298311938
KDO-NAGLIPASYN-PWY: superpathway of (Kdo)2-lipid A biosynthesis	45.5264030588
KDO-NAGLIPASYN-PWY: superpathway of (Kdo)2-lipid A biosynthesis|g__Escherichia.s__Escherichia_coli	41.8690709598
PWY-5005: biotin biosynthesis II	44.8167858446
PWY-7616: methanol oxidation to carbon dioxide	43.4460567588
PWY0-1533: methylphosphonate degradation I	43.4290832865
PWY-7409: phospholipid remodeling (phosphatidylethanolamine, yeast)	37.4285438846
PWY-5692: allantoin degradation to glyoxylate II	35.4859025828
URDEGR-PWY: superpathway of allantoin degradation in plants	35.4859025828
PWY-4981: L-proline biosynthesis II (from arginine)	35.3380665444
PWY-4981: L-proline biosynthesis II (from arginine)|g__Cutibacterium.s__Cutibacterium_acnes	20.6160185152
P122-PWY: heterolactic fermentation	34.6794286277
PWY-6467: Kdo transfer to lipid IVA III (Chlamydia)	32.8737137948
PWY-6467: Kdo transfer to lipid IVA III (Chlamydia)|g__Escherichia.s__Escherichia_coli	32.8737137948
PWY-6785: hydrogen production VIII	25.1022816932
PWY-6785: hydrogen production VIII|unclassified	16.1009884337
HISDEG-PWY: L-histidine degradation I	22.2091994975
HISDEG-PWY: L-histidine degradation I|g__Cutibacterium.s__Cutibacterium_acnes	21.1271962533
PWY-5028: L-histidine degradation II	19.0878236241
PWY-5028: L-histidine degradation II|g__Cutibacterium.s__Cutibacterium_acnes	18.4385511608
PWY-101: photosynthesis light reactions	15.9773030196
NAD-BIOSYNTHESIS-II: NAD salvage pathway III (to nicotinamide riboside)	12.1743842913
NAD-BIOSYNTHESIS-II: NAD salvage pathway III (to nicotinamide riboside)|unclassified	11.5467277355