# Pathway	COAD_noFFPEOnlyPrimaryNoRiboZeroG_right_50random_26_Abundance
UNMAPPED	3758762.6036257409
UNINTEGRATED	794578.0086794121
UNINTEGRATED|g__Escherichia.s__Escherichia_coli	515815.6708505605
UNINTEGRATED|unclassified	162908.8169281214
UNINTEGRATED|g__Cutibacterium.s__Cutibacterium_acnes	33684.0153337581
PWY0-1586: peptidoglycan maturation (meso-diaminopimelate containing)	1105.0627338089
PWY0-1586: peptidoglycan maturation (meso-diaminopimelate containing)|g__Escherichia.s__Escherichia_coli	906.0775427222
PWY0-1586: peptidoglycan maturation (meso-diaminopimelate containing)|unclassified	191.4220224311
PWY-7111: pyruvate fermentation to isobutanol (engineered)	732.8436398557
PWY-7111: pyruvate fermentation to isobutanol (engineered)|g__Escherichia.s__Escherichia_coli	652.7708390025
PWY-7111: pyruvate fermentation to isobutanol (engineered)|unclassified	97.7436033584
ILEUSYN-PWY: L-isoleucine biosynthesis I (from threonine)	608.2774285000
ILEUSYN-PWY: L-isoleucine biosynthesis I (from threonine)|g__Escherichia.s__Escherichia_coli	568.1349513419
VALSYN-PWY: L-valine biosynthesis	608.2774285000
VALSYN-PWY: L-valine biosynthesis|g__Escherichia.s__Escherichia_coli	568.1349513419
VALSYN-PWY: L-valine biosynthesis|unclassified	82.1130681653
SALVADEHYPOX-PWY: adenosine nucleotides degradation II	594.2200142922
SALVADEHYPOX-PWY: adenosine nucleotides degradation II|g__Escherichia.s__Escherichia_coli	521.5254072390
SALVADEHYPOX-PWY: adenosine nucleotides degradation II|unclassified	71.8589640680
ORNDEG-PWY: superpathway of ornithine degradation	575.0897057072
ORNDEG-PWY: superpathway of ornithine degradation|g__Escherichia.s__Escherichia_coli	507.7419550574
ORNDEG-PWY: superpathway of ornithine degradation|unclassified	92.8159024695
NONOXIPENT-PWY: pentose phosphate pathway (non-oxidative branch) I	571.3209449111
NONOXIPENT-PWY: pentose phosphate pathway (non-oxidative branch) I|g__Escherichia.s__Escherichia_coli	548.1928828542
NONOXIPENT-PWY: pentose phosphate pathway (non-oxidative branch) I|unclassified	21.7503529174
PWY-5695: inosine 5'-phosphate degradation	549.5464156989
PWY-5695: inosine 5'-phosphate degradation|g__Escherichia.s__Escherichia_coli	480.8914740752
PWY-5695: inosine 5'-phosphate degradation|unclassified	71.5765935834
PWY-6608: guanosine nucleotides degradation III	549.5464156989
PWY-6608: guanosine nucleotides degradation III|g__Escherichia.s__Escherichia_coli	480.8914740752
PWY-6608: guanosine nucleotides degradation III|unclassified	68.0276173972
P461-PWY: hexitol fermentation to lactate, formate, ethanol and acetate	541.1686234212
P461-PWY: hexitol fermentation to lactate, formate, ethanol and acetate|g__Escherichia.s__Escherichia_coli	473.1575358646
P461-PWY: hexitol fermentation to lactate, formate, ethanol and acetate|unclassified	51.7273432193
PWY-7663: gondoate biosynthesis (anaerobic)	530.7932742448
PWY-7663: gondoate biosynthesis (anaerobic)|g__Escherichia.s__Escherichia_coli	502.8505972830
PWY-1042: glycolysis IV	477.0512656061
PWY-1042: glycolysis IV|g__Escherichia.s__Escherichia_coli	405.0125283247
PWY-1042: glycolysis IV|unclassified	35.9569789722
PWY-5913: partial TCA cycle (obligate autotrophs)	465.1632376854
PWY-5913: partial TCA cycle (obligate autotrophs)|g__Escherichia.s__Escherichia_coli	358.4529331859
PWY-5913: partial TCA cycle (obligate autotrophs)|unclassified	100.7280181968
UDPNAGSYN-PWY: UDP-N-acetyl-D-glucosamine biosynthesis I	444.3638520309
UDPNAGSYN-PWY: UDP-N-acetyl-D-glucosamine biosynthesis I|g__Escherichia.s__Escherichia_coli	381.7411261787
UDPNAGSYN-PWY: UDP-N-acetyl-D-glucosamine biosynthesis I|unclassified	16.5705627617
PWY0-1261: anhydromuropeptides recycling I	431.4260402448
PWY0-1261: anhydromuropeptides recycling I|g__Escherichia.s__Escherichia_coli	340.7045863674
PWY0-1261: anhydromuropeptides recycling I|unclassified	26.3572739473
GLYCOLYSIS: glycolysis I (from glucose 6-phosphate)	421.0052624339
GLYCOLYSIS: glycolysis I (from glucose 6-phosphate)|g__Escherichia.s__Escherichia_coli	372.7186602709
PWY-5723: Rubisco shunt	415.3566320535
PWY-5723: Rubisco shunt|g__Escherichia.s__Escherichia_coli	380.3870129718
CALVIN-PWY: Calvin-Benson-Bassham cycle	411.0625577125
CALVIN-PWY: Calvin-Benson-Bassham cycle|g__Escherichia.s__Escherichia_coli	387.6882826930
PWY-6353: purine nucleotides degradation II (aerobic)	409.5055821900
PWY-6353: purine nucleotides degradation II (aerobic)|g__Escherichia.s__Escherichia_coli	367.2497016572
PWY-6353: purine nucleotides degradation II (aerobic)|unclassified	44.2300222656
RHAMCAT-PWY: L-rhamnose degradation I	404.2441828336
RHAMCAT-PWY: L-rhamnose degradation I|g__Escherichia.s__Escherichia_coli	348.3874380047
RHAMCAT-PWY: L-rhamnose degradation I|unclassified	47.4461162007
ASPASN-PWY: superpathway of L-aspartate and L-asparagine biosynthesis	403.7611208022
ASPASN-PWY: superpathway of L-aspartate and L-asparagine biosynthesis|g__Escherichia.s__Escherichia_coli	359.5441730360
ASPASN-PWY: superpathway of L-aspartate and L-asparagine biosynthesis|unclassified	47.4876333275
PWY-6737: starch degradation V	396.2446855495
PWY-6737: starch degradation V|g__Escherichia.s__Escherichia_coli	345.2221030668
PWY-6737: starch degradation V|unclassified	66.9290215570
PWY-4041: &gamma;-glutamyl cycle	395.8713643387
PWY-4041: &gamma;-glutamyl cycle|g__Escherichia.s__Escherichia_coli	355.6369278146
PWY-4041: &gamma;-glutamyl cycle|unclassified	34.6553919068
ANAGLYCOLYSIS-PWY: glycolysis III (from glucose)	393.1102237918
ANAGLYCOLYSIS-PWY: glycolysis III (from glucose)|g__Escherichia.s__Escherichia_coli	351.7375305315
PWY-5484: glycolysis II (from fructose 6-phosphate)	388.8088540203
PWY-5484: glycolysis II (from fructose 6-phosphate)|g__Escherichia.s__Escherichia_coli	335.2872373902
HEXITOLDEGSUPER-PWY: superpathway of hexitol degradation (bacteria)	387.8604650536
HEXITOLDEGSUPER-PWY: superpathway of hexitol degradation (bacteria)|g__Escherichia.s__Escherichia_coli	336.2663745848
PWY0-1296: purine ribonucleosides degradation	387.1051715775
PWY0-1296: purine ribonucleosides degradation|g__Escherichia.s__Escherichia_coli	354.1121570499
PWY0-1296: purine ribonucleosides degradation|unclassified	27.0117358053
GLYCOLYSIS-TCA-GLYOX-BYPASS: superpathway of glycolysis, pyruvate dehydrogenase, TCA, and glyoxylate bypass	385.0561156700
GLYCOLYSIS-TCA-GLYOX-BYPASS: superpathway of glycolysis, pyruvate dehydrogenase, TCA, and glyoxylate bypass|g__Escherichia.s__Escherichia_coli	344.1849916322
PWY-6936: seleno-amino acid biosynthesis (plants)	383.6773315290
PWY-6936: seleno-amino acid biosynthesis (plants)|g__Escherichia.s__Escherichia_coli	304.1639644335
PWY-6385: peptidoglycan biosynthesis III (mycobacteria)	378.5500424837
PWY-6385: peptidoglycan biosynthesis III (mycobacteria)|g__Escherichia.s__Escherichia_coli	340.8608844061
BRANCHED-CHAIN-AA-SYN-PWY: superpathway of branched chain amino acid biosynthesis	377.1150894620
BRANCHED-CHAIN-AA-SYN-PWY: superpathway of branched chain amino acid biosynthesis|g__Escherichia.s__Escherichia_coli	293.2314392710
PWY-5347: superpathway of L-methionine biosynthesis (transsulfuration)	374.5308176221
PWY-5347: superpathway of L-methionine biosynthesis (transsulfuration)|g__Escherichia.s__Escherichia_coli	313.3752201977
PWY-5347: superpathway of L-methionine biosynthesis (transsulfuration)|unclassified	51.5747840152
PENTOSE-P-PWY: pentose phosphate pathway	373.8594429740
PENTOSE-P-PWY: pentose phosphate pathway|g__Escherichia.s__Escherichia_coli	296.7726461402
PENTOSE-P-PWY: pentose phosphate pathway|unclassified	21.8376225064
PWY-7117: C4 photosynthetic carbon assimilation cycle, PEPCK type	373.1623334134
PWY-7117: C4 photosynthetic carbon assimilation cycle, PEPCK type|g__Escherichia.s__Escherichia_coli	317.8982352391
HOMOSER-METSYN-PWY: L-methionine biosynthesis I	372.7252934209
HOMOSER-METSYN-PWY: L-methionine biosynthesis I|g__Escherichia.s__Escherichia_coli	273.0771225518
HOMOSER-METSYN-PWY: L-methionine biosynthesis I|unclassified	70.1024154226
PWY-5675: nitrate reduction V (assimilatory)	372.6490945606
PWY-5675: nitrate reduction V (assimilatory)|g__Escherichia.s__Escherichia_coli	243.6865679005
PWY-5675: nitrate reduction V (assimilatory)|unclassified	101.3231044316
TCA: TCA cycle I (prokaryotic)	369.3648634965
TCA: TCA cycle I (prokaryotic)|g__Escherichia.s__Escherichia_coli	330.0529485314
TCA: TCA cycle I (prokaryotic)|unclassified	23.5229221126
PWY-6387: UDP-N-acetylmuramoyl-pentapeptide biosynthesis I (meso-diaminopimelate containing)	368.6573685138
PWY-6387: UDP-N-acetylmuramoyl-pentapeptide biosynthesis I (meso-diaminopimelate containing)|g__Escherichia.s__Escherichia_coli	345.7923433949
TCA-GLYOX-BYPASS: superpathway of glyoxylate bypass and TCA	367.3040708333
TCA-GLYOX-BYPASS: superpathway of glyoxylate bypass and TCA|g__Escherichia.s__Escherichia_coli	331.0661313641
TCA-GLYOX-BYPASS: superpathway of glyoxylate bypass and TCA|unclassified	21.5502017476
METSYN-PWY: superpathway of L-homoserine and L-methionine biosynthesis	367.0585329465
METSYN-PWY: superpathway of L-homoserine and L-methionine biosynthesis|g__Escherichia.s__Escherichia_coli	308.1589788561
METSYN-PWY: superpathway of L-homoserine and L-methionine biosynthesis|unclassified	48.8286415260
PWY-5103: L-isoleucine biosynthesis III	365.0221054868
PWY-5103: L-isoleucine biosynthesis III|g__Escherichia.s__Escherichia_coli	276.9799076905
MET-SAM-PWY: superpathway of S-adenosyl-L-methionine biosynthesis	364.8946884296
MET-SAM-PWY: superpathway of S-adenosyl-L-methionine biosynthesis|g__Escherichia.s__Escherichia_coli	301.0829355912
MET-SAM-PWY: superpathway of S-adenosyl-L-methionine biosynthesis|unclassified	50.0426074446
PWY-3001: superpathway of L-isoleucine biosynthesis I	363.3439258402
PWY-3001: superpathway of L-isoleucine biosynthesis I|g__Escherichia.s__Escherichia_coli	300.6169660914
ARGSYNBSUB-PWY: L-arginine biosynthesis II (acetyl cycle)	353.5260119440
ARGSYNBSUB-PWY: L-arginine biosynthesis II (acetyl cycle)|g__Escherichia.s__Escherichia_coli	317.1756098891
ARGSYNBSUB-PWY: L-arginine biosynthesis II (acetyl cycle)|unclassified	18.1157762778
PWY-7388: octanoyl-[acyl-carrier protein] biosynthesis (mitochondria, yeast)	352.9287186406
PWY-7388: octanoyl-[acyl-carrier protein] biosynthesis (mitochondria, yeast)|g__Escherichia.s__Escherichia_coli	320.5596596208
PEPTIDOGLYCANSYN-PWY: peptidoglycan biosynthesis I (meso-diaminopimelate containing)	352.0048812188
PEPTIDOGLYCANSYN-PWY: peptidoglycan biosynthesis I (meso-diaminopimelate containing)|g__Escherichia.s__Escherichia_coli	313.9420582624
PWY-5667: CDP-diacylglycerol biosynthesis I	351.7715450674
PWY-5667: CDP-diacylglycerol biosynthesis I|g__Escherichia.s__Escherichia_coli	306.7930386000
PWY-5667: CDP-diacylglycerol biosynthesis I|unclassified	51.8197318266
PWY0-1319: CDP-diacylglycerol biosynthesis II	351.7715450674
PWY0-1319: CDP-diacylglycerol biosynthesis II|g__Escherichia.s__Escherichia_coli	306.7930386000
PWY0-1319: CDP-diacylglycerol biosynthesis II|unclassified	51.8197318266
P161-PWY: acetylene degradation (anaerobic)	351.5338734673
P161-PWY: acetylene degradation (anaerobic)|g__Escherichia.s__Escherichia_coli	297.4381702301
ARGSYN-PWY: L-arginine biosynthesis I (via L-ornithine)	350.5797137753
ARGSYN-PWY: L-arginine biosynthesis I (via L-ornithine)|g__Escherichia.s__Escherichia_coli	323.0677119725
ARGSYN-PWY: L-arginine biosynthesis I (via L-ornithine)|unclassified	14.8464081858
PWY-7400: L-arginine biosynthesis IV (archaebacteria)	345.2786005861
PWY-7400: L-arginine biosynthesis IV (archaebacteria)|g__Escherichia.s__Escherichia_coli	317.9093637678
PWY-7400: L-arginine biosynthesis IV (archaebacteria)|unclassified	14.8648608809
GLYCOLYSIS-E-D: superpathway of glycolysis and the Entner-Doudoroff pathway	344.9085607222
GLYCOLYSIS-E-D: superpathway of glycolysis and the Entner-Doudoroff pathway|g__Escherichia.s__Escherichia_coli	278.0410595130
THRESYN-PWY: superpathway of L-threonine biosynthesis	339.2538365391
THRESYN-PWY: superpathway of L-threonine biosynthesis|g__Escherichia.s__Escherichia_coli	314.5542574954
THRESYN-PWY: superpathway of L-threonine biosynthesis|unclassified	33.4936036901
PWY-6305: superpathway of putrescine biosynthesis	335.3980823675
PWY-6305: superpathway of putrescine biosynthesis|g__Escherichia.s__Escherichia_coli	301.8910485353
ARG+POLYAMINE-SYN: superpathway of arginine and polyamine biosynthesis	334.8286921340
ARG+POLYAMINE-SYN: superpathway of arginine and polyamine biosynthesis|g__Escherichia.s__Escherichia_coli	284.6868296250
PWY-6386: UDP-N-acetylmuramoyl-pentapeptide biosynthesis II (lysine-containing)	334.1941472887
PWY-6386: UDP-N-acetylmuramoyl-pentapeptide biosynthesis II (lysine-containing)|g__Escherichia.s__Escherichia_coli	304.0421421742
PWY-6606: guanosine nucleotides degradation II	331.7019510409
PWY-6606: guanosine nucleotides degradation II|g__Escherichia.s__Escherichia_coli	319.9237611451
FASYN-ELONG-PWY: fatty acid elongation -- saturated	330.6645888814
FASYN-ELONG-PWY: fatty acid elongation -- saturated|g__Escherichia.s__Escherichia_coli	319.6009158578
PWY-5154: L-arginine biosynthesis III (via N-acetyl-L-citrulline)	326.8420971335
PWY-5154: L-arginine biosynthesis III (via N-acetyl-L-citrulline)|g__Escherichia.s__Escherichia_coli	304.7956141027
PWY-5173	325.2055915780
PWY-5173|g__Escherichia.s__Escherichia_coli	273.5516533894
PWY-5173|unclassified	42.5435176737
ANAEROFRUCAT-PWY: homolactic fermentation	324.3308888454
ANAEROFRUCAT-PWY: homolactic fermentation|g__Escherichia.s__Escherichia_coli	270.2794833820
GLYOXYLATE-BYPASS: glyoxylate cycle	323.2248495135
GLYOXYLATE-BYPASS: glyoxylate cycle|g__Escherichia.s__Escherichia_coli	294.1826392021
GLYOXYLATE-BYPASS: glyoxylate cycle|unclassified	17.1255389659
GLUCONEO-PWY: gluconeogenesis I	322.6434051283
GLUCONEO-PWY: gluconeogenesis I|g__Escherichia.s__Escherichia_coli	278.8648531100
POLYAMSYN-PWY: superpathway of polyamine biosynthesis I	321.5597627521
POLYAMSYN-PWY: superpathway of polyamine biosynthesis I|g__Escherichia.s__Escherichia_coli	255.5524947279
POLYAMSYN-PWY: superpathway of polyamine biosynthesis I|unclassified	62.5924202088
PWY-6609: adenine and adenosine salvage III	321.4589506336
PWY-6609: adenine and adenosine salvage III|g__Escherichia.s__Escherichia_coli	297.0648890585
PWY-6609: adenine and adenosine salvage III|unclassified	26.0775512040
GLYCOGENSYNTH-PWY: glycogen biosynthesis I (from ADP-D-Glucose)	321.2700548127
GLYCOGENSYNTH-PWY: glycogen biosynthesis I (from ADP-D-Glucose)|g__Escherichia.s__Escherichia_coli	252.7274230481
P441-PWY: superpathway of N-acetylneuraminate degradation	320.3249267465
P441-PWY: superpathway of N-acetylneuraminate degradation|g__Escherichia.s__Escherichia_coli	288.5917638797
FERMENTATION-PWY: mixed acid fermentation	317.2741377229
FERMENTATION-PWY: mixed acid fermentation|g__Escherichia.s__Escherichia_coli	257.7810835020
PWY-5971: palmitate biosynthesis (type II fatty acid synthase)	316.8620973543
PWY-5971: palmitate biosynthesis (type II fatty acid synthase)|g__Escherichia.s__Escherichia_coli	307.4090150485
TRNA-CHARGING-PWY: tRNA charging	315.8618932525
TRNA-CHARGING-PWY: tRNA charging|g__Escherichia.s__Escherichia_coli	218.3767798224
TRNA-CHARGING-PWY: tRNA charging|unclassified	65.7463603027
PWY0-1297: superpathway of purine deoxyribonucleosides degradation	315.6317742235
PWY0-1297: superpathway of purine deoxyribonucleosides degradation|g__Escherichia.s__Escherichia_coli	294.6681809530
PWY0-1297: superpathway of purine deoxyribonucleosides degradation|unclassified	16.6590784262
PHOSLIPSYN-PWY: superpathway of phospholipid biosynthesis I (bacteria)	314.6203440602
PHOSLIPSYN-PWY: superpathway of phospholipid biosynthesis I (bacteria)|g__Escherichia.s__Escherichia_coli	252.6255036421
PHOSLIPSYN-PWY: superpathway of phospholipid biosynthesis I (bacteria)|unclassified	43.3717278005
PWY-5104: L-isoleucine biosynthesis IV	311.7119088911
PWY-5104: L-isoleucine biosynthesis IV|g__Escherichia.s__Escherichia_coli	223.5953636558
PWY-5104: L-isoleucine biosynthesis IV|unclassified	79.2620815017
PWY-7664: oleate biosynthesis IV (anaerobic)	309.1030837978
PWY-7664: oleate biosynthesis IV (anaerobic)|g__Escherichia.s__Escherichia_coli	300.7608663891
PWY-1269: CMP-3-deoxy-D-manno-octulosonate biosynthesis	305.6184183591
PWY-1269: CMP-3-deoxy-D-manno-octulosonate biosynthesis|g__Escherichia.s__Escherichia_coli	302.7183022851
GLUTORN-PWY: L-ornithine biosynthesis I	294.5460538777
GLUTORN-PWY: L-ornithine biosynthesis I|g__Escherichia.s__Escherichia_coli	270.5924046405
GLUTORN-PWY: L-ornithine biosynthesis I|unclassified	22.0271186239
PWY-6282: palmitoleate biosynthesis I (from (5Z)-dodec-5-enoate)	290.5562275174
PWY-6282: palmitoleate biosynthesis I (from (5Z)-dodec-5-enoate)|g__Escherichia.s__Escherichia_coli	282.9068729421
PWY-6519: 8-amino-7-oxononanoate biosynthesis I	290.1124117971
PWY-6519: 8-amino-7-oxononanoate biosynthesis I|g__Escherichia.s__Escherichia_coli	281.5162600909
PWY-6700: queuosine biosynthesis I (de novo)	287.6195559085
PWY-6700: queuosine biosynthesis I (de novo)|g__Escherichia.s__Escherichia_coli	237.8463418367
PWY-6700: queuosine biosynthesis I (de novo)|unclassified	10.8579172480
PWY-2942: L-lysine biosynthesis III	286.6421190008
PWY-2942: L-lysine biosynthesis III|g__Escherichia.s__Escherichia_coli	247.0281158061
PWY-2942: L-lysine biosynthesis III|unclassified	28.7033852455
PWY0-862: (5Z)-dodecenoate biosynthesis I	284.3786104733
PWY0-862: (5Z)-dodecenoate biosynthesis I|g__Escherichia.s__Escherichia_coli	278.8442056696
FASYN-INITIAL-PWY: superpathway of fatty acid biosynthesis initiation (E. coli)	278.7747224365
FASYN-INITIAL-PWY: superpathway of fatty acid biosynthesis initiation (E. coli)|g__Escherichia.s__Escherichia_coli	249.8932220191
FASYN-INITIAL-PWY: superpathway of fatty acid biosynthesis initiation (E. coli)|unclassified	24.7005819136
FUCCAT-PWY: fucose degradation	275.4984210348
FUCCAT-PWY: fucose degradation|g__Escherichia.s__Escherichia_coli	211.4442301918
PWY-5989: stearate biosynthesis II (bacteria and plants)	275.2832424202
PWY-5989: stearate biosynthesis II (bacteria and plants)|g__Escherichia.s__Escherichia_coli	255.6901328205
GLYCOCAT-PWY: glycogen degradation I	274.5537249500
GLYCOCAT-PWY: glycogen degradation I|g__Escherichia.s__Escherichia_coli	239.6913520858
PWY4LZ-257: superpathway of fermentation (Chlamydomonas reinhardtii)	273.2279304519
PWY4LZ-257: superpathway of fermentation (Chlamydomonas reinhardtii)|g__Escherichia.s__Escherichia_coli	178.8028767656
PWY-7221: guanosine ribonucleotides de novo biosynthesis	272.1405356117
PWY-7221: guanosine ribonucleotides de novo biosynthesis|g__Escherichia.s__Escherichia_coli	249.6117424054
PWY-5659: GDP-mannose biosynthesis	268.0309024548
PWY-5659: GDP-mannose biosynthesis|g__Escherichia.s__Escherichia_coli	97.3379821441
PWY-5659: GDP-mannose biosynthesis|unclassified	84.6360508877
PWY-5188: tetrapyrrole biosynthesis I (from glutamate)	267.1385601769
PWY-5188: tetrapyrrole biosynthesis I (from glutamate)|g__Escherichia.s__Escherichia_coli	250.5908054820
PWY-5188: tetrapyrrole biosynthesis I (from glutamate)|unclassified	8.1379748703
PWY-7228: superpathway of guanosine nucleotides de novo biosynthesis I	266.0727558889
PWY-7228: superpathway of guanosine nucleotides de novo biosynthesis I|g__Escherichia.s__Escherichia_coli	244.2755811071
PWY4FS-7: phosphatidylglycerol biosynthesis I (plastidic)	265.5436566388
PWY4FS-7: phosphatidylglycerol biosynthesis I (plastidic)|g__Escherichia.s__Escherichia_coli	201.5234908735
PWY4FS-7: phosphatidylglycerol biosynthesis I (plastidic)|unclassified	39.3438432503
PWY4FS-8: phosphatidylglycerol biosynthesis II (non-plastidic)	265.5436566388
PWY4FS-8: phosphatidylglycerol biosynthesis II (non-plastidic)|g__Escherichia.s__Escherichia_coli	201.5234908735
PWY4FS-8: phosphatidylglycerol biosynthesis II (non-plastidic)|unclassified	39.3438432503
BIOTIN-BIOSYNTHESIS-PWY: biotin biosynthesis I	264.0443045891
BIOTIN-BIOSYNTHESIS-PWY: biotin biosynthesis I|g__Escherichia.s__Escherichia_coli	235.3834596274
PWY0-1298: superpathway of pyrimidine deoxyribonucleosides degradation	263.4723435120
PWY0-1298: superpathway of pyrimidine deoxyribonucleosides degradation|g__Escherichia.s__Escherichia_coli	246.3698245093
PANTO-PWY: phosphopantothenate biosynthesis I	263.2648968344
PANTO-PWY: phosphopantothenate biosynthesis I|g__Escherichia.s__Escherichia_coli	248.4842069113
PWY-6285: superpathway of fatty acids biosynthesis (E. coli)	262.5907344523
PWY-6285: superpathway of fatty acids biosynthesis (E. coli)|g__Escherichia.s__Escherichia_coli	254.5826888771
PWY-6122: 5-aminoimidazole ribonucleotide biosynthesis II	262.4204821947
PWY-6122: 5-aminoimidazole ribonucleotide biosynthesis II|g__Escherichia.s__Escherichia_coli	174.6472987402
PWY-6122: 5-aminoimidazole ribonucleotide biosynthesis II|unclassified	58.3170117762
PWY-6277: superpathway of 5-aminoimidazole ribonucleotide biosynthesis	262.4204821947
PWY-6277: superpathway of 5-aminoimidazole ribonucleotide biosynthesis|g__Escherichia.s__Escherichia_coli	174.6472987402
PWY-6277: superpathway of 5-aminoimidazole ribonucleotide biosynthesis|unclassified	58.3170117762
PWY-6151: S-adenosyl-L-methionine salvage I	261.3874681205
PWY-6151: S-adenosyl-L-methionine salvage I|g__Escherichia.s__Escherichia_coli	233.3061298652
FUC-RHAMCAT-PWY: superpathway of fucose and rhamnose degradation	256.1233971246
FUC-RHAMCAT-PWY: superpathway of fucose and rhamnose degradation|g__Escherichia.s__Escherichia_coli	229.0897375447
GLUCOSE1PMETAB-PWY: glucose and glucose-1-phosphate degradation	255.0003298305
GLUCOSE1PMETAB-PWY: glucose and glucose-1-phosphate degradation|g__Escherichia.s__Escherichia_coli	219.7580889175
GLUCOSE1PMETAB-PWY: glucose and glucose-1-phosphate degradation|unclassified	42.6013488782
COMPLETE-ARO-PWY: superpathway of aromatic amino acid biosynthesis	254.4131835821
COMPLETE-ARO-PWY: superpathway of aromatic amino acid biosynthesis|g__Escherichia.s__Escherichia_coli	220.4167854067
SO4ASSIM-PWY: assimilatory sulfate reduction I	253.5231755004
SO4ASSIM-PWY: assimilatory sulfate reduction I|g__Escherichia.s__Escherichia_coli	239.6523473365
1CMET2-PWY: folate transformations III (E. coli)	253.0381534370
1CMET2-PWY: folate transformations III (E. coli)|g__Escherichia.s__Escherichia_coli	221.4237223178
HEMESYN2-PWY: heme b biosynthesis II (oxygen-independent)	253.0205652022
HEMESYN2-PWY: heme b biosynthesis II (oxygen-independent)|g__Escherichia.s__Escherichia_coli	243.8955044750
KETOGLUCONMET-PWY: ketogluconate metabolism	250.7429364323
KETOGLUCONMET-PWY: ketogluconate metabolism|g__Escherichia.s__Escherichia_coli	220.3465632883
KETOGLUCONMET-PWY: ketogluconate metabolism|unclassified	18.1789859804
PWY-5189: tetrapyrrole biosynthesis II (from glycine)	250.1884267180
PWY-5189: tetrapyrrole biosynthesis II (from glycine)|g__Escherichia.s__Escherichia_coli	245.7850252445
PYRIDOXSYN-PWY: pyridoxal 5'-phosphate biosynthesis I	250.1815913367
PYRIDOXSYN-PWY: pyridoxal 5'-phosphate biosynthesis I|g__Escherichia.s__Escherichia_coli	200.5438798973
PYRIDOXSYN-PWY: pyridoxal 5'-phosphate biosynthesis I|unclassified	39.0691660303
PWY-4702: phytate degradation I	248.2276107210
PWY-4702: phytate degradation I|g__Escherichia.s__Escherichia_coli	213.6631007116
PWY-4702: phytate degradation I|unclassified	26.7920417868
ARO-PWY: chorismate biosynthesis I	247.8117746718
ARO-PWY: chorismate biosynthesis I|g__Escherichia.s__Escherichia_coli	215.5930588225
PWY-3841: folate transformations II (plants)	247.5148869824
PWY-3841: folate transformations II (plants)|g__Escherichia.s__Escherichia_coli	225.5428344427
PWY-6803: phosphatidylcholine acyl editing	246.6846219803
PWY-6803: phosphatidylcholine acyl editing|g__Escherichia.s__Escherichia_coli	213.6996380835
PWY-6125: superpathway of guanosine nucleotides de novo biosynthesis II	245.9574735926
PWY-6125: superpathway of guanosine nucleotides de novo biosynthesis II|g__Escherichia.s__Escherichia_coli	227.3200899558
PWY66-389: phytol degradation	245.1233437034
PWY66-389: phytol degradation|g__Escherichia.s__Escherichia_coli	218.0325485643
PWY66-389: phytol degradation|unclassified	14.4711241032
PWY-5656: mannosylglycerate biosynthesis I	244.9316293931
PWY-5656: mannosylglycerate biosynthesis I|g__Escherichia.s__Escherichia_coli	78.3358196764
PWY-5656: mannosylglycerate biosynthesis I|unclassified	41.9501010404
PWY-7282: 4-amino-2-methyl-5-diphosphomethylpyrimidine biosynthesis II	243.6733681424
PWY-7282: 4-amino-2-methyl-5-diphosphomethylpyrimidine biosynthesis II|g__Escherichia.s__Escherichia_coli	183.2456820548
PWY-7282: 4-amino-2-methyl-5-diphosphomethylpyrimidine biosynthesis II|unclassified	30.7184763493
PWY-7220: adenosine deoxyribonucleotides de novo biosynthesis II	243.4335106490
PWY-7220: adenosine deoxyribonucleotides de novo biosynthesis II|g__Escherichia.s__Escherichia_coli	230.1059470932
PWY-7220: adenosine deoxyribonucleotides de novo biosynthesis II|g__Cutibacterium.s__Cutibacterium_acnes	9.5706788767
PWY-7222: guanosine deoxyribonucleotides de novo biosynthesis II	243.4335106490
PWY-7222: guanosine deoxyribonucleotides de novo biosynthesis II|g__Escherichia.s__Escherichia_coli	230.1059470932
PWY-7222: guanosine deoxyribonucleotides de novo biosynthesis II|g__Cutibacterium.s__Cutibacterium_acnes	9.5706788767
ARGDEG-PWY: superpathway of L-arginine, putrescine, and 4-aminobutanoate degradation	243.4166066637
ARGDEG-PWY: superpathway of L-arginine, putrescine, and 4-aminobutanoate degradation|g__Escherichia.s__Escherichia_coli	227.3877084453
ARGDEG-PWY: superpathway of L-arginine, putrescine, and 4-aminobutanoate degradation|unclassified	23.1071378293
ORNARGDEG-PWY: superpathway of L-arginine and L-ornithine degradation	243.4166066637
ORNARGDEG-PWY: superpathway of L-arginine and L-ornithine degradation|g__Escherichia.s__Escherichia_coli	227.3877084453
ORNARGDEG-PWY: superpathway of L-arginine and L-ornithine degradation|unclassified	23.1071378293
GALACTARDEG-PWY: D-galactarate degradation I	242.6254750660
GALACTARDEG-PWY: D-galactarate degradation I|g__Escherichia.s__Escherichia_coli	195.0388910986
GALACTARDEG-PWY: D-galactarate degradation I|unclassified	37.0671822789
GLUCARGALACTSUPER-PWY: superpathway of D-glucarate and D-galactarate degradation	242.6254750660
GLUCARGALACTSUPER-PWY: superpathway of D-glucarate and D-galactarate degradation|g__Escherichia.s__Escherichia_coli	195.0388910986
GLUCARGALACTSUPER-PWY: superpathway of D-glucarate and D-galactarate degradation|unclassified	37.0671822789
PWY-5897: superpathway of menaquinol-11 biosynthesis	242.1727077973
PWY-5897: superpathway of menaquinol-11 biosynthesis|g__Escherichia.s__Escherichia_coli	214.0429270081
PWY-5898: superpathway of menaquinol-12 biosynthesis	242.1727077973
PWY-5898: superpathway of menaquinol-12 biosynthesis|g__Escherichia.s__Escherichia_coli	214.0429270081
PWY-5899: superpathway of menaquinol-13 biosynthesis	242.1727077973
PWY-5899: superpathway of menaquinol-13 biosynthesis|g__Escherichia.s__Escherichia_coli	214.0429270081
PWY-5838: superpathway of menaquinol-8 biosynthesis I	242.0426206548
PWY-5838: superpathway of menaquinol-8 biosynthesis I|g__Escherichia.s__Escherichia_coli	214.3933618789
GLCMANNANAUT-PWY: superpathway of N-acetylglucosamine, N-acetylmannosamine and N-acetylneuraminate degradation	240.3016389486
GLCMANNANAUT-PWY: superpathway of N-acetylglucosamine, N-acetylmannosamine and N-acetylneuraminate degradation|g__Escherichia.s__Escherichia_coli	215.2704478117
PWY-7229: superpathway of adenosine nucleotides de novo biosynthesis I	239.1987556256
PWY-7229: superpathway of adenosine nucleotides de novo biosynthesis I|g__Escherichia.s__Escherichia_coli	172.1036179017
PWY-724: superpathway of L-lysine, L-threonine and L-methionine biosynthesis II	238.9303656428
PWY-724: superpathway of L-lysine, L-threonine and L-methionine biosynthesis II|g__Escherichia.s__Escherichia_coli	189.0085570882
PWY0-781: aspartate superpathway	238.8125777093
PWY0-781: aspartate superpathway|g__Escherichia.s__Escherichia_coli	200.7141140131
PWY66-409: superpathway of purine nucleotide salvage	238.5434650938
PWY66-409: superpathway of purine nucleotide salvage|g__Escherichia.s__Escherichia_coli	201.2303257713
PWY-6121: 5-aminoimidazole ribonucleotide biosynthesis I	238.4046987157
PWY-6121: 5-aminoimidazole ribonucleotide biosynthesis I|g__Escherichia.s__Escherichia_coli	174.9158778098
PWY-6121: 5-aminoimidazole ribonucleotide biosynthesis I|unclassified	25.8612755049
PWY-5097: L-lysine biosynthesis VI	238.1155427864
PWY-5097: L-lysine biosynthesis VI|g__Escherichia.s__Escherichia_coli	181.9695489995
PWY-5097: L-lysine biosynthesis VI|unclassified	30.6951538692
P4-PWY: superpathway of L-lysine, L-threonine and L-methionine biosynthesis I	237.9214190378
P4-PWY: superpathway of L-lysine, L-threonine and L-methionine biosynthesis I|g__Escherichia.s__Escherichia_coli	203.6600803710
PWY-5973: cis-vaccenate biosynthesis	233.3893723173
PWY-5973: cis-vaccenate biosynthesis|g__Escherichia.s__Escherichia_coli	229.4900198651
PWY-5861: superpathway of demethylmenaquinol-8 biosynthesis I	231.3043906736
PWY-5861: superpathway of demethylmenaquinol-8 biosynthesis I|g__Escherichia.s__Escherichia_coli	195.2157656019
PWY0-845: superpathway of pyridoxal 5'-phosphate biosynthesis and salvage	230.7713671872
PWY0-845: superpathway of pyridoxal 5'-phosphate biosynthesis and salvage|g__Escherichia.s__Escherichia_coli	150.8140995558
PWY0-845: superpathway of pyridoxal 5'-phosphate biosynthesis and salvage|unclassified	58.5167179662
SER-GLYSYN-PWY: superpathway of L-serine and glycine biosynthesis I	229.4550703882
SER-GLYSYN-PWY: superpathway of L-serine and glycine biosynthesis I|g__Escherichia.s__Escherichia_coli	199.7658942216
PWY-6126: superpathway of adenosine nucleotides de novo biosynthesis II	225.8521759843
PWY-6126: superpathway of adenosine nucleotides de novo biosynthesis II|g__Escherichia.s__Escherichia_coli	170.3416707499
PWY-6123: inosine-5'-phosphate biosynthesis I	225.5285908988
PWY-6123: inosine-5'-phosphate biosynthesis I|g__Escherichia.s__Escherichia_coli	208.3484192233
PWY-6123: inosine-5'-phosphate biosynthesis I|unclassified	19.7199830417
PWY-5840: superpathway of menaquinol-7 biosynthesis	225.4609376511
PWY-5840: superpathway of menaquinol-7 biosynthesis|g__Escherichia.s__Escherichia_coli	192.6589877109
PWY-5845: superpathway of menaquinol-9 biosynthesis	225.4609376511
PWY-5845: superpathway of menaquinol-9 biosynthesis|g__Escherichia.s__Escherichia_coli	192.6589877109
PWY-5850: superpathway of menaquinol-6 biosynthesis	225.4609376511
PWY-5850: superpathway of menaquinol-6 biosynthesis|g__Escherichia.s__Escherichia_coli	192.6589877109
PWY-5896: superpathway of menaquinol-10 biosynthesis	225.4609376511
PWY-5896: superpathway of menaquinol-10 biosynthesis|g__Escherichia.s__Escherichia_coli	192.6589877109
NAGLIPASYN-PWY: lipid IVA biosynthesis (E. coli)	224.5804252647
NAGLIPASYN-PWY: lipid IVA biosynthesis (E. coli)|g__Escherichia.s__Escherichia_coli	211.5642542777
PWY-6284: superpathway of unsaturated fatty acids biosynthesis (E. coli)	222.7692071441
PWY-6284: superpathway of unsaturated fatty acids biosynthesis (E. coli)|g__Escherichia.s__Escherichia_coli	218.8200467776
PWY-5384: sucrose degradation IV (sucrose phosphorylase)	221.0038700743
PWY-5384: sucrose degradation IV (sucrose phosphorylase)|g__Escherichia.s__Escherichia_coli	196.2203008073
PWY-5384: sucrose degradation IV (sucrose phosphorylase)|unclassified	22.4050789934
SULFATE-CYS-PWY: superpathway of sulfate assimilation and cysteine biosynthesis	220.2126079445
SULFATE-CYS-PWY: superpathway of sulfate assimilation and cysteine biosynthesis|g__Escherichia.s__Escherichia_coli	205.5098492473
METHGLYUT-PWY: superpathway of methylglyoxal degradation	219.0527444170
METHGLYUT-PWY: superpathway of methylglyoxal degradation|g__Escherichia.s__Escherichia_coli	170.4476896751
PWY-7219: adenosine ribonucleotides de novo biosynthesis	217.7443098467
PWY-7219: adenosine ribonucleotides de novo biosynthesis|g__Escherichia.s__Escherichia_coli	164.6165857217
PWY-7219: adenosine ribonucleotides de novo biosynthesis|unclassified	36.6902634841
PWY-7357: thiamine phosphate formation from pyrithiamine and oxythiamine (yeast)	217.1084321995
PWY-7357: thiamine phosphate formation from pyrithiamine and oxythiamine (yeast)|g__Escherichia.s__Escherichia_coli	201.7655410834
COLANSYN-PWY: colanic acid building blocks biosynthesis	216.7181669437
COLANSYN-PWY: colanic acid building blocks biosynthesis|g__Escherichia.s__Escherichia_coli	110.5653521810
GLUCARDEG-PWY: D-glucarate degradation I	213.0615141952
GLUCARDEG-PWY: D-glucarate degradation I|g__Escherichia.s__Escherichia_coli	179.9532607725
GLUCARDEG-PWY: D-glucarate degradation I|unclassified	11.3247784939
FAO-PWY: fatty acid &beta;-oxidation I (generic)	211.7925536290
FAO-PWY: fatty acid &beta;-oxidation I (generic)|g__Escherichia.s__Escherichia_coli	202.9663469362
FAO-PWY: fatty acid &beta;-oxidation I (generic)|unclassified	25.8218650826
PWY-5860: superpathway of demethylmenaquinol-6 biosynthesis I	209.2449004816
PWY-5860: superpathway of demethylmenaquinol-6 biosynthesis I|g__Escherichia.s__Escherichia_coli	169.1523819939
PWY-5862: superpathway of demethylmenaquinol-9 biosynthesis	209.2449004816
PWY-5862: superpathway of demethylmenaquinol-9 biosynthesis|g__Escherichia.s__Escherichia_coli	169.1523819939
PWY-841: superpathway of purine nucleotides de novo biosynthesis I	207.7084007730
PWY-841: superpathway of purine nucleotides de novo biosynthesis I|g__Escherichia.s__Escherichia_coli	176.9683698531
PWY-6163: chorismate biosynthesis from 3-dehydroquinate	206.5577783147
PWY-6163: chorismate biosynthesis from 3-dehydroquinate|g__Escherichia.s__Escherichia_coli	179.6321861548
PWY-6897: thiamine diphosphate salvage II	205.8152902387
PWY-6897: thiamine diphosphate salvage II|g__Escherichia.s__Escherichia_coli	199.7336625444
DAPLYSINESYN-PWY: L-lysine biosynthesis I	204.3312038693
DAPLYSINESYN-PWY: L-lysine biosynthesis I|g__Escherichia.s__Escherichia_coli	179.0342231189
DAPLYSINESYN-PWY: L-lysine biosynthesis I|unclassified	22.0057039319
PWY0-1277: 3-phenylpropanoate and 3-(3-hydroxyphenyl)propanoate degradation	203.7975310514
PWY0-1277: 3-phenylpropanoate and 3-(3-hydroxyphenyl)propanoate degradation|g__Escherichia.s__Escherichia_coli	189.5604796969
PWY-5918: superpathway of heme b biosynthesis from glutamate	199.0966128553
PWY-5918: superpathway of heme b biosynthesis from glutamate|g__Escherichia.s__Escherichia_coli	153.2475346638
PYRIDNUCSYN-PWY: NAD de novo biosynthesis I (from aspartate)	196.3890710557
PYRIDNUCSYN-PWY: NAD de novo biosynthesis I (from aspartate)|g__Escherichia.s__Escherichia_coli	163.0712553881
PYRIDNUCSYN-PWY: NAD de novo biosynthesis I (from aspartate)|unclassified	24.5818720722
PWY-5686: UMP biosynthesis I	195.8926730475
PWY-5686: UMP biosynthesis I|g__Escherichia.s__Escherichia_coli	184.6830927769
COA-PWY-1: superpathway of coenzyme A biosynthesis III (mammals)	195.3772670432
COA-PWY-1: superpathway of coenzyme A biosynthesis III (mammals)|g__Escherichia.s__Escherichia_coli	160.0909676717
COA-PWY-1: superpathway of coenzyme A biosynthesis III (mammals)|unclassified	21.2490228838
PWY-7204: pyridoxal 5'-phosphate salvage II (plants)	191.5960040267
PWY-7204: pyridoxal 5'-phosphate salvage II (plants)|g__Escherichia.s__Escherichia_coli	145.2167541705
PWY0-162: superpathway of pyrimidine ribonucleotides de novo biosynthesis	190.8322477517
PWY0-162: superpathway of pyrimidine ribonucleotides de novo biosynthesis|g__Escherichia.s__Escherichia_coli	164.8915963414
PANTOSYN-PWY: superpathway of coenzyme A biosynthesis I (bacteria)	188.8124699198
PANTOSYN-PWY: superpathway of coenzyme A biosynthesis I (bacteria)|g__Escherichia.s__Escherichia_coli	166.6342922350
PWY-7323: superpathway of GDP-mannose-derived O-antigen building blocks biosynthesis	186.1313704879
PWY-7323: superpathway of GDP-mannose-derived O-antigen building blocks biosynthesis|g__Escherichia.s__Escherichia_coli	65.0699792121
PWY-7199: pyrimidine deoxyribonucleosides salvage	185.5728963811
PWY-7199: pyrimidine deoxyribonucleosides salvage|g__Escherichia.s__Escherichia_coli	160.1152607755
P105-PWY: TCA cycle IV (2-oxoglutarate decarboxylase)	185.1635750048
P105-PWY: TCA cycle IV (2-oxoglutarate decarboxylase)|g__Escherichia.s__Escherichia_coli	154.8873261047
P105-PWY: TCA cycle IV (2-oxoglutarate decarboxylase)|unclassified	18.5329231094
PWY-6969: TCA cycle V (2-oxoglutarate synthase)	185.1635750048
PWY-6969: TCA cycle V (2-oxoglutarate synthase)|g__Escherichia.s__Escherichia_coli	154.8873261047
PWY-6969: TCA cycle V (2-oxoglutarate synthase)|unclassified	18.5329231094
AST-PWY: L-arginine degradation II (AST pathway)	185.0434687878
AST-PWY: L-arginine degradation II (AST pathway)|g__Escherichia.s__Escherichia_coli	170.3910280772
COBALSYN-PWY: superpathway of adenosylcobalamin salvage from cobinamide I	185.0100705447
COBALSYN-PWY: superpathway of adenosylcobalamin salvage from cobinamide I|g__Escherichia.s__Escherichia_coli	168.5697174591
PWY0-1479: tRNA processing	184.8950467205
PWY0-1479: tRNA processing|g__Escherichia.s__Escherichia_coli	151.4408830017
PWY0-1479: tRNA processing|unclassified	28.2919485644
PWY-6731: starch degradation III	181.4660661987
PWY-6731: starch degradation III|g__Escherichia.s__Escherichia_coli	167.6134049850
PWY-5837: 2-carboxy-1,4-naphthoquinol biosynthesis	181.0022567300
PWY-5837: 2-carboxy-1,4-naphthoquinol biosynthesis|g__Escherichia.s__Escherichia_coli	139.8050059283
PWY-7560: methylerythritol phosphate pathway II	179.0192865449
PWY-7560: methylerythritol phosphate pathway II|g__Escherichia.s__Escherichia_coli	149.0788515090
PWY-7115: C4 photosynthetic carbon assimilation cycle, NAD-ME type	176.5986746268
PWY-7115: C4 photosynthetic carbon assimilation cycle, NAD-ME type|g__Escherichia.s__Escherichia_coli	154.8061454402
PWY-6531: mannitol cycle	175.1881894592
PWY-6531: mannitol cycle|g__Escherichia.s__Escherichia_coli	155.3406292193
PWY-6531: mannitol cycle|unclassified	17.6795605861
PWY-7184: pyrimidine deoxyribonucleotides de novo biosynthesis I	171.7074247206
PWY-7184: pyrimidine deoxyribonucleotides de novo biosynthesis I|g__Escherichia.s__Escherichia_coli	146.7522309983
OANTIGEN-PWY: O-antigen building blocks biosynthesis (E. coli)	170.3502589331
OANTIGEN-PWY: O-antigen building blocks biosynthesis (E. coli)|g__Escherichia.s__Escherichia_coli	139.0197596116
DTDPRHAMSYN-PWY: dTDP-&beta;-L-rhamnose biosynthesis	168.2798036182
DTDPRHAMSYN-PWY: dTDP-&beta;-L-rhamnose biosynthesis|g__Escherichia.s__Escherichia_coli	105.6877748719
DTDPRHAMSYN-PWY: dTDP-&beta;-L-rhamnose biosynthesis|unclassified	58.0785221910
PWY-7315: dTDP-N-acetylthomosamine biosynthesis	167.3524274295
PWY-7315: dTDP-N-acetylthomosamine biosynthesis|g__Escherichia.s__Escherichia_coli	127.7003446616
PWY-7315: dTDP-N-acetylthomosamine biosynthesis|unclassified	29.0478687316
HISTSYN-PWY: L-histidine biosynthesis	167.1027956582
HISTSYN-PWY: L-histidine biosynthesis|g__Escherichia.s__Escherichia_coli	116.2939565373
HISTSYN-PWY: L-histidine biosynthesis|unclassified	36.2828221126
PWY0-1415: superpathway of heme b biosynthesis from uroporphyrinogen-III	165.8266982711
PWY0-1415: superpathway of heme b biosynthesis from uroporphyrinogen-III|g__Escherichia.s__Escherichia_coli	121.5934719977
PWY-5083: NAD(P)/NADPH interconversion	163.4290674399
PWY-5083: NAD(P)/NADPH interconversion|g__Escherichia.s__Escherichia_coli	150.6498693894
PWY-5083: NAD(P)/NADPH interconversion|unclassified	11.1854724982
PWY0-1338: polymyxin resistance	162.0093907946
PWY0-1338: polymyxin resistance|g__Escherichia.s__Escherichia_coli	158.5956573997
PWY-5100: pyruvate fermentation to acetate and lactate II	161.3410469505
PWY-5100: pyruvate fermentation to acetate and lactate II|g__Escherichia.s__Escherichia_coli	94.0750415659
PWY0-42: 2-methylcitrate cycle I	160.6010432229
PWY0-42: 2-methylcitrate cycle I|g__Escherichia.s__Escherichia_coli	111.4160178288
PWY0-42: 2-methylcitrate cycle I|unclassified	21.2812144675
PWY-2723: trehalose degradation V	159.5204933817
PWY-2723: trehalose degradation V|g__Escherichia.s__Escherichia_coli	145.6045549925
PWY0-1241: ADP-L-glycero-&beta;-D-manno-heptose biosynthesis	157.5587593275
PWY0-1241: ADP-L-glycero-&beta;-D-manno-heptose biosynthesis|g__Escherichia.s__Escherichia_coli	146.7705614608
PWY-5791	155.4736669496
PWY-5791|g__Escherichia.s__Escherichia_coli	139.8050059283
NONMEVIPP-PWY: methylerythritol phosphate pathway I	152.7583744007
NONMEVIPP-PWY: methylerythritol phosphate pathway I|g__Escherichia.s__Escherichia_coli	113.3465741154
PWY-7539: 6-hydroxymethyl-dihydropterin diphosphate biosynthesis III (Chlamydia)	151.2200691670
PWY-7539: 6-hydroxymethyl-dihydropterin diphosphate biosynthesis III (Chlamydia)|g__Escherichia.s__Escherichia_coli	126.5982252779
PWY-7539: 6-hydroxymethyl-dihydropterin diphosphate biosynthesis III (Chlamydia)|unclassified	23.4347523370
PWY0-166: superpathway of pyrimidine deoxyribonucleotides de novo biosynthesis (E. coli)	149.6412306761
PWY0-166: superpathway of pyrimidine deoxyribonucleotides de novo biosynthesis (E. coli)|g__Escherichia.s__Escherichia_coli	128.5932310241
PWY-5747: 2-methylcitrate cycle II	147.9122985777
PWY-5747: 2-methylcitrate cycle II|g__Escherichia.s__Escherichia_coli	98.6196286142
PWY-5747: 2-methylcitrate cycle II|unclassified	32.0565499709
HEME-BIOSYNTHESIS-II: heme b biosynthesis I (aerobic)	146.6024677788
HEME-BIOSYNTHESIS-II: heme b biosynthesis I (aerobic)|g__Escherichia.s__Escherichia_coli	99.6537173348
PWY-6147: 6-hydroxymethyl-dihydropterin diphosphate biosynthesis I	145.2599713683
PWY-6147: 6-hydroxymethyl-dihydropterin diphosphate biosynthesis I|g__Escherichia.s__Escherichia_coli	122.1976396915
PWY-6147: 6-hydroxymethyl-dihydropterin diphosphate biosynthesis I|unclassified	21.7196327483
GALACTUROCAT-PWY: D-galacturonate degradation I	144.1237120502
GALACTUROCAT-PWY: D-galacturonate degradation I|g__Escherichia.s__Escherichia_coli	125.9805614111
GALACTUROCAT-PWY: D-galacturonate degradation I|unclassified	11.7545406207
PWY-6901: superpathway of glucose and xylose degradation	143.6307988280
PWY-6703: preQ0 biosynthesis	143.3186854900
PWY-6703: preQ0 biosynthesis|g__Escherichia.s__Escherichia_coli	124.1996788296
PWY-6703: preQ0 biosynthesis|unclassified	11.3903430977
PWY-7269: mitochondrial NADPH production (yeast)	142.5447092530
PWY-7269: mitochondrial NADPH production (yeast)|g__Escherichia.s__Escherichia_coli	135.9534802317
PWY-5690: TCA cycle II (plants and fungi)	138.6119010756
PWY-5690: TCA cycle II (plants and fungi)|g__Escherichia.s__Escherichia_coli	112.7035292643
PWY-5690: TCA cycle II (plants and fungi)|unclassified	17.9911074432
PWY-7254: TCA cycle VII (acetate-producers)	138.5101250947
PWY-7254: TCA cycle VII (acetate-producers)|g__Escherichia.s__Escherichia_coli	113.9418171660
THISYN-PWY: superpathway of thiamine diphosphate biosynthesis I	138.3652109412
THISYN-PWY: superpathway of thiamine diphosphate biosynthesis I|g__Escherichia.s__Escherichia_coli	133.1157842282
COA-PWY: coenzyme A biosynthesis I (prokaryotic)	137.0413578504
COA-PWY: coenzyme A biosynthesis I (prokaryotic)|g__Escherichia.s__Escherichia_coli	118.9315114950
COA-PWY: coenzyme A biosynthesis I (prokaryotic)|unclassified	12.0031870722
PWY-6270: isoprene biosynthesis I	136.7277929235
PWY-6270: isoprene biosynthesis I|g__Escherichia.s__Escherichia_coli	64.4263772365
PWY-7197: pyrimidine deoxyribonucleotide phosphorylation	136.7114941252
PWY-7197: pyrimidine deoxyribonucleotide phosphorylation|g__Escherichia.s__Escherichia_coli	108.2998013150
PWY-7197: pyrimidine deoxyribonucleotide phosphorylation|g__Cutibacterium.s__Cutibacterium_acnes	9.7731959989
PWY-6124: inosine-5'-phosphate biosynthesis II	136.3813602013
PWY-6124: inosine-5'-phosphate biosynthesis II|g__Escherichia.s__Escherichia_coli	130.1822005636
PWY-6124: inosine-5'-phosphate biosynthesis II|unclassified	21.8185954413
HCAMHPDEG-PWY: 3-phenylpropanoate and 3-(3-hydroxyphenyl)propanoate degradation to 2-hydroxypentadienoate	134.7432402860
HCAMHPDEG-PWY: 3-phenylpropanoate and 3-(3-hydroxyphenyl)propanoate degradation to 2-hydroxypentadienoate|g__Escherichia.s__Escherichia_coli	115.1579391661
HCAMHPDEG-PWY: 3-phenylpropanoate and 3-(3-hydroxyphenyl)propanoate degradation to 2-hydroxypentadienoate|unclassified	28.1705789649
PWY-6690: cinnamate and 3-hydroxycinnamate degradation to 2-hydroxypentadienoate	134.7432402860
PWY-6690: cinnamate and 3-hydroxycinnamate degradation to 2-hydroxypentadienoate|g__Escherichia.s__Escherichia_coli	115.1579391661
PWY-6690: cinnamate and 3-hydroxycinnamate degradation to 2-hydroxypentadienoate|unclassified	28.1705789649
PWY-6892: thiazole component of thiamine diphosphate biosynthesis I	129.5649460553
PWY-6892: thiazole component of thiamine diphosphate biosynthesis I|g__Escherichia.s__Escherichia_coli	120.4731559231
PWY-7234: inosine-5'-phosphate biosynthesis III	128.1087665369
PWY-7234: inosine-5'-phosphate biosynthesis III|g__Escherichia.s__Escherichia_coli	110.3289993538
FOLSYN-PWY: superpathway of tetrahydrofolate biosynthesis and salvage	127.0220914809
FOLSYN-PWY: superpathway of tetrahydrofolate biosynthesis and salvage|g__Escherichia.s__Escherichia_coli	121.7850178407
DENOVOPURINE2-PWY: superpathway of purine nucleotides de novo biosynthesis II	124.5603349270
DENOVOPURINE2-PWY: superpathway of purine nucleotides de novo biosynthesis II|g__Escherichia.s__Escherichia_coli	112.0379776168
PRPP-PWY: superpathway of histidine, purine, and pyrimidine biosynthesis	122.9712420685
PRPP-PWY: superpathway of histidine, purine, and pyrimidine biosynthesis|g__Escherichia.s__Escherichia_coli	112.2304734751
PWY-5920: superpathway of heme b biosynthesis from glycine	121.5707701508
PWY-5920: superpathway of heme b biosynthesis from glycine|g__Escherichia.s__Escherichia_coli	110.1009550095
PWY-6507: 4-deoxy-L-threo-hex-4-enopyranuronate degradation	119.4042634741
PWY-6507: 4-deoxy-L-threo-hex-4-enopyranuronate degradation|g__Escherichia.s__Escherichia_coli	106.1130264012
PWY-6507: 4-deoxy-L-threo-hex-4-enopyranuronate degradation|unclassified	10.6136650474
PWY-7242: D-fructuronate degradation	118.3635895219
PWY-7242: D-fructuronate degradation|g__Escherichia.s__Escherichia_coli	101.7190559939
PWY-7242: D-fructuronate degradation|unclassified	11.6488314741
PWY-6823: molybdopterin biosynthesis	115.6174528958
PWY-6823: molybdopterin biosynthesis|g__Escherichia.s__Escherichia_coli	75.3026863576
PWY-5367: petroselinate biosynthesis	114.9368029392
PWY-5367: petroselinate biosynthesis|g__Escherichia.s__Escherichia_coli	113.7470497461
POLYISOPRENSYN-PWY: polyisoprenoid biosynthesis (E. coli)	114.7794251755
POLYISOPRENSYN-PWY: polyisoprenoid biosynthesis (E. coli)|g__Escherichia.s__Escherichia_coli	108.5973820007
PWY-6612: superpathway of tetrahydrofolate biosynthesis	107.0509697910
PWY-6612: superpathway of tetrahydrofolate biosynthesis|g__Escherichia.s__Escherichia_coli	102.2621647543
RIBOSYN2-PWY: flavin biosynthesis I (bacteria and plants)	106.8121833816
RIBOSYN2-PWY: flavin biosynthesis I (bacteria and plants)|g__Escherichia.s__Escherichia_coli	80.3453213589
RIBOSYN2-PWY: flavin biosynthesis I (bacteria and plants)|unclassified	20.4134031962
GALACT-GLUCUROCAT-PWY: superpathway of hexuronide and hexuronate degradation	106.6726052281
GALACT-GLUCUROCAT-PWY: superpathway of hexuronide and hexuronate degradation|g__Escherichia.s__Escherichia_coli	90.2696351430
GALACT-GLUCUROCAT-PWY: superpathway of hexuronide and hexuronate degradation|unclassified	11.7372906324
PWY0-1061: superpathway of L-alanine biosynthesis	105.5273349115
PWY0-1061: superpathway of L-alanine biosynthesis|g__Escherichia.s__Escherichia_coli	98.4674921712
PWY-6588: pyruvate fermentation to acetone	104.9980376753
PWY-6588: pyruvate fermentation to acetone|g__Escherichia.s__Escherichia_coli	78.5905351372
PWY-6630: superpathway of L-tyrosine biosynthesis	101.6774820782
PWY-6630: superpathway of L-tyrosine biosynthesis|g__Escherichia.s__Escherichia_coli	95.9544755849
PWY-4242	96.2793109143
PWY-4242|g__Escherichia.s__Escherichia_coli	66.6511645207
PWY-7328: superpathway of UDP-glucose-derived O-antigen building blocks biosynthesis	94.3363086477
PWY-7328: superpathway of UDP-glucose-derived O-antigen building blocks biosynthesis|g__Escherichia.s__Escherichia_coli	81.6805559900
PWY-5497: purine nucleobases degradation II (anaerobic)	90.5364467203
PWY-5497: purine nucleobases degradation II (anaerobic)|g__Escherichia.s__Escherichia_coli	85.6158138839
PWY-7094: fatty acid salvage	90.0344209048
PWY-7094: fatty acid salvage|unclassified	54.4458615285
PWY-7187: pyrimidine deoxyribonucleotides de novo biosynthesis II	89.4959880525
PWY-7187: pyrimidine deoxyribonucleotides de novo biosynthesis II|g__Escherichia.s__Escherichia_coli	81.7779567640
PWY-7237: myo-, chiro- and scyllo-inositol degradation	85.8288620985
PWY-7237: myo-, chiro- and scyllo-inositol degradation|g__Escherichia.s__Escherichia_coli	81.7839547617
PWY-7237: myo-, chiro- and scyllo-inositol degradation|unclassified	4.0449073368
TRPSYN-PWY: L-tryptophan biosynthesis	83.2141250614
TRPSYN-PWY: L-tryptophan biosynthesis|g__Escherichia.s__Escherichia_coli	73.7750179654
TRPSYN-PWY: L-tryptophan biosynthesis|unclassified	8.4621660652
GLUCUROCAT-PWY: superpathway of &beta;-D-glucuronosides degradation	79.3426950559
GLUCUROCAT-PWY: superpathway of &beta;-D-glucuronosides degradation|g__Escherichia.s__Escherichia_coli	67.9678031587
GLUCUROCAT-PWY: superpathway of &beta;-D-glucuronosides degradation|unclassified	9.1275656659
PWY-4321: L-glutamate degradation IV	79.0804852629
PWY-4321: L-glutamate degradation IV|g__Escherichia.s__Escherichia_coli	49.7786014698
PWY-4321: L-glutamate degradation IV|unclassified	25.4154702581
PWY-7208: superpathway of pyrimidine nucleobases salvage	75.6564629017
PWY-7209: superpathway of pyrimidine ribonucleosides degradation	75.5745440956
PWY-7209: superpathway of pyrimidine ribonucleosides degradation|g__Escherichia.s__Escherichia_coli	73.9199846895
ECASYN-PWY: enterobacterial common antigen biosynthesis	74.4698568964
ECASYN-PWY: enterobacterial common antigen biosynthesis|g__Escherichia.s__Escherichia_coli	69.2928791907
UBISYN-PWY: superpathway of ubiquinol-8 biosynthesis (early decarboxylation)	72.7290257402
UBISYN-PWY: superpathway of ubiquinol-8 biosynthesis (early decarboxylation)|g__Escherichia.s__Escherichia_coli	62.2243431736
PWY-6708: ubiquinol-8 biosynthesis (early decarboxylation)	66.4108386659
PWY-6708: ubiquinol-8 biosynthesis (early decarboxylation)|g__Escherichia.s__Escherichia_coli	56.6693195685
PWY-5705: allantoin degradation to glyoxylate III	65.1432461569
PWY-5705: allantoin degradation to glyoxylate III|g__Escherichia.s__Escherichia_coli	62.3547119206
PWY-5705: allantoin degradation to glyoxylate III|unclassified	15.8904859981
PWY-5855: ubiquinol-7 biosynthesis (early decarboxylation)	65.0737906609
PWY-5855: ubiquinol-7 biosynthesis (early decarboxylation)|g__Escherichia.s__Escherichia_coli	54.6090576917
PWY-5856: ubiquinol-9 biosynthesis (early decarboxylation)	65.0737906609
PWY-5856: ubiquinol-9 biosynthesis (early decarboxylation)|g__Escherichia.s__Escherichia_coli	54.6090576917
PWY-5857: ubiquinol-10 biosynthesis (early decarboxylation)	65.0737906609
PWY-5857: ubiquinol-10 biosynthesis (early decarboxylation)|g__Escherichia.s__Escherichia_coli	54.6090576917
PPGPPMET-PWY: ppGpp metabolism	64.8372057941
PPGPPMET-PWY: ppGpp metabolism|g__Escherichia.s__Escherichia_coli	52.6739234785
PPGPPMET-PWY: ppGpp metabolism|unclassified	12.0266030998
PWY-7446: sulfoquinovose degradation I	63.3946671219
PWY-7446: sulfoquinovose degradation I|g__Escherichia.s__Escherichia_coli	63.3946671219
GLUDEG-I-PWY: GABA shunt	62.4647379743
GLUDEG-I-PWY: GABA shunt|g__Escherichia.s__Escherichia_coli	40.5856774724
GLUDEG-I-PWY: GABA shunt|unclassified	19.9978383892
LPSSYN-PWY: superpathway of lipopolysaccharide biosynthesis	61.4771480216
LPSSYN-PWY: superpathway of lipopolysaccharide biosynthesis|g__Escherichia.s__Escherichia_coli	59.8829991302
P221-PWY: octane oxidation	59.9110606312
P221-PWY: octane oxidation|g__Escherichia.s__Escherichia_coli	52.7538996796
P221-PWY: octane oxidation|unclassified	6.2460354457
KDO-NAGLIPASYN-PWY: superpathway of (Kdo)2-lipid A biosynthesis	45.5585638617
KDO-NAGLIPASYN-PWY: superpathway of (Kdo)2-lipid A biosynthesis|g__Escherichia.s__Escherichia_coli	44.8807690241
GLYCOL-GLYOXDEG-PWY: superpathway of glycol metabolism and degradation	44.1744372911
GLYCOL-GLYOXDEG-PWY: superpathway of glycol metabolism and degradation|g__Escherichia.s__Escherichia_coli	32.3715109553
GLYCOL-GLYOXDEG-PWY: superpathway of glycol metabolism and degradation|unclassified	11.4647689622
PWY-7409: phospholipid remodeling (phosphatidylethanolamine, yeast)	37.0209069855
PWY0-1533: methylphosphonate degradation I	34.5083821749
PWY-6467: Kdo transfer to lipid IVA III (Chlamydia)	33.2207590070
PWY-6467: Kdo transfer to lipid IVA III (Chlamydia)|g__Escherichia.s__Escherichia_coli	33.2207590070
P122-PWY: heterolactic fermentation	29.7536494148
PWY-6318: L-phenylalanine degradation IV (mammalian, via side chain)	29.5342789452
PWY0-41: allantoin degradation IV (anaerobic)	26.7197273929
PWY0-41: allantoin degradation IV (anaerobic)|unclassified	7.7018183879
PWY-5121: superpathway of geranylgeranyl diphosphate biosynthesis II (via MEP)	23.5607349834
PWY-6168: flavin biosynthesis III (fungi)	22.5706042080
PWY-6168: flavin biosynthesis III (fungi)|unclassified	14.1424771323
PWY-6317: D-galactose degradation I (Leloir pathway)	20.4567918056
PWY-6317: D-galactose degradation I (Leloir pathway)|unclassified	17.9822588039
PWY-5692: allantoin degradation to glyoxylate II	19.2527108352
URDEGR-PWY: superpathway of allantoin degradation in plants	19.2527108352
PWY-7211: superpathway of pyrimidine deoxyribonucleotides de novo biosynthesis	13.4942453422
PWY-6859: all-trans-farnesol biosynthesis	9.4999584632
PWY-7210: pyrimidine deoxyribonucleotides biosynthesis from CTP	7.7321776631
PWY-6545: pyrimidine deoxyribonucleotides de novo biosynthesis III	6.9873156617
PWY-7198: pyrimidine deoxyribonucleotides de novo biosynthesis IV	5.4753812636