# Pathway	COAD_noFFPEOnlyPrimaryNoRiboZeroG_CMS1_Abundance
UNMAPPED	3590930.7000255594
UNINTEGRATED	792408.6875325480
UNINTEGRATED|g__Escherichia.s__Escherichia_coli	490340.6174297343
UNINTEGRATED|unclassified	182712.2248244415
PWY0-1586: peptidoglycan maturation (meso-diaminopimelate containing)	1015.1156037046
PWY0-1586: peptidoglycan maturation (meso-diaminopimelate containing)|g__Escherichia.s__Escherichia_coli	821.6475853904
PWY0-1586: peptidoglycan maturation (meso-diaminopimelate containing)|unclassified	189.5542440270
PWY-7111: pyruvate fermentation to isobutanol (engineered)	623.7883369001
PWY-7111: pyruvate fermentation to isobutanol (engineered)|g__Escherichia.s__Escherichia_coli	586.2471148695
PWY-7111: pyruvate fermentation to isobutanol (engineered)|unclassified	98.8008773189
SALVADEHYPOX-PWY: adenosine nucleotides degradation II	609.6568196559
SALVADEHYPOX-PWY: adenosine nucleotides degradation II|g__Escherichia.s__Escherichia_coli	512.9619659392
SALVADEHYPOX-PWY: adenosine nucleotides degradation II|unclassified	52.7667168441
PWY-5695: inosine 5'-phosphate degradation	566.1858012943
PWY-5695: inosine 5'-phosphate degradation|g__Escherichia.s__Escherichia_coli	478.5851849069
PWY-5695: inosine 5'-phosphate degradation|unclassified	55.6135396274
PWY-6608: guanosine nucleotides degradation III	566.1858012943
PWY-6608: guanosine nucleotides degradation III|g__Escherichia.s__Escherichia_coli	478.5851849069
PWY-6608: guanosine nucleotides degradation III|unclassified	45.1919930410
ILEUSYN-PWY: L-isoleucine biosynthesis I (from threonine)	552.5426999841
ILEUSYN-PWY: L-isoleucine biosynthesis I (from threonine)|g__Escherichia.s__Escherichia_coli	481.1183221283
ILEUSYN-PWY: L-isoleucine biosynthesis I (from threonine)|unclassified	80.8065005759
VALSYN-PWY: L-valine biosynthesis	552.5426999841
VALSYN-PWY: L-valine biosynthesis|g__Escherichia.s__Escherichia_coli	481.1183221283
VALSYN-PWY: L-valine biosynthesis|unclassified	80.8065005759
NONOXIPENT-PWY: pentose phosphate pathway (non-oxidative branch) I	543.7637325751
NONOXIPENT-PWY: pentose phosphate pathway (non-oxidative branch) I|g__Escherichia.s__Escherichia_coli	505.7853969362
ORNDEG-PWY: superpathway of ornithine degradation	487.1172293229
ORNDEG-PWY: superpathway of ornithine degradation|g__Escherichia.s__Escherichia_coli	400.8389910070
ORNDEG-PWY: superpathway of ornithine degradation|unclassified	62.1980599058
P461-PWY: hexitol fermentation to lactate, formate, ethanol and acetate	478.7591938526
P461-PWY: hexitol fermentation to lactate, formate, ethanol and acetate|g__Escherichia.s__Escherichia_coli	423.8009418919
P461-PWY: hexitol fermentation to lactate, formate, ethanol and acetate|unclassified	25.6061014726
PWY-1042: glycolysis IV	472.5384185209
PWY-1042: glycolysis IV|g__Escherichia.s__Escherichia_coli	373.3201259107
PWY-1042: glycolysis IV|unclassified	55.6709108087
PWY-7663: gondoate biosynthesis (anaerobic)	469.9550249587
PWY-7663: gondoate biosynthesis (anaerobic)|g__Escherichia.s__Escherichia_coli	452.5601840141
UDPNAGSYN-PWY: UDP-N-acetyl-D-glucosamine biosynthesis I	413.3760379274
UDPNAGSYN-PWY: UDP-N-acetyl-D-glucosamine biosynthesis I|g__Escherichia.s__Escherichia_coli	363.2894465502
UDPNAGSYN-PWY: UDP-N-acetyl-D-glucosamine biosynthesis I|unclassified	9.2829312925
PWY-6353: purine nucleotides degradation II (aerobic)	410.8036676839
PWY-6353: purine nucleotides degradation II (aerobic)|g__Escherichia.s__Escherichia_coli	360.2066379333
PWY-6353: purine nucleotides degradation II (aerobic)|unclassified	38.2320370053
CALVIN-PWY: Calvin-Benson-Bassham cycle	408.2302090400
CALVIN-PWY: Calvin-Benson-Bassham cycle|g__Escherichia.s__Escherichia_coli	369.3601798913
PWY0-1296: purine ribonucleosides degradation	402.5863335827
PWY0-1296: purine ribonucleosides degradation|g__Escherichia.s__Escherichia_coli	379.4662266040
PWY0-1296: purine ribonucleosides degradation|unclassified	23.0592426444
PWY-5913: partial TCA cycle (obligate autotrophs)	400.8325782798
PWY-5913: partial TCA cycle (obligate autotrophs)|g__Escherichia.s__Escherichia_coli	355.2147600038
PWY-5913: partial TCA cycle (obligate autotrophs)|unclassified	32.8588203227
PWY0-1261: anhydromuropeptides recycling I	398.3268162945
PWY0-1261: anhydromuropeptides recycling I|g__Escherichia.s__Escherichia_coli	337.9720572661
PWY0-1261: anhydromuropeptides recycling I|unclassified	36.0855880335
TCA: TCA cycle I (prokaryotic)	387.0327268424
TCA: TCA cycle I (prokaryotic)|g__Escherichia.s__Escherichia_coli	358.8560910027
PWY-5723: Rubisco shunt	386.2836887620
PWY-5723: Rubisco shunt|g__Escherichia.s__Escherichia_coli	334.9241067584
GLYCOLYSIS: glycolysis I (from glucose 6-phosphate)	386.1095086817
GLYCOLYSIS: glycolysis I (from glucose 6-phosphate)|g__Escherichia.s__Escherichia_coli	329.9831745679
PWY-4041: &gamma;-glutamyl cycle	375.8075165294
PWY-4041: &gamma;-glutamyl cycle|g__Escherichia.s__Escherichia_coli	304.1278199051
PWY-4041: &gamma;-glutamyl cycle|unclassified	67.5031752965
PWY-6737: starch degradation V	373.5588704237
PWY-6737: starch degradation V|g__Escherichia.s__Escherichia_coli	323.3577417442
PWY-6737: starch degradation V|unclassified	81.6905317367
PWY-5675: nitrate reduction V (assimilatory)	372.9462964914
PWY-5675: nitrate reduction V (assimilatory)|g__Escherichia.s__Escherichia_coli	263.6506215219
PWY-5675: nitrate reduction V (assimilatory)|unclassified	95.9151001198
PENTOSE-P-PWY: pentose phosphate pathway	369.5520520955
PENTOSE-P-PWY: pentose phosphate pathway|g__Escherichia.s__Escherichia_coli	310.7649308661
GLYCOLYSIS-TCA-GLYOX-BYPASS: superpathway of glycolysis, pyruvate dehydrogenase, TCA, and glyoxylate bypass	369.3726123874
GLYCOLYSIS-TCA-GLYOX-BYPASS: superpathway of glycolysis, pyruvate dehydrogenase, TCA, and glyoxylate bypass|g__Escherichia.s__Escherichia_coli	328.2887907693
PWY-6936: seleno-amino acid biosynthesis (plants)	369.0138588337
PWY-6936: seleno-amino acid biosynthesis (plants)|g__Escherichia.s__Escherichia_coli	284.0944775538
PWY-7117: C4 photosynthetic carbon assimilation cycle, PEPCK type	367.8284750399
PWY-7117: C4 photosynthetic carbon assimilation cycle, PEPCK type|g__Escherichia.s__Escherichia_coli	326.2768367259
TCA-GLYOX-BYPASS: superpathway of glyoxylate bypass and TCA	364.5413346447
TCA-GLYOX-BYPASS: superpathway of glyoxylate bypass and TCA|g__Escherichia.s__Escherichia_coli	337.2676946134
HOMOSER-METSYN-PWY: L-methionine biosynthesis I	360.4909736025
HOMOSER-METSYN-PWY: L-methionine biosynthesis I|g__Escherichia.s__Escherichia_coli	278.1838637008
HOMOSER-METSYN-PWY: L-methionine biosynthesis I|unclassified	51.4378063980
PWY-5484: glycolysis II (from fructose 6-phosphate)	356.7402823808
PWY-5484: glycolysis II (from fructose 6-phosphate)|g__Escherichia.s__Escherichia_coli	302.1217869150
ANAGLYCOLYSIS-PWY: glycolysis III (from glucose)	355.0729670240
ANAGLYCOLYSIS-PWY: glycolysis III (from glucose)|g__Escherichia.s__Escherichia_coli	309.1619759007
BRANCHED-CHAIN-AA-SYN-PWY: superpathway of branched chain amino acid biosynthesis	354.2015604786
BRANCHED-CHAIN-AA-SYN-PWY: superpathway of branched chain amino acid biosynthesis|g__Escherichia.s__Escherichia_coli	272.8100148014
BRANCHED-CHAIN-AA-SYN-PWY: superpathway of branched chain amino acid biosynthesis|unclassified	31.0758387493
HEXITOLDEGSUPER-PWY: superpathway of hexitol degradation (bacteria)	351.0624400363
HEXITOLDEGSUPER-PWY: superpathway of hexitol degradation (bacteria)|g__Escherichia.s__Escherichia_coli	297.5190113037
RHAMCAT-PWY: L-rhamnose degradation I	347.5114865278
RHAMCAT-PWY: L-rhamnose degradation I|g__Escherichia.s__Escherichia_coli	301.4489916276
RHAMCAT-PWY: L-rhamnose degradation I|unclassified	45.6314817832
METSYN-PWY: superpathway of L-homoserine and L-methionine biosynthesis	347.3106317779
METSYN-PWY: superpathway of L-homoserine and L-methionine biosynthesis|g__Escherichia.s__Escherichia_coli	295.7251536073
METSYN-PWY: superpathway of L-homoserine and L-methionine biosynthesis|unclassified	45.0241551607
PWY-5347: superpathway of L-methionine biosynthesis (transsulfuration)	346.2584719776
PWY-5347: superpathway of L-methionine biosynthesis (transsulfuration)|g__Escherichia.s__Escherichia_coli	298.9544468899
PWY-5347: superpathway of L-methionine biosynthesis (transsulfuration)|unclassified	41.5728895013
PWY-6606: guanosine nucleotides degradation II	340.2617246412
PWY-6606: guanosine nucleotides degradation II|g__Escherichia.s__Escherichia_coli	302.6058045166
PWY-6606: guanosine nucleotides degradation II|unclassified	31.9404843889
MET-SAM-PWY: superpathway of S-adenosyl-L-methionine biosynthesis	337.9962021560
MET-SAM-PWY: superpathway of S-adenosyl-L-methionine biosynthesis|g__Escherichia.s__Escherichia_coli	288.0595532178
MET-SAM-PWY: superpathway of S-adenosyl-L-methionine biosynthesis|unclassified	41.2131244336
PWY-5667: CDP-diacylglycerol biosynthesis I	337.8228851408
PWY-5667: CDP-diacylglycerol biosynthesis I|g__Escherichia.s__Escherichia_coli	290.2163573789
PWY-5667: CDP-diacylglycerol biosynthesis I|unclassified	52.8273775584
PWY0-1319: CDP-diacylglycerol biosynthesis II	337.8228851408
PWY0-1319: CDP-diacylglycerol biosynthesis II|g__Escherichia.s__Escherichia_coli	290.2163573789
PWY0-1319: CDP-diacylglycerol biosynthesis II|unclassified	52.8273775584
PWY-5103: L-isoleucine biosynthesis III	333.3959168470
PWY-5103: L-isoleucine biosynthesis III|g__Escherichia.s__Escherichia_coli	247.8290368575
PWY-5103: L-isoleucine biosynthesis III|unclassified	20.8620549777
P161-PWY: acetylene degradation (anaerobic)	332.3724979319
P161-PWY: acetylene degradation (anaerobic)|g__Escherichia.s__Escherichia_coli	289.4688398438
PWY-3001: superpathway of L-isoleucine biosynthesis I	330.5919109205
PWY-3001: superpathway of L-isoleucine biosynthesis I|g__Escherichia.s__Escherichia_coli	291.4985769296
ASPASN-PWY: superpathway of L-aspartate and L-asparagine biosynthesis	327.1080948984
ASPASN-PWY: superpathway of L-aspartate and L-asparagine biosynthesis|g__Escherichia.s__Escherichia_coli	291.5609877378
ASPASN-PWY: superpathway of L-aspartate and L-asparagine biosynthesis|unclassified	29.1518723483
PWY-7388: octanoyl-[acyl-carrier protein] biosynthesis (mitochondria, yeast)	324.6182312154
PWY-7388: octanoyl-[acyl-carrier protein] biosynthesis (mitochondria, yeast)|g__Escherichia.s__Escherichia_coli	303.1385453394
FERMENTATION-PWY: mixed acid fermentation	320.7272121742
FERMENTATION-PWY: mixed acid fermentation|g__Escherichia.s__Escherichia_coli	289.2303966114
ARGSYNBSUB-PWY: L-arginine biosynthesis II (acetyl cycle)	317.4125949336
ARGSYNBSUB-PWY: L-arginine biosynthesis II (acetyl cycle)|g__Escherichia.s__Escherichia_coli	278.6677235129
ARGSYNBSUB-PWY: L-arginine biosynthesis II (acetyl cycle)|unclassified	27.2591973416
PWY-6305: superpathway of putrescine biosynthesis	316.2562330279
PWY-6305: superpathway of putrescine biosynthesis|g__Escherichia.s__Escherichia_coli	277.0909951020
PWY0-1297: superpathway of purine deoxyribonucleosides degradation	314.3843023151
PWY0-1297: superpathway of purine deoxyribonucleosides degradation|g__Escherichia.s__Escherichia_coli	302.3879802691
ARGSYN-PWY: L-arginine biosynthesis I (via L-ornithine)	312.5135353507
ARGSYN-PWY: L-arginine biosynthesis I (via L-ornithine)|g__Escherichia.s__Escherichia_coli	282.1224325700
ARGSYN-PWY: L-arginine biosynthesis I (via L-ornithine)|unclassified	26.1548907810
PWY-7400: L-arginine biosynthesis IV (archaebacteria)	310.0962303522
PWY-7400: L-arginine biosynthesis IV (archaebacteria)|g__Escherichia.s__Escherichia_coli	279.5725890876
PWY-7400: L-arginine biosynthesis IV (archaebacteria)|unclassified	25.9429788824
THRESYN-PWY: superpathway of L-threonine biosynthesis	309.9548759691
THRESYN-PWY: superpathway of L-threonine biosynthesis|g__Escherichia.s__Escherichia_coli	283.5513534809
P441-PWY: superpathway of N-acetylneuraminate degradation	307.5147315307
P441-PWY: superpathway of N-acetylneuraminate degradation|g__Escherichia.s__Escherichia_coli	276.5891405044
GALACTARDEG-PWY: D-galactarate degradation I	307.2726077126
GALACTARDEG-PWY: D-galactarate degradation I|g__Escherichia.s__Escherichia_coli	250.0835907936
GALACTARDEG-PWY: D-galactarate degradation I|unclassified	53.9280718445
GLUCARGALACTSUPER-PWY: superpathway of D-glucarate and D-galactarate degradation	307.2726077126
GLUCARGALACTSUPER-PWY: superpathway of D-glucarate and D-galactarate degradation|g__Escherichia.s__Escherichia_coli	250.0835907936
GLUCARGALACTSUPER-PWY: superpathway of D-glucarate and D-galactarate degradation|unclassified	53.9280718445
PWY-5154: L-arginine biosynthesis III (via N-acetyl-L-citrulline)	306.9948204071
PWY-5154: L-arginine biosynthesis III (via N-acetyl-L-citrulline)|g__Escherichia.s__Escherichia_coli	274.7280805251
PWY-5154: L-arginine biosynthesis III (via N-acetyl-L-citrulline)|unclassified	20.7651595612
PWY-6385: peptidoglycan biosynthesis III (mycobacteria)	305.5092006151
PWY-6385: peptidoglycan biosynthesis III (mycobacteria)|g__Escherichia.s__Escherichia_coli	280.3716545665
PWY-5173	305.1732034709
PWY-5173|g__Escherichia.s__Escherichia_coli	231.5842448370
PWY-5173|unclassified	61.8641680887
ANAEROFRUCAT-PWY: homolactic fermentation	305.1293657751
ANAEROFRUCAT-PWY: homolactic fermentation|g__Escherichia.s__Escherichia_coli	245.3023260744
GLUCONEO-PWY: gluconeogenesis I	301.8780583843
GLUCONEO-PWY: gluconeogenesis I|g__Escherichia.s__Escherichia_coli	247.6910232332
PWY-6387: UDP-N-acetylmuramoyl-pentapeptide biosynthesis I (meso-diaminopimelate containing)	297.6066026367
PWY-6387: UDP-N-acetylmuramoyl-pentapeptide biosynthesis I (meso-diaminopimelate containing)|g__Escherichia.s__Escherichia_coli	283.7044794565
GLYCOGENSYNTH-PWY: glycogen biosynthesis I (from ADP-D-Glucose)	297.5502901754
GLYCOGENSYNTH-PWY: glycogen biosynthesis I (from ADP-D-Glucose)|g__Escherichia.s__Escherichia_coli	206.2573306381
GLYCOGENSYNTH-PWY: glycogen biosynthesis I (from ADP-D-Glucose)|unclassified	12.5250983623
GLYCOLYSIS-E-D: superpathway of glycolysis and the Entner-Doudoroff pathway	295.7675340581
GLYCOLYSIS-E-D: superpathway of glycolysis and the Entner-Doudoroff pathway|g__Escherichia.s__Escherichia_coli	206.9186633944
GLYOXYLATE-BYPASS: glyoxylate cycle	295.2801774730
GLYOXYLATE-BYPASS: glyoxylate cycle|g__Escherichia.s__Escherichia_coli	279.2184095962
GLYCOCAT-PWY: glycogen degradation I	293.8008605717
GLYCOCAT-PWY: glycogen degradation I|g__Escherichia.s__Escherichia_coli	210.1780750243
GLYCOCAT-PWY: glycogen degradation I|unclassified	60.1228538233
PHOSLIPSYN-PWY: superpathway of phospholipid biosynthesis I (bacteria)	291.2281099041
PHOSLIPSYN-PWY: superpathway of phospholipid biosynthesis I (bacteria)|g__Escherichia.s__Escherichia_coli	243.9195514681
PHOSLIPSYN-PWY: superpathway of phospholipid biosynthesis I (bacteria)|unclassified	42.1619463864
PWY-6609: adenine and adenosine salvage III	289.6467343340
PWY-6609: adenine and adenosine salvage III|g__Escherichia.s__Escherichia_coli	285.0375417547
PWY-5104: L-isoleucine biosynthesis IV	289.0458808186
PWY-5104: L-isoleucine biosynthesis IV|g__Escherichia.s__Escherichia_coli	207.4287483318
PWY-5104: L-isoleucine biosynthesis IV|unclassified	74.7819018062
FASYN-ELONG-PWY: fatty acid elongation -- saturated	288.6301873452
FASYN-ELONG-PWY: fatty acid elongation -- saturated|g__Escherichia.s__Escherichia_coli	282.1257650852
GLUCARDEG-PWY: D-glucarate degradation I	286.7894027877
GLUCARDEG-PWY: D-glucarate degradation I|g__Escherichia.s__Escherichia_coli	242.3954009725
GLUCARDEG-PWY: D-glucarate degradation I|unclassified	38.4385655252
PEPTIDOGLYCANSYN-PWY: peptidoglycan biosynthesis I (meso-diaminopimelate containing)	285.6469329090
PEPTIDOGLYCANSYN-PWY: peptidoglycan biosynthesis I (meso-diaminopimelate containing)|g__Escherichia.s__Escherichia_coli	259.8390852491
TRNA-CHARGING-PWY: tRNA charging	285.0474004676
TRNA-CHARGING-PWY: tRNA charging|g__Escherichia.s__Escherichia_coli	213.8290146196
TRNA-CHARGING-PWY: tRNA charging|unclassified	48.3517678530
ARG+POLYAMINE-SYN: superpathway of arginine and polyamine biosynthesis	283.4120178732
ARG+POLYAMINE-SYN: superpathway of arginine and polyamine biosynthesis|g__Escherichia.s__Escherichia_coli	260.8363349446
ARG+POLYAMINE-SYN: superpathway of arginine and polyamine biosynthesis|unclassified	25.5383327046
PWY-5971: palmitate biosynthesis (type II fatty acid synthase)	278.8030735284
PWY-5971: palmitate biosynthesis (type II fatty acid synthase)|g__Escherichia.s__Escherichia_coli	272.9070324804
GLUTORN-PWY: L-ornithine biosynthesis I	276.9100541744
GLUTORN-PWY: L-ornithine biosynthesis I|g__Escherichia.s__Escherichia_coli	242.6693457873
GLUTORN-PWY: L-ornithine biosynthesis I|unclassified	35.1437489414
PWY-5659: GDP-mannose biosynthesis	274.4074215792
PWY-5659: GDP-mannose biosynthesis|g__Escherichia.s__Escherichia_coli	168.0222655327
PWY-5659: GDP-mannose biosynthesis|unclassified	65.2488467690
PWY-1269: CMP-3-deoxy-D-manno-octulosonate biosynthesis	272.5652081929
PWY-1269: CMP-3-deoxy-D-manno-octulosonate biosynthesis|g__Escherichia.s__Escherichia_coli	238.2158650649
PWY-1269: CMP-3-deoxy-D-manno-octulosonate biosynthesis|unclassified	16.9736218636
FUCCAT-PWY: fucose degradation	270.7481455843
FUCCAT-PWY: fucose degradation|g__Escherichia.s__Escherichia_coli	196.4875646751
FUCCAT-PWY: fucose degradation|unclassified	26.6185895314
PWY-7664: oleate biosynthesis IV (anaerobic)	270.5601707714
PWY-7664: oleate biosynthesis IV (anaerobic)|g__Escherichia.s__Escherichia_coli	265.6393926878
PWY-6386: UDP-N-acetylmuramoyl-pentapeptide biosynthesis II (lysine-containing)	264.7753983298
PWY-6386: UDP-N-acetylmuramoyl-pentapeptide biosynthesis II (lysine-containing)|g__Escherichia.s__Escherichia_coli	235.6679935191
POLYAMSYN-PWY: superpathway of polyamine biosynthesis I	259.5285357652
POLYAMSYN-PWY: superpathway of polyamine biosynthesis I|g__Escherichia.s__Escherichia_coli	243.1982501064
POLYAMSYN-PWY: superpathway of polyamine biosynthesis I|unclassified	27.5739859967
PANTO-PWY: phosphopantothenate biosynthesis I	254.6187123399
PANTO-PWY: phosphopantothenate biosynthesis I|g__Escherichia.s__Escherichia_coli	211.1910067468
PWY-6282: palmitoleate biosynthesis I (from (5Z)-dodec-5-enoate)	253.6991701195
PWY-6282: palmitoleate biosynthesis I (from (5Z)-dodec-5-enoate)|g__Escherichia.s__Escherichia_coli	249.2100999922
PWY-6519: 8-amino-7-oxononanoate biosynthesis I	253.4288438505
PWY-6519: 8-amino-7-oxononanoate biosynthesis I|g__Escherichia.s__Escherichia_coli	246.1684736185
FASYN-INITIAL-PWY: superpathway of fatty acid biosynthesis initiation (E. coli)	253.1276818212
FASYN-INITIAL-PWY: superpathway of fatty acid biosynthesis initiation (E. coli)|g__Escherichia.s__Escherichia_coli	228.9164699413
FASYN-INITIAL-PWY: superpathway of fatty acid biosynthesis initiation (E. coli)|unclassified	13.3099426426
ARGDEG-PWY: superpathway of L-arginine, putrescine, and 4-aminobutanoate degradation	250.9137775220
ARGDEG-PWY: superpathway of L-arginine, putrescine, and 4-aminobutanoate degradation|g__Escherichia.s__Escherichia_coli	230.4895615101
ARGDEG-PWY: superpathway of L-arginine, putrescine, and 4-aminobutanoate degradation|unclassified	15.7666920333
ORNARGDEG-PWY: superpathway of L-arginine and L-ornithine degradation	250.9137775220
ORNARGDEG-PWY: superpathway of L-arginine and L-ornithine degradation|g__Escherichia.s__Escherichia_coli	230.4895615101
ORNARGDEG-PWY: superpathway of L-arginine and L-ornithine degradation|unclassified	15.7666920333
PWY-6700: queuosine biosynthesis I (de novo)	250.7349845458
PWY-6700: queuosine biosynthesis I (de novo)|g__Escherichia.s__Escherichia_coli	213.9825875426
PWY-6700: queuosine biosynthesis I (de novo)|unclassified	10.5685257537
PWY0-1298: superpathway of pyrimidine deoxyribonucleosides degradation	249.7271987614
PWY0-1298: superpathway of pyrimidine deoxyribonucleosides degradation|g__Escherichia.s__Escherichia_coli	241.7377118437
PWY0-862: (5Z)-dodecenoate biosynthesis I	249.7152343710
PWY0-862: (5Z)-dodecenoate biosynthesis I|g__Escherichia.s__Escherichia_coli	246.4381624914
PWY-6151: S-adenosyl-L-methionine salvage I	246.9308867510
PWY-6151: S-adenosyl-L-methionine salvage I|g__Escherichia.s__Escherichia_coli	225.0654668123
PWY-6151: S-adenosyl-L-methionine salvage I|unclassified	16.4566794488
PWY-6122: 5-aminoimidazole ribonucleotide biosynthesis II	246.2933479485
PWY-6122: 5-aminoimidazole ribonucleotide biosynthesis II|g__Escherichia.s__Escherichia_coli	156.1050271547
PWY-6122: 5-aminoimidazole ribonucleotide biosynthesis II|unclassified	55.7672380005
PWY-6277: superpathway of 5-aminoimidazole ribonucleotide biosynthesis	246.2933479485
PWY-6277: superpathway of 5-aminoimidazole ribonucleotide biosynthesis|g__Escherichia.s__Escherichia_coli	156.1050271547
PWY-6277: superpathway of 5-aminoimidazole ribonucleotide biosynthesis|unclassified	55.7672380005
GLUCOSE1PMETAB-PWY: glucose and glucose-1-phosphate degradation	245.7022350610
GLUCOSE1PMETAB-PWY: glucose and glucose-1-phosphate degradation|g__Escherichia.s__Escherichia_coli	208.7359210688
GLUCOSE1PMETAB-PWY: glucose and glucose-1-phosphate degradation|unclassified	46.7111431616
PWY-7221: guanosine ribonucleotides de novo biosynthesis	244.4105497813
PWY-7221: guanosine ribonucleotides de novo biosynthesis|g__Escherichia.s__Escherichia_coli	228.2583723322
PWY-7221: guanosine ribonucleotides de novo biosynthesis|unclassified	14.1511904786
FUC-RHAMCAT-PWY: superpathway of fucose and rhamnose degradation	243.6010216087
FUC-RHAMCAT-PWY: superpathway of fucose and rhamnose degradation|g__Escherichia.s__Escherichia_coli	205.5019945923
FUC-RHAMCAT-PWY: superpathway of fucose and rhamnose degradation|unclassified	35.8153150255
PWY4LZ-257: superpathway of fermentation (Chlamydomonas reinhardtii)	241.6028715505
PWY4LZ-257: superpathway of fermentation (Chlamydomonas reinhardtii)|g__Escherichia.s__Escherichia_coli	139.9534191790
COMPLETE-ARO-PWY: superpathway of aromatic amino acid biosynthesis	240.6625070997
COMPLETE-ARO-PWY: superpathway of aromatic amino acid biosynthesis|g__Escherichia.s__Escherichia_coli	223.7732582332
PWY-6285: superpathway of fatty acids biosynthesis (E. coli)	239.9404017887
PWY-6285: superpathway of fatty acids biosynthesis (E. coli)|g__Escherichia.s__Escherichia_coli	234.1362373790
PWY4FS-7: phosphatidylglycerol biosynthesis I (plastidic)	238.1404742465
PWY4FS-7: phosphatidylglycerol biosynthesis I (plastidic)|g__Escherichia.s__Escherichia_coli	194.1636296763
PWY4FS-7: phosphatidylglycerol biosynthesis I (plastidic)|unclassified	38.5711981393
PWY4FS-8: phosphatidylglycerol biosynthesis II (non-plastidic)	238.1404742465
PWY4FS-8: phosphatidylglycerol biosynthesis II (non-plastidic)|g__Escherichia.s__Escherichia_coli	194.1636296763
PWY4FS-8: phosphatidylglycerol biosynthesis II (non-plastidic)|unclassified	38.5711981393
KETOGLUCONMET-PWY: ketogluconate metabolism	237.5565746465
KETOGLUCONMET-PWY: ketogluconate metabolism|g__Escherichia.s__Escherichia_coli	220.4308744716
KETOGLUCONMET-PWY: ketogluconate metabolism|unclassified	9.4470215815
GLCMANNANAUT-PWY: superpathway of N-acetylglucosamine, N-acetylmannosamine and N-acetylneuraminate degradation	236.7569142989
GLCMANNANAUT-PWY: superpathway of N-acetylglucosamine, N-acetylmannosamine and N-acetylneuraminate degradation|g__Escherichia.s__Escherichia_coli	217.6196636176
PWY-5989: stearate biosynthesis II (bacteria and plants)	236.4280664083
PWY-5989: stearate biosynthesis II (bacteria and plants)|g__Escherichia.s__Escherichia_coli	228.8034666258
SO4ASSIM-PWY: assimilatory sulfate reduction I	234.6204606885
SO4ASSIM-PWY: assimilatory sulfate reduction I|g__Escherichia.s__Escherichia_coli	214.6259909634
ARO-PWY: chorismate biosynthesis I	232.9973864872
ARO-PWY: chorismate biosynthesis I|g__Escherichia.s__Escherichia_coli	222.5879635505
PWY-6123: inosine-5'-phosphate biosynthesis I	232.8799750514
PWY-6123: inosine-5'-phosphate biosynthesis I|g__Escherichia.s__Escherichia_coli	205.2348156274
PWY-6123: inosine-5'-phosphate biosynthesis I|unclassified	18.6300007300
PWY-5656: mannosylglycerate biosynthesis I	231.0661793267
PWY-5656: mannosylglycerate biosynthesis I|g__Escherichia.s__Escherichia_coli	137.7650915924
PWY-5656: mannosylglycerate biosynthesis I|unclassified	10.9552462385
PWY-6121: 5-aminoimidazole ribonucleotide biosynthesis I	229.6735120280
PWY-6121: 5-aminoimidazole ribonucleotide biosynthesis I|g__Escherichia.s__Escherichia_coli	157.8944040637
PWY-6121: 5-aminoimidazole ribonucleotide biosynthesis I|unclassified	45.2985108085
PWY-4702: phytate degradation I	229.6688195052
PWY-4702: phytate degradation I|g__Escherichia.s__Escherichia_coli	212.8669988628
PWY-4702: phytate degradation I|unclassified	9.6153846154
HEMESYN2-PWY: heme b biosynthesis II (oxygen-independent)	229.4781384880
HEMESYN2-PWY: heme b biosynthesis II (oxygen-independent)|g__Escherichia.s__Escherichia_coli	221.2406805427
BIOTIN-BIOSYNTHESIS-PWY: biotin biosynthesis I	228.9140566746
BIOTIN-BIOSYNTHESIS-PWY: biotin biosynthesis I|g__Escherichia.s__Escherichia_coli	221.1103706051
PWY-5188: tetrapyrrole biosynthesis I (from glutamate)	226.1362616024
PWY-5188: tetrapyrrole biosynthesis I (from glutamate)|g__Escherichia.s__Escherichia_coli	204.7644853526
PWY-5188: tetrapyrrole biosynthesis I (from glutamate)|unclassified	10.7750742505
PWY-2942: L-lysine biosynthesis III	222.2174044971
PWY-2942: L-lysine biosynthesis III|g__Escherichia.s__Escherichia_coli	204.9256215665
PYRIDOXSYN-PWY: pyridoxal 5'-phosphate biosynthesis I	221.9199387547
PYRIDOXSYN-PWY: pyridoxal 5'-phosphate biosynthesis I|g__Escherichia.s__Escherichia_coli	173.3079567839
PYRIDOXSYN-PWY: pyridoxal 5'-phosphate biosynthesis I|unclassified	45.2073935012
PWY-724: superpathway of L-lysine, L-threonine and L-methionine biosynthesis II	220.8247592952
PWY-724: superpathway of L-lysine, L-threonine and L-methionine biosynthesis II|g__Escherichia.s__Escherichia_coli	184.8769459248
PWY-6803: phosphatidylcholine acyl editing	220.7292710691
PWY-6803: phosphatidylcholine acyl editing|g__Escherichia.s__Escherichia_coli	208.6148579126
PWY-7228: superpathway of guanosine nucleotides de novo biosynthesis I	220.1845352281
PWY-7228: superpathway of guanosine nucleotides de novo biosynthesis I|g__Escherichia.s__Escherichia_coli	189.5856439942
PWY-7228: superpathway of guanosine nucleotides de novo biosynthesis I|unclassified	14.7719893915
SULFATE-CYS-PWY: superpathway of sulfate assimilation and cysteine biosynthesis	220.0085025610
SULFATE-CYS-PWY: superpathway of sulfate assimilation and cysteine biosynthesis|g__Escherichia.s__Escherichia_coli	192.3190755349
COLANSYN-PWY: colanic acid building blocks biosynthesis	215.1517995038
COLANSYN-PWY: colanic acid building blocks biosynthesis|g__Escherichia.s__Escherichia_coli	132.9030859872
COLANSYN-PWY: colanic acid building blocks biosynthesis|unclassified	53.0757910405
1CMET2-PWY: folate transformations III (E. coli)	213.9383118826
1CMET2-PWY: folate transformations III (E. coli)|g__Escherichia.s__Escherichia_coli	196.6460053473
NAGLIPASYN-PWY: lipid IVA biosynthesis (E. coli)	213.3164430518
NAGLIPASYN-PWY: lipid IVA biosynthesis (E. coli)|g__Escherichia.s__Escherichia_coli	196.6837169463
PWY-3841: folate transformations II (plants)	212.4519381411
PWY-3841: folate transformations II (plants)|g__Escherichia.s__Escherichia_coli	202.3807354717
PWY-6284: superpathway of unsaturated fatty acids biosynthesis (E. coli)	210.5253137905
PWY-6284: superpathway of unsaturated fatty acids biosynthesis (E. coli)|g__Escherichia.s__Escherichia_coli	207.7151153225
PWY-5838: superpathway of menaquinol-8 biosynthesis I	209.7736681368
PWY-5838: superpathway of menaquinol-8 biosynthesis I|g__Escherichia.s__Escherichia_coli	184.9930036426
PWY-5097: L-lysine biosynthesis VI	209.5651148008
PWY-5097: L-lysine biosynthesis VI|g__Escherichia.s__Escherichia_coli	167.8142755542
PWY-5973: cis-vaccenate biosynthesis	209.3790509024
PWY-5973: cis-vaccenate biosynthesis|g__Escherichia.s__Escherichia_coli	206.5528811638
PWY-5861: superpathway of demethylmenaquinol-8 biosynthesis I	207.8701080058
PWY-5861: superpathway of demethylmenaquinol-8 biosynthesis I|g__Escherichia.s__Escherichia_coli	173.3538661094
PWY-5897: superpathway of menaquinol-11 biosynthesis	207.6680503416
PWY-5897: superpathway of menaquinol-11 biosynthesis|g__Escherichia.s__Escherichia_coli	181.5451407036
PWY-5898: superpathway of menaquinol-12 biosynthesis	207.6680503416
PWY-5898: superpathway of menaquinol-12 biosynthesis|g__Escherichia.s__Escherichia_coli	181.5451407036
PWY-5899: superpathway of menaquinol-13 biosynthesis	207.6680503416
PWY-5899: superpathway of menaquinol-13 biosynthesis|g__Escherichia.s__Escherichia_coli	181.5451407036
P4-PWY: superpathway of L-lysine, L-threonine and L-methionine biosynthesis I	206.0429895180
P4-PWY: superpathway of L-lysine, L-threonine and L-methionine biosynthesis I|g__Escherichia.s__Escherichia_coli	183.5434624408
PWY-7282: 4-amino-2-methyl-5-diphosphomethylpyrimidine biosynthesis II	205.0927129796
PWY-7282: 4-amino-2-methyl-5-diphosphomethylpyrimidine biosynthesis II|g__Escherichia.s__Escherichia_coli	153.7118032646
PWY-5189: tetrapyrrole biosynthesis II (from glycine)	203.5420933648
PWY-5189: tetrapyrrole biosynthesis II (from glycine)|g__Escherichia.s__Escherichia_coli	193.3082951736
PWY-6901: superpathway of glucose and xylose degradation	202.4224419031
PWY-6901: superpathway of glucose and xylose degradation|g__Escherichia.s__Escherichia_coli	168.7255199238
PWY0-845: superpathway of pyridoxal 5'-phosphate biosynthesis and salvage	200.9813962868
PWY0-845: superpathway of pyridoxal 5'-phosphate biosynthesis and salvage|g__Escherichia.s__Escherichia_coli	135.1521001574
PWY0-845: superpathway of pyridoxal 5'-phosphate biosynthesis and salvage|unclassified	57.2448652763
PWY-6125: superpathway of guanosine nucleotides de novo biosynthesis II	200.5982720845
PWY-6125: superpathway of guanosine nucleotides de novo biosynthesis II|g__Escherichia.s__Escherichia_coli	171.2984166947
PWY66-409: superpathway of purine nucleotide salvage	199.8612922658
PWY66-409: superpathway of purine nucleotide salvage|g__Escherichia.s__Escherichia_coli	171.0902103727
PWY0-1277: 3-phenylpropanoate and 3-(3-hydroxyphenyl)propanoate degradation	199.2577239401
PWY0-1277: 3-phenylpropanoate and 3-(3-hydroxyphenyl)propanoate degradation|g__Escherichia.s__Escherichia_coli	183.6970660499
PWY-6163: chorismate biosynthesis from 3-dehydroquinate	197.8477209858
PWY-6163: chorismate biosynthesis from 3-dehydroquinate|g__Escherichia.s__Escherichia_coli	192.1129621979
P105-PWY: TCA cycle IV (2-oxoglutarate decarboxylase)	197.5321880022
P105-PWY: TCA cycle IV (2-oxoglutarate decarboxylase)|g__Escherichia.s__Escherichia_coli	192.1691372202
PWY-6969: TCA cycle V (2-oxoglutarate synthase)	197.5321880022
PWY-6969: TCA cycle V (2-oxoglutarate synthase)|g__Escherichia.s__Escherichia_coli	192.1691372202
SER-GLYSYN-PWY: superpathway of L-serine and glycine biosynthesis I	195.8014521903
SER-GLYSYN-PWY: superpathway of L-serine and glycine biosynthesis I|g__Escherichia.s__Escherichia_coli	189.5379946229
SER-GLYSYN-PWY: superpathway of L-serine and glycine biosynthesis I|unclassified	16.6096613942
PYRIDNUCSYN-PWY: NAD de novo biosynthesis I (from aspartate)	195.1387371396
PYRIDNUCSYN-PWY: NAD de novo biosynthesis I (from aspartate)|g__Escherichia.s__Escherichia_coli	173.0528763126
PWY-841: superpathway of purine nucleotides de novo biosynthesis I	193.7831193814
PWY-841: superpathway of purine nucleotides de novo biosynthesis I|g__Escherichia.s__Escherichia_coli	153.0872626384
PWY-7229: superpathway of adenosine nucleotides de novo biosynthesis I	193.3726557234
PWY-7229: superpathway of adenosine nucleotides de novo biosynthesis I|g__Escherichia.s__Escherichia_coli	143.0422521917
PWY-7229: superpathway of adenosine nucleotides de novo biosynthesis I|unclassified	26.1664072644
PWY-5840: superpathway of menaquinol-7 biosynthesis	192.2824601015
PWY-5840: superpathway of menaquinol-7 biosynthesis|g__Escherichia.s__Escherichia_coli	144.0018940269
PWY-5845: superpathway of menaquinol-9 biosynthesis	192.2824601015
PWY-5845: superpathway of menaquinol-9 biosynthesis|g__Escherichia.s__Escherichia_coli	144.0018940269
PWY-5850: superpathway of menaquinol-6 biosynthesis	192.2824601015
PWY-5850: superpathway of menaquinol-6 biosynthesis|g__Escherichia.s__Escherichia_coli	144.0018940269
PWY-5896: superpathway of menaquinol-10 biosynthesis	192.2824601015
PWY-5896: superpathway of menaquinol-10 biosynthesis|g__Escherichia.s__Escherichia_coli	144.0018940269
PWY-5918: superpathway of heme b biosynthesis from glutamate	191.9314943401
PWY-5918: superpathway of heme b biosynthesis from glutamate|g__Escherichia.s__Escherichia_coli	149.8669440101
PWY-7220: adenosine deoxyribonucleotides de novo biosynthesis II	189.4776598179
PWY-7220: adenosine deoxyribonucleotides de novo biosynthesis II|g__Escherichia.s__Escherichia_coli	157.2903999649
PWY-7220: adenosine deoxyribonucleotides de novo biosynthesis II|unclassified	12.3197010294
PWY-7222: guanosine deoxyribonucleotides de novo biosynthesis II	189.4776598179
PWY-7222: guanosine deoxyribonucleotides de novo biosynthesis II|g__Escherichia.s__Escherichia_coli	157.2903999649
PWY-7222: guanosine deoxyribonucleotides de novo biosynthesis II|unclassified	12.3197010294
PWY-7560: methylerythritol phosphate pathway II	189.1799969121
PWY-7560: methylerythritol phosphate pathway II|g__Escherichia.s__Escherichia_coli	146.1515781291
PWY-7560: methylerythritol phosphate pathway II|unclassified	38.2496751696
PWY-5384: sucrose degradation IV (sucrose phosphorylase)	189.1236172888
PWY-5384: sucrose degradation IV (sucrose phosphorylase)|g__Escherichia.s__Escherichia_coli	121.0842101460
PWY-5384: sucrose degradation IV (sucrose phosphorylase)|unclassified	57.5756979841
PWY-6731: starch degradation III	188.1899024155
PWY-6731: starch degradation III|g__Escherichia.s__Escherichia_coli	149.6543371434
PWY-6731: starch degradation III|unclassified	13.1159696895
PWY0-781: aspartate superpathway	186.7201792572
PWY0-781: aspartate superpathway|g__Escherichia.s__Escherichia_coli	171.4418648701
PWY-7219: adenosine ribonucleotides de novo biosynthesis	183.5854712414
PWY-7219: adenosine ribonucleotides de novo biosynthesis|g__Escherichia.s__Escherichia_coli	136.5970098309
PWY-7219: adenosine ribonucleotides de novo biosynthesis|unclassified	40.0049458157
PWY-5860: superpathway of demethylmenaquinol-6 biosynthesis I	183.1114065929
PWY-5860: superpathway of demethylmenaquinol-6 biosynthesis I|g__Escherichia.s__Escherichia_coli	123.8135206938
PWY-5862: superpathway of demethylmenaquinol-9 biosynthesis	183.1114065929
PWY-5862: superpathway of demethylmenaquinol-9 biosynthesis|g__Escherichia.s__Escherichia_coli	123.8135206938
PWY-6126: superpathway of adenosine nucleotides de novo biosynthesis II	181.0005466429
PWY-6126: superpathway of adenosine nucleotides de novo biosynthesis II|g__Escherichia.s__Escherichia_coli	136.8201856353
PWY-6126: superpathway of adenosine nucleotides de novo biosynthesis II|unclassified	20.0399862868
PWY-7323: superpathway of GDP-mannose-derived O-antigen building blocks biosynthesis	180.4799177752
PWY-7323: superpathway of GDP-mannose-derived O-antigen building blocks biosynthesis|g__Escherichia.s__Escherichia_coli	102.4458498368
PWY0-1479: tRNA processing	180.3317165566
PWY0-1479: tRNA processing|g__Escherichia.s__Escherichia_coli	163.6553976245
PWY-6531: mannitol cycle	179.4227070243
PWY-6531: mannitol cycle|g__Escherichia.s__Escherichia_coli	135.9037957302
PWY-6531: mannitol cycle|unclassified	14.9075462140
NONMEVIPP-PWY: methylerythritol phosphate pathway I	179.0003841936
NONMEVIPP-PWY: methylerythritol phosphate pathway I|g__Escherichia.s__Escherichia_coli	95.9539958701
NONMEVIPP-PWY: methylerythritol phosphate pathway I|unclassified	28.2096037981
GALACTUROCAT-PWY: D-galacturonate degradation I	177.7373442579
GALACTUROCAT-PWY: D-galacturonate degradation I|g__Escherichia.s__Escherichia_coli	131.1231962299
GALACTUROCAT-PWY: D-galacturonate degradation I|unclassified	42.8617041205
AST-PWY: L-arginine degradation II (AST pathway)	174.3092190047
AST-PWY: L-arginine degradation II (AST pathway)|g__Escherichia.s__Escherichia_coli	147.8038590712
AST-PWY: L-arginine degradation II (AST pathway)|unclassified	32.1154445255
PWY-2723: trehalose degradation V	174.2861260048
PWY-2723: trehalose degradation V|g__Escherichia.s__Escherichia_coli	139.7210492076
PWY-2723: trehalose degradation V|unclassified	30.4542881989
PANTOSYN-PWY: superpathway of coenzyme A biosynthesis I (bacteria)	173.3823472578
PANTOSYN-PWY: superpathway of coenzyme A biosynthesis I (bacteria)|g__Escherichia.s__Escherichia_coli	134.6987707637
PWY66-389: phytol degradation	172.5477399959
PWY66-389: phytol degradation|g__Escherichia.s__Escherichia_coli	156.6020468552
PWY66-389: phytol degradation|unclassified	15.3961508698
PWY-5083: NAD(P)/NADPH interconversion	172.1645884221
PWY-5083: NAD(P)/NADPH interconversion|g__Escherichia.s__Escherichia_coli	163.9742354146
PWY-7204: pyridoxal 5'-phosphate salvage II (plants)	170.1422449732
PWY-7204: pyridoxal 5'-phosphate salvage II (plants)|g__Escherichia.s__Escherichia_coli	128.4735716989
PWY-7204: pyridoxal 5'-phosphate salvage II (plants)|unclassified	17.2836638786
PWY-6897: thiamine diphosphate salvage II	169.4679577865
PWY-6897: thiamine diphosphate salvage II|g__Escherichia.s__Escherichia_coli	167.5555396381
DAPLYSINESYN-PWY: L-lysine biosynthesis I	167.5096155928
DAPLYSINESYN-PWY: L-lysine biosynthesis I|g__Escherichia.s__Escherichia_coli	147.8184517519
PWY-7199: pyrimidine deoxyribonucleosides salvage	166.4010986375
PWY-7199: pyrimidine deoxyribonucleosides salvage|g__Escherichia.s__Escherichia_coli	144.1238226809
PWY-5686: UMP biosynthesis I	164.7088282943
PWY-5686: UMP biosynthesis I|g__Escherichia.s__Escherichia_coli	137.2010805415
PWY-5686: UMP biosynthesis I|unclassified	15.7402455673
METHGLYUT-PWY: superpathway of methylglyoxal degradation	162.9359009491
METHGLYUT-PWY: superpathway of methylglyoxal degradation|g__Escherichia.s__Escherichia_coli	118.8769605065
PWY0-42: 2-methylcitrate cycle I	162.4361233808
PWY0-42: 2-methylcitrate cycle I|g__Escherichia.s__Escherichia_coli	107.7505617225
PWY0-42: 2-methylcitrate cycle I|unclassified	38.8866356884
PWY-7357: thiamine phosphate formation from pyrithiamine and oxythiamine (yeast)	160.6254169002
PWY-7357: thiamine phosphate formation from pyrithiamine and oxythiamine (yeast)|g__Escherichia.s__Escherichia_coli	156.8085845005
PWY0-162: superpathway of pyrimidine ribonucleotides de novo biosynthesis	160.0547222007
PWY0-162: superpathway of pyrimidine ribonucleotides de novo biosynthesis|g__Escherichia.s__Escherichia_coli	126.3722098661
HEME-BIOSYNTHESIS-II: heme b biosynthesis I (aerobic)	158.4395533508
HEME-BIOSYNTHESIS-II: heme b biosynthesis I (aerobic)|g__Escherichia.s__Escherichia_coli	110.3875382223
COA-PWY-1: superpathway of coenzyme A biosynthesis III (mammals)	157.8741215140
COA-PWY-1: superpathway of coenzyme A biosynthesis III (mammals)|g__Escherichia.s__Escherichia_coli	124.4995590208
COA-PWY-1: superpathway of coenzyme A biosynthesis III (mammals)|unclassified	36.8455594228
PWY-7115: C4 photosynthetic carbon assimilation cycle, NAD-ME type	157.8327740805
PWY-7115: C4 photosynthetic carbon assimilation cycle, NAD-ME type|g__Escherichia.s__Escherichia_coli	141.9934098939
PWY0-1415: superpathway of heme b biosynthesis from uroporphyrinogen-III	157.7118982751
PWY0-1415: superpathway of heme b biosynthesis from uroporphyrinogen-III|g__Escherichia.s__Escherichia_coli	124.7124954113
PWY-7254: TCA cycle VII (acetate-producers)	157.0294476186
PWY-7254: TCA cycle VII (acetate-producers)|g__Escherichia.s__Escherichia_coli	153.5691412033
PWY-7315: dTDP-N-acetylthomosamine biosynthesis	155.5354024618
PWY-7315: dTDP-N-acetylthomosamine biosynthesis|g__Escherichia.s__Escherichia_coli	137.3223271347
POLYISOPRENSYN-PWY: polyisoprenoid biosynthesis (E. coli)	155.1140659266
POLYISOPRENSYN-PWY: polyisoprenoid biosynthesis (E. coli)|g__Escherichia.s__Escherichia_coli	139.4327297944
PWY0-1338: polymyxin resistance	155.1068455710
PWY0-1338: polymyxin resistance|g__Escherichia.s__Escherichia_coli	149.8667005629
COBALSYN-PWY: superpathway of adenosylcobalamin salvage from cobinamide I	155.0615460195
COBALSYN-PWY: superpathway of adenosylcobalamin salvage from cobinamide I|g__Escherichia.s__Escherichia_coli	143.8593768355
PWY-5690: TCA cycle II (plants and fungi)	154.2983193400
PWY-5690: TCA cycle II (plants and fungi)|g__Escherichia.s__Escherichia_coli	151.6730369258
OANTIGEN-PWY: O-antigen building blocks biosynthesis (E. coli)	154.1804383896
OANTIGEN-PWY: O-antigen building blocks biosynthesis (E. coli)|g__Escherichia.s__Escherichia_coli	139.2316852967
FAO-PWY: fatty acid &beta;-oxidation I (generic)	153.8934857099
FAO-PWY: fatty acid &beta;-oxidation I (generic)|g__Escherichia.s__Escherichia_coli	110.7986208504
FAO-PWY: fatty acid &beta;-oxidation I (generic)|unclassified	40.2775613178
PWY-5747: 2-methylcitrate cycle II	151.8625017463
PWY-5747: 2-methylcitrate cycle II|g__Escherichia.s__Escherichia_coli	97.9435879564
PWY-5747: 2-methylcitrate cycle II|unclassified	37.5402512773
PWY-6124: inosine-5'-phosphate biosynthesis II	151.1320957593
PWY-6124: inosine-5'-phosphate biosynthesis II|g__Escherichia.s__Escherichia_coli	131.5890973630
PWY-6124: inosine-5'-phosphate biosynthesis II|unclassified	17.3797099836
PWY-7242: D-fructuronate degradation	150.4520881515
PWY-7242: D-fructuronate degradation|g__Escherichia.s__Escherichia_coli	109.8161291519
PWY-7242: D-fructuronate degradation|unclassified	39.2943775637
HISTSYN-PWY: L-histidine biosynthesis	150.2242950789
HISTSYN-PWY: L-histidine biosynthesis|g__Escherichia.s__Escherichia_coli	90.2453899148
PWY-5837: 2-carboxy-1,4-naphthoquinol biosynthesis	149.9739293464
PWY-5837: 2-carboxy-1,4-naphthoquinol biosynthesis|g__Escherichia.s__Escherichia_coli	114.3313209053
PWY-5837: 2-carboxy-1,4-naphthoquinol biosynthesis|unclassified	9.9389484167
PWY-7234: inosine-5'-phosphate biosynthesis III	146.9202044442
PWY-7234: inosine-5'-phosphate biosynthesis III|g__Escherichia.s__Escherichia_coli	129.7064459428
PWY-5497: purine nucleobases degradation II (anaerobic)	145.8255848638
PWY-5497: purine nucleobases degradation II (anaerobic)|g__Escherichia.s__Escherichia_coli	93.3796858678
PWY-6507: 4-deoxy-L-threo-hex-4-enopyranuronate degradation	145.2676221912
PWY-6507: 4-deoxy-L-threo-hex-4-enopyranuronate degradation|g__Escherichia.s__Escherichia_coli	105.5059272261
PWY-6507: 4-deoxy-L-threo-hex-4-enopyranuronate degradation|unclassified	38.5640167761
HCAMHPDEG-PWY: 3-phenylpropanoate and 3-(3-hydroxyphenyl)propanoate degradation to 2-hydroxypentadienoate	144.6756702225
HCAMHPDEG-PWY: 3-phenylpropanoate and 3-(3-hydroxyphenyl)propanoate degradation to 2-hydroxypentadienoate|g__Escherichia.s__Escherichia_coli	118.3753578866
HCAMHPDEG-PWY: 3-phenylpropanoate and 3-(3-hydroxyphenyl)propanoate degradation to 2-hydroxypentadienoate|unclassified	25.4124934033
PWY-6690: cinnamate and 3-hydroxycinnamate degradation to 2-hydroxypentadienoate	144.6756702225
PWY-6690: cinnamate and 3-hydroxycinnamate degradation to 2-hydroxypentadienoate|g__Escherichia.s__Escherichia_coli	118.3753578866
PWY-6690: cinnamate and 3-hydroxycinnamate degradation to 2-hydroxypentadienoate|unclassified	25.4124934033
PWY-5100: pyruvate fermentation to acetate and lactate II	139.9707314814
PWY-5100: pyruvate fermentation to acetate and lactate II|g__Escherichia.s__Escherichia_coli	70.5347591729
PWY-7211: superpathway of pyrimidine deoxyribonucleotides de novo biosynthesis	136.8158142389
PWY-6892: thiazole component of thiamine diphosphate biosynthesis I	134.7467680012
PWY-6892: thiazole component of thiamine diphosphate biosynthesis I|g__Escherichia.s__Escherichia_coli	126.1383005743
PWY-5791	132.2703238553
PWY-5791|g__Escherichia.s__Escherichia_coli	114.3313209053
PWY-7184: pyrimidine deoxyribonucleotides de novo biosynthesis I	130.4537743344
PWY-7184: pyrimidine deoxyribonucleotides de novo biosynthesis I|g__Escherichia.s__Escherichia_coli	102.1212378747
PWY-7184: pyrimidine deoxyribonucleotides de novo biosynthesis I|unclassified	14.8498643754
PWY-6703: preQ0 biosynthesis	129.1804358120
PWY-6703: preQ0 biosynthesis|g__Escherichia.s__Escherichia_coli	111.4722118134
FOLSYN-PWY: superpathway of tetrahydrofolate biosynthesis and salvage	127.0168081555
FOLSYN-PWY: superpathway of tetrahydrofolate biosynthesis and salvage|g__Escherichia.s__Escherichia_coli	117.1419021649
PWY-7210: pyrimidine deoxyribonucleotides biosynthesis from CTP	125.7272034632
PWY-7210: pyrimidine deoxyribonucleotides biosynthesis from CTP|unclassified	16.5645972071
DENOVOPURINE2-PWY: superpathway of purine nucleotides de novo biosynthesis II	124.9878858823
DENOVOPURINE2-PWY: superpathway of purine nucleotides de novo biosynthesis II|g__Escherichia.s__Escherichia_coli	108.6063910359
COA-PWY: coenzyme A biosynthesis I (prokaryotic)	124.6118459305
COA-PWY: coenzyme A biosynthesis I (prokaryotic)|g__Escherichia.s__Escherichia_coli	88.8001185380
COA-PWY: coenzyme A biosynthesis I (prokaryotic)|unclassified	35.9609017173
PWY-5367: petroselinate biosynthesis	123.5039542965
PWY-5367: petroselinate biosynthesis|g__Escherichia.s__Escherichia_coli	122.2704345975
DTDPRHAMSYN-PWY: dTDP-&beta;-L-rhamnose biosynthesis	123.1648372933
DTDPRHAMSYN-PWY: dTDP-&beta;-L-rhamnose biosynthesis|g__Escherichia.s__Escherichia_coli	107.3814297977
DTDPRHAMSYN-PWY: dTDP-&beta;-L-rhamnose biosynthesis|unclassified	12.8305084066
PRPP-PWY: superpathway of histidine, purine, and pyrimidine biosynthesis	121.5496439262
PRPP-PWY: superpathway of histidine, purine, and pyrimidine biosynthesis|g__Escherichia.s__Escherichia_coli	106.4363791598
PWY-7539: 6-hydroxymethyl-dihydropterin diphosphate biosynthesis III (Chlamydia)	120.6088199525
PWY-7539: 6-hydroxymethyl-dihydropterin diphosphate biosynthesis III (Chlamydia)|g__Escherichia.s__Escherichia_coli	84.4264817190
PWY-7539: 6-hydroxymethyl-dihydropterin diphosphate biosynthesis III (Chlamydia)|unclassified	31.5228142865
PWY0-1241: ADP-L-glycero-&beta;-D-manno-heptose biosynthesis	118.7816640615
PWY0-1241: ADP-L-glycero-&beta;-D-manno-heptose biosynthesis|g__Escherichia.s__Escherichia_coli	102.1019875645
PWY-6147: 6-hydroxymethyl-dihydropterin diphosphate biosynthesis I	118.6634811009
PWY-6147: 6-hydroxymethyl-dihydropterin diphosphate biosynthesis I|g__Escherichia.s__Escherichia_coli	85.9279560085
PWY-6147: 6-hydroxymethyl-dihydropterin diphosphate biosynthesis I|unclassified	20.4352925572
PWY-6545: pyrimidine deoxyribonucleotides de novo biosynthesis III	116.7565971638
PWY-6545: pyrimidine deoxyribonucleotides de novo biosynthesis III|unclassified	14.8498643754
PWY-7328: superpathway of UDP-glucose-derived O-antigen building blocks biosynthesis	115.6734554507
PWY-7328: superpathway of UDP-glucose-derived O-antigen building blocks biosynthesis|g__Escherichia.s__Escherichia_coli	96.8391555195
PWY-7198: pyrimidine deoxyribonucleotides de novo biosynthesis IV	115.1264698647
PWY-7269: mitochondrial NADPH production (yeast)	114.4015143903
PWY-7269: mitochondrial NADPH production (yeast)|g__Escherichia.s__Escherichia_coli	112.6945687860
PWY0-166: superpathway of pyrimidine deoxyribonucleotides de novo biosynthesis (E. coli)	113.4392061864
PWY0-166: superpathway of pyrimidine deoxyribonucleotides de novo biosynthesis (E. coli)|g__Escherichia.s__Escherichia_coli	92.2763839853
GALACT-GLUCUROCAT-PWY: superpathway of hexuronide and hexuronate degradation	111.6221415496
GALACT-GLUCUROCAT-PWY: superpathway of hexuronide and hexuronate degradation|g__Escherichia.s__Escherichia_coli	74.8475914698
GALACT-GLUCUROCAT-PWY: superpathway of hexuronide and hexuronate degradation|unclassified	33.2958122911
PWY-6270: isoprene biosynthesis I	111.2494832305
PWY-6270: isoprene biosynthesis I|g__Escherichia.s__Escherichia_coli	77.5441559374
PWY-7197: pyrimidine deoxyribonucleotide phosphorylation	111.2149117357
PWY-7197: pyrimidine deoxyribonucleotide phosphorylation|g__Escherichia.s__Escherichia_coli	88.2601507506
PWY-7197: pyrimidine deoxyribonucleotide phosphorylation|unclassified	9.8829370019
PWY-4242	108.5788642479
PWY-4242|g__Escherichia.s__Escherichia_coli	35.0768181086
PWY-6612: superpathway of tetrahydrofolate biosynthesis	107.8269228930
PWY-6612: superpathway of tetrahydrofolate biosynthesis|g__Escherichia.s__Escherichia_coli	99.5354643077
PWY-6823: molybdopterin biosynthesis	105.3397403559
PWY-6823: molybdopterin biosynthesis|g__Escherichia.s__Escherichia_coli	73.4094355928
THISYN-PWY: superpathway of thiamine diphosphate biosynthesis I	103.8068750116
THISYN-PWY: superpathway of thiamine diphosphate biosynthesis I|g__Escherichia.s__Escherichia_coli	101.1524809489
PWY0-1061: superpathway of L-alanine biosynthesis	97.7969071404
PWY0-1061: superpathway of L-alanine biosynthesis|g__Escherichia.s__Escherichia_coli	90.5763014614
PWY-7208: superpathway of pyrimidine nucleobases salvage	95.7294758537
PWY-7208: superpathway of pyrimidine nucleobases salvage|g__Escherichia.s__Escherichia_coli	51.3153845322
PWY-7208: superpathway of pyrimidine nucleobases salvage|unclassified	11.7831673678
PWY-6630: superpathway of L-tyrosine biosynthesis	93.2379828084
PWY-6630: superpathway of L-tyrosine biosynthesis|g__Escherichia.s__Escherichia_coli	92.0323766025
PWY-5920: superpathway of heme b biosynthesis from glycine	87.1611967206
PWY-5920: superpathway of heme b biosynthesis from glycine|g__Escherichia.s__Escherichia_coli	81.5875194494
PWY-6588: pyruvate fermentation to acetone	84.6476983024
PWY-6588: pyruvate fermentation to acetone|g__Escherichia.s__Escherichia_coli	58.1648718216
PWY-6588: pyruvate fermentation to acetone|unclassified	8.4053286738
GLUCUROCAT-PWY: superpathway of &beta;-D-glucuronosides degradation	83.9809152752
GLUCUROCAT-PWY: superpathway of &beta;-D-glucuronosides degradation|g__Escherichia.s__Escherichia_coli	55.2805429445
GLUCUROCAT-PWY: superpathway of &beta;-D-glucuronosides degradation|unclassified	27.1981313013
PWY-7187: pyrimidine deoxyribonucleotides de novo biosynthesis II	79.1065510842
PWY-7187: pyrimidine deoxyribonucleotides de novo biosynthesis II|g__Escherichia.s__Escherichia_coli	68.9847497866
ECASYN-PWY: enterobacterial common antigen biosynthesis	73.4592526500
ECASYN-PWY: enterobacterial common antigen biosynthesis|g__Escherichia.s__Escherichia_coli	72.1214751594
RIBOSYN2-PWY: flavin biosynthesis I (bacteria and plants)	72.6115156506
RIBOSYN2-PWY: flavin biosynthesis I (bacteria and plants)|g__Escherichia.s__Escherichia_coli	65.7092303090
TRPSYN-PWY: L-tryptophan biosynthesis	69.1932701759
TRPSYN-PWY: L-tryptophan biosynthesis|g__Escherichia.s__Escherichia_coli	62.5932888383
PWY-6168: flavin biosynthesis III (fungi)	66.9695429360
PWY-6168: flavin biosynthesis III (fungi)|g__Escherichia.s__Escherichia_coli	60.9275285466
PWY-4321: L-glutamate degradation IV	65.9109545013
PWY-4321: L-glutamate degradation IV|g__Escherichia.s__Escherichia_coli	40.5824327450
PWY-4321: L-glutamate degradation IV|unclassified	15.5635173799
PWY-7209: superpathway of pyrimidine ribonucleosides degradation	64.9441464094
PWY-7209: superpathway of pyrimidine ribonucleosides degradation|g__Escherichia.s__Escherichia_coli	64.0830313198
PWY-5705: allantoin degradation to glyoxylate III	64.2275751117
PWY-5705: allantoin degradation to glyoxylate III|g__Escherichia.s__Escherichia_coli	57.4802386998
PWY-5705: allantoin degradation to glyoxylate III|unclassified	14.1175339578
PWY-7446: sulfoquinovose degradation I	62.2499637482
PWY-7446: sulfoquinovose degradation I|g__Escherichia.s__Escherichia_coli	62.2499637482
PWY-7094: fatty acid salvage	61.0994244605
PWY-7094: fatty acid salvage|unclassified	38.4699295586
PPGPPMET-PWY: ppGpp metabolism	58.7241249516
PPGPPMET-PWY: ppGpp metabolism|g__Escherichia.s__Escherichia_coli	56.5202175722
GLYCOL-GLYOXDEG-PWY: superpathway of glycol metabolism and degradation	58.4756414731
GLYCOL-GLYOXDEG-PWY: superpathway of glycol metabolism and degradation|g__Escherichia.s__Escherichia_coli	48.0819258733
GLYCOL-GLYOXDEG-PWY: superpathway of glycol metabolism and degradation|unclassified	10.2227441474
UBISYN-PWY: superpathway of ubiquinol-8 biosynthesis (early decarboxylation)	57.5314046383
UBISYN-PWY: superpathway of ubiquinol-8 biosynthesis (early decarboxylation)|g__Escherichia.s__Escherichia_coli	47.3647134770
P221-PWY: octane oxidation	52.9400400446
P221-PWY: octane oxidation|g__Escherichia.s__Escherichia_coli	46.7490095760
P221-PWY: octane oxidation|unclassified	6.0845355966
PWY-6708: ubiquinol-8 biosynthesis (early decarboxylation)	52.5275939480
PWY-6708: ubiquinol-8 biosynthesis (early decarboxylation)|g__Escherichia.s__Escherichia_coli	43.0177575630
PWY-7237: myo-, chiro- and scyllo-inositol degradation	52.0035170707
PWY-7237: myo-, chiro- and scyllo-inositol degradation|g__Escherichia.s__Escherichia_coli	47.2087739602
PWY-7237: myo-, chiro- and scyllo-inositol degradation|unclassified	4.7947431105
GLUDEG-I-PWY: GABA shunt	51.3300779421
GLUDEG-I-PWY: GABA shunt|g__Escherichia.s__Escherichia_coli	34.9808559345
GLUDEG-I-PWY: GABA shunt|unclassified	11.2278612277
PWY-5855: ubiquinol-7 biosynthesis (early decarboxylation)	50.0493119194
PWY-5855: ubiquinol-7 biosynthesis (early decarboxylation)|g__Escherichia.s__Escherichia_coli	40.0125974540
PWY-5856: ubiquinol-9 biosynthesis (early decarboxylation)	50.0493119194
PWY-5856: ubiquinol-9 biosynthesis (early decarboxylation)|g__Escherichia.s__Escherichia_coli	40.0125974540
PWY-5857: ubiquinol-10 biosynthesis (early decarboxylation)	50.0493119194
PWY-5857: ubiquinol-10 biosynthesis (early decarboxylation)|g__Escherichia.s__Escherichia_coli	40.0125974540
LPSSYN-PWY: superpathway of lipopolysaccharide biosynthesis	46.5001276250
LPSSYN-PWY: superpathway of lipopolysaccharide biosynthesis|g__Escherichia.s__Escherichia_coli	45.9753676642
KDO-NAGLIPASYN-PWY: superpathway of (Kdo)2-lipid A biosynthesis	33.7200724432
KDO-NAGLIPASYN-PWY: superpathway of (Kdo)2-lipid A biosynthesis|g__Escherichia.s__Escherichia_coli	33.6026176887
PYRIDNUCSAL-PWY: NAD salvage pathway I (PNC VI cycle)	32.4172092922
PYRIDNUCSAL-PWY: NAD salvage pathway I (PNC VI cycle)|unclassified	20.0252349491
PWY-7409: phospholipid remodeling (phosphatidylethanolamine, yeast)	26.4122613652
PWY0-41: allantoin degradation IV (anaerobic)	23.0458041589
PWY0-41: allantoin degradation IV (anaerobic)|g__Escherichia.s__Escherichia_coli	22.5662317249
PWY-6467: Kdo transfer to lipid IVA III (Chlamydia)	22.4863403582
PWY-6467: Kdo transfer to lipid IVA III (Chlamydia)|g__Escherichia.s__Escherichia_coli	22.4863403582
PWY0-1533: methylphosphonate degradation I	20.8619194161
PWY0-1533: methylphosphonate degradation I|unclassified	4.7937454908
PWY-5692: allantoin degradation to glyoxylate II	16.0395670926
URDEGR-PWY: superpathway of allantoin degradation in plants	16.0395670926