# Pathway	COAD_noFFPEOnlyPrimaryNoRiboZeroG_mutation_burden_low_95random_2_Abundance
UNMAPPED	6681625.9522844665
UNINTEGRATED	1412509.6979939037
UNINTEGRATED|g__Escherichia.s__Escherichia_coli	916696.0226617138
UNINTEGRATED|unclassified	220312.1145626237
UNINTEGRATED|g__Cutibacterium.s__Cutibacterium_acnes	39703.1439094125
UNINTEGRATED|g__Staphylococcus.s__Staphylococcus_epidermidis	29540.6074777478
PWY0-1586: peptidoglycan maturation (meso-diaminopimelate containing)	2022.7807625196
PWY0-1586: peptidoglycan maturation (meso-diaminopimelate containing)|g__Escherichia.s__Escherichia_coli	1706.6566900924
PWY0-1586: peptidoglycan maturation (meso-diaminopimelate containing)|unclassified	246.6771976266
PWY0-1586: peptidoglycan maturation (meso-diaminopimelate containing)|g__Staphylococcus.s__Staphylococcus_epidermidis	62.9998811075
PWY-7111: pyruvate fermentation to isobutanol (engineered)	1182.4878629709
PWY-7111: pyruvate fermentation to isobutanol (engineered)|g__Escherichia.s__Escherichia_coli	1117.9555767694
PWY-7111: pyruvate fermentation to isobutanol (engineered)|unclassified	63.6139234232
NONOXIPENT-PWY: pentose phosphate pathway (non-oxidative branch) I	1111.6395955231
NONOXIPENT-PWY: pentose phosphate pathway (non-oxidative branch) I|g__Escherichia.s__Escherichia_coli	974.2592483020
NONOXIPENT-PWY: pentose phosphate pathway (non-oxidative branch) I|unclassified	74.6281376823
ILEUSYN-PWY: L-isoleucine biosynthesis I (from threonine)	1064.9643281880
ILEUSYN-PWY: L-isoleucine biosynthesis I (from threonine)|g__Escherichia.s__Escherichia_coli	977.6333018110
VALSYN-PWY: L-valine biosynthesis	1064.9643281880
VALSYN-PWY: L-valine biosynthesis|g__Escherichia.s__Escherichia_coli	977.6333018110
VALSYN-PWY: L-valine biosynthesis|unclassified	54.8166920303
ORNDEG-PWY: superpathway of ornithine degradation	988.7332112309
ORNDEG-PWY: superpathway of ornithine degradation|g__Escherichia.s__Escherichia_coli	887.6501878466
ORNDEG-PWY: superpathway of ornithine degradation|g__Staphylococcus.s__Staphylococcus_epidermidis	48.1459388999
SALVADEHYPOX-PWY: adenosine nucleotides degradation II	969.1166296412
SALVADEHYPOX-PWY: adenosine nucleotides degradation II|g__Escherichia.s__Escherichia_coli	831.5805979208
SALVADEHYPOX-PWY: adenosine nucleotides degradation II|unclassified	85.8453665484
P461-PWY: hexitol fermentation to lactate, formate, ethanol and acetate	962.8964062784
P461-PWY: hexitol fermentation to lactate, formate, ethanol and acetate|g__Escherichia.s__Escherichia_coli	822.7925202484
P461-PWY: hexitol fermentation to lactate, formate, ethanol and acetate|unclassified	56.1263255714
PWY-1042: glycolysis IV	938.4925410571
PWY-1042: glycolysis IV|g__Escherichia.s__Escherichia_coli	725.2270648491
PWY-5913: partial TCA cycle (obligate autotrophs)	896.6014623012
PWY-5913: partial TCA cycle (obligate autotrophs)|g__Escherichia.s__Escherichia_coli	647.7349141967
PWY-5913: partial TCA cycle (obligate autotrophs)|unclassified	83.4747006559
PWY-5913: partial TCA cycle (obligate autotrophs)|g__Staphylococcus.s__Staphylococcus_epidermidis	63.5289733330
PWY-5695: inosine 5'-phosphate degradation	877.6013507125
PWY-5695: inosine 5'-phosphate degradation|g__Escherichia.s__Escherichia_coli	747.7364449211
PWY-5695: inosine 5'-phosphate degradation|unclassified	79.8946566144
PWY-6608: guanosine nucleotides degradation III	877.6013507125
PWY-6608: guanosine nucleotides degradation III|g__Escherichia.s__Escherichia_coli	747.7364449211
PWY-6608: guanosine nucleotides degradation III|unclassified	79.8946566144
CALVIN-PWY: Calvin-Benson-Bassham cycle	874.4407764318
CALVIN-PWY: Calvin-Benson-Bassham cycle|g__Escherichia.s__Escherichia_coli	764.1008875775
PWY-4041: &gamma;-glutamyl cycle	817.0853522714
PWY-4041: &gamma;-glutamyl cycle|g__Escherichia.s__Escherichia_coli	605.3393992436
PWY-4041: &gamma;-glutamyl cycle|unclassified	79.6542058848
PWY-4041: &gamma;-glutamyl cycle|g__Staphylococcus.s__Staphylococcus_epidermidis	78.0122131269
PWY-7663: gondoate biosynthesis (anaerobic)	800.5510132462
PWY-7663: gondoate biosynthesis (anaerobic)|g__Escherichia.s__Escherichia_coli	770.5924422537
PWY-7663: gondoate biosynthesis (anaerobic)|g__Staphylococcus.s__Staphylococcus_epidermidis	32.4172075356
UDPNAGSYN-PWY: UDP-N-acetyl-D-glucosamine biosynthesis I	784.9906661642
UDPNAGSYN-PWY: UDP-N-acetyl-D-glucosamine biosynthesis I|g__Escherichia.s__Escherichia_coli	688.7084642203
UDPNAGSYN-PWY: UDP-N-acetyl-D-glucosamine biosynthesis I|unclassified	67.3118278967
UDPNAGSYN-PWY: UDP-N-acetyl-D-glucosamine biosynthesis I|g__Cutibacterium.s__Cutibacterium_acnes	26.8098707162
PWY0-1261: anhydromuropeptides recycling I	772.9783285169
PWY0-1261: anhydromuropeptides recycling I|g__Escherichia.s__Escherichia_coli	657.2342781532
PWY0-1261: anhydromuropeptides recycling I|unclassified	54.8949072831
PWY0-1261: anhydromuropeptides recycling I|g__Staphylococcus.s__Staphylococcus_epidermidis	36.1821552047
PWY-5723: Rubisco shunt	762.0359053699
PWY-5723: Rubisco shunt|g__Escherichia.s__Escherichia_coli	639.0738776893
PWY-5723: Rubisco shunt|unclassified	19.6110183714
GLYCOLYSIS: glycolysis I (from glucose 6-phosphate)	760.1170210002
GLYCOLYSIS: glycolysis I (from glucose 6-phosphate)|g__Escherichia.s__Escherichia_coli	656.1294797987
PWY-7117: C4 photosynthetic carbon assimilation cycle, PEPCK type	745.5818272656
PWY-7117: C4 photosynthetic carbon assimilation cycle, PEPCK type|g__Escherichia.s__Escherichia_coli	598.5681381178
PWY-7117: C4 photosynthetic carbon assimilation cycle, PEPCK type|unclassified	68.0003002714
PWY-6737: starch degradation V	741.1572515246
PWY-6737: starch degradation V|g__Escherichia.s__Escherichia_coli	576.7502305781
PWY-6737: starch degradation V|unclassified	110.8341538617
ANAGLYCOLYSIS-PWY: glycolysis III (from glucose)	728.1163422036
ANAGLYCOLYSIS-PWY: glycolysis III (from glucose)|g__Escherichia.s__Escherichia_coli	617.0494150328
ASPASN-PWY: superpathway of L-aspartate and L-asparagine biosynthesis	727.1866137358
ASPASN-PWY: superpathway of L-aspartate and L-asparagine biosynthesis|g__Escherichia.s__Escherichia_coli	593.5701330736
ASPASN-PWY: superpathway of L-aspartate and L-asparagine biosynthesis|g__Staphylococcus.s__Staphylococcus_epidermidis	60.5821129185
ASPASN-PWY: superpathway of L-aspartate and L-asparagine biosynthesis|unclassified	47.4594635211
PWY-5484: glycolysis II (from fructose 6-phosphate)	715.1580307200
PWY-5484: glycolysis II (from fructose 6-phosphate)|g__Escherichia.s__Escherichia_coli	606.1016381838
RHAMCAT-PWY: L-rhamnose degradation I	712.8450684638
RHAMCAT-PWY: L-rhamnose degradation I|g__Escherichia.s__Escherichia_coli	622.7979100138
RHAMCAT-PWY: L-rhamnose degradation I|unclassified	42.4836019193
PWY-6353: purine nucleotides degradation II (aerobic)	711.9089376440
PWY-6353: purine nucleotides degradation II (aerobic)|g__Escherichia.s__Escherichia_coli	616.3579555826
PWY-6353: purine nucleotides degradation II (aerobic)|unclassified	54.3029162099
HEXITOLDEGSUPER-PWY: superpathway of hexitol degradation (bacteria)	705.2393599921
HEXITOLDEGSUPER-PWY: superpathway of hexitol degradation (bacteria)|g__Escherichia.s__Escherichia_coli	608.2580281492
PWY-7388: octanoyl-[acyl-carrier protein] biosynthesis (mitochondria, yeast)	702.8566021643
PWY-7388: octanoyl-[acyl-carrier protein] biosynthesis (mitochondria, yeast)|g__Escherichia.s__Escherichia_coli	613.5043998730
PWY-5675: nitrate reduction V (assimilatory)	702.7391347346
PWY-5675: nitrate reduction V (assimilatory)|g__Escherichia.s__Escherichia_coli	509.0347149525
PWY-5675: nitrate reduction V (assimilatory)|unclassified	68.0642490645
PWY-5675: nitrate reduction V (assimilatory)|g__Staphylococcus.s__Staphylococcus_epidermidis	45.6852791878
PWY-6305: superpathway of putrescine biosynthesis	701.0086977268
PWY-6305: superpathway of putrescine biosynthesis|g__Escherichia.s__Escherichia_coli	603.8162661324
HOMOSER-METSYN-PWY: L-methionine biosynthesis I	698.4732976137
HOMOSER-METSYN-PWY: L-methionine biosynthesis I|g__Escherichia.s__Escherichia_coli	573.5827734118
HOMOSER-METSYN-PWY: L-methionine biosynthesis I|unclassified	51.4051692858
GLYCOLYSIS-TCA-GLYOX-BYPASS: superpathway of glycolysis, pyruvate dehydrogenase, TCA, and glyoxylate bypass	697.9350901059
GLYCOLYSIS-TCA-GLYOX-BYPASS: superpathway of glycolysis, pyruvate dehydrogenase, TCA, and glyoxylate bypass|g__Escherichia.s__Escherichia_coli	609.6889152446
BRANCHED-CHAIN-AA-SYN-PWY: superpathway of branched chain amino acid biosynthesis	695.1316742575
BRANCHED-CHAIN-AA-SYN-PWY: superpathway of branched chain amino acid biosynthesis|g__Escherichia.s__Escherichia_coli	595.1445263734
FASYN-ELONG-PWY: fatty acid elongation -- saturated	692.7708647852
FASYN-ELONG-PWY: fatty acid elongation -- saturated|g__Escherichia.s__Escherichia_coli	544.1433314608
PWY-5347: superpathway of L-methionine biosynthesis (transsulfuration)	686.5721475605
PWY-5347: superpathway of L-methionine biosynthesis (transsulfuration)|g__Escherichia.s__Escherichia_coli	591.2957105761
PWY-5347: superpathway of L-methionine biosynthesis (transsulfuration)|unclassified	43.6751929440
TCA: TCA cycle I (prokaryotic)	684.4979665698
TCA: TCA cycle I (prokaryotic)|g__Escherichia.s__Escherichia_coli	594.7904252108
TCA: TCA cycle I (prokaryotic)|unclassified	28.9784733754
PWY-6385: peptidoglycan biosynthesis III (mycobacteria)	679.8035900558
PWY-6385: peptidoglycan biosynthesis III (mycobacteria)|g__Escherichia.s__Escherichia_coli	562.8223263331
PWY-6385: peptidoglycan biosynthesis III (mycobacteria)|g__Cutibacterium.s__Cutibacterium_acnes	23.2250660846
PWY-5971: palmitate biosynthesis (type II fatty acid synthase)	671.8616493216
PWY-5971: palmitate biosynthesis (type II fatty acid synthase)|g__Escherichia.s__Escherichia_coli	515.4739754348
PWY-6936: seleno-amino acid biosynthesis (plants)	662.2540766500
PWY-6936: seleno-amino acid biosynthesis (plants)|g__Escherichia.s__Escherichia_coli	561.0573409734
PWY-6936: seleno-amino acid biosynthesis (plants)|unclassified	41.7961031798
METSYN-PWY: superpathway of L-homoserine and L-methionine biosynthesis	662.0922599008
METSYN-PWY: superpathway of L-homoserine and L-methionine biosynthesis|g__Escherichia.s__Escherichia_coli	593.0011471833
METSYN-PWY: superpathway of L-homoserine and L-methionine biosynthesis|unclassified	41.8742458349
PWY-6387: UDP-N-acetylmuramoyl-pentapeptide biosynthesis I (meso-diaminopimelate containing)	661.1668097564
PWY-6387: UDP-N-acetylmuramoyl-pentapeptide biosynthesis I (meso-diaminopimelate containing)|g__Escherichia.s__Escherichia_coli	588.6712169265
PWY-6387: UDP-N-acetylmuramoyl-pentapeptide biosynthesis I (meso-diaminopimelate containing)|g__Cutibacterium.s__Cutibacterium_acnes	26.0703479622
PWY-3001: superpathway of L-isoleucine biosynthesis I	657.5336613677
PWY-3001: superpathway of L-isoleucine biosynthesis I|g__Escherichia.s__Escherichia_coli	542.3137736026
PWY-7664: oleate biosynthesis IV (anaerobic)	655.4477914956
PWY-7664: oleate biosynthesis IV (anaerobic)|g__Escherichia.s__Escherichia_coli	509.5810610838
PWY-5103: L-isoleucine biosynthesis III	655.2974872233
PWY-5103: L-isoleucine biosynthesis III|g__Escherichia.s__Escherichia_coli	553.5745182980
PWY-6606: guanosine nucleotides degradation II	649.6536151099
PWY-6606: guanosine nucleotides degradation II|g__Escherichia.s__Escherichia_coli	581.4050500490
PWY-6606: guanosine nucleotides degradation II|unclassified	48.1653979882
PENTOSE-P-PWY: pentose phosphate pathway	648.4810874600
PENTOSE-P-PWY: pentose phosphate pathway|g__Escherichia.s__Escherichia_coli	485.8838637526
PENTOSE-P-PWY: pentose phosphate pathway|unclassified	61.5191102583
TCA-GLYOX-BYPASS: superpathway of glyoxylate bypass and TCA	645.1575066715
TCA-GLYOX-BYPASS: superpathway of glyoxylate bypass and TCA|g__Escherichia.s__Escherichia_coli	569.3878838329
TCA-GLYOX-BYPASS: superpathway of glyoxylate bypass and TCA|unclassified	27.5395547422
PWY-6282: palmitoleate biosynthesis I (from (5Z)-dodec-5-enoate)	644.9136203115
PWY-6282: palmitoleate biosynthesis I (from (5Z)-dodec-5-enoate)|g__Escherichia.s__Escherichia_coli	486.6871349149
ARGSYNBSUB-PWY: L-arginine biosynthesis II (acetyl cycle)	644.8803098852
ARGSYNBSUB-PWY: L-arginine biosynthesis II (acetyl cycle)|g__Escherichia.s__Escherichia_coli	569.1316969229
ARGSYNBSUB-PWY: L-arginine biosynthesis II (acetyl cycle)|g__Cutibacterium.s__Cutibacterium_acnes	26.0145678351
ARGSYN-PWY: L-arginine biosynthesis I (via L-ornithine)	642.7212234636
ARGSYN-PWY: L-arginine biosynthesis I (via L-ornithine)|g__Escherichia.s__Escherichia_coli	571.8931636431
ARGSYN-PWY: L-arginine biosynthesis I (via L-ornithine)|g__Cutibacterium.s__Cutibacterium_acnes	23.8885546719
ARGSYN-PWY: L-arginine biosynthesis I (via L-ornithine)|unclassified	15.3852466950
MET-SAM-PWY: superpathway of S-adenosyl-L-methionine biosynthesis	639.2200883204
MET-SAM-PWY: superpathway of S-adenosyl-L-methionine biosynthesis|g__Escherichia.s__Escherichia_coli	561.4874029076
MET-SAM-PWY: superpathway of S-adenosyl-L-methionine biosynthesis|unclassified	34.3431382931
PWY-7400: L-arginine biosynthesis IV (archaebacteria)	633.6861121579
PWY-7400: L-arginine biosynthesis IV (archaebacteria)|g__Escherichia.s__Escherichia_coli	559.3356700531
PWY-7400: L-arginine biosynthesis IV (archaebacteria)|g__Cutibacterium.s__Cutibacterium_acnes	23.7532618941
PWY-7400: L-arginine biosynthesis IV (archaebacteria)|unclassified	15.2361330400
PWY-5154: L-arginine biosynthesis III (via N-acetyl-L-citrulline)	631.9075044738
PWY-5154: L-arginine biosynthesis III (via N-acetyl-L-citrulline)|g__Escherichia.s__Escherichia_coli	541.5775139623
PWY-5154: L-arginine biosynthesis III (via N-acetyl-L-citrulline)|unclassified	17.7653027900
PEPTIDOGLYCANSYN-PWY: peptidoglycan biosynthesis I (meso-diaminopimelate containing)	630.9995199617
PEPTIDOGLYCANSYN-PWY: peptidoglycan biosynthesis I (meso-diaminopimelate containing)|g__Escherichia.s__Escherichia_coli	525.9035736365
PEPTIDOGLYCANSYN-PWY: peptidoglycan biosynthesis I (meso-diaminopimelate containing)|g__Cutibacterium.s__Cutibacterium_acnes	27.1067790522
ARG+POLYAMINE-SYN: superpathway of arginine and polyamine biosynthesis	624.8831777394
ARG+POLYAMINE-SYN: superpathway of arginine and polyamine biosynthesis|g__Escherichia.s__Escherichia_coli	551.9726611877
P441-PWY: superpathway of N-acetylneuraminate degradation	622.6771195654
P441-PWY: superpathway of N-acetylneuraminate degradation|g__Escherichia.s__Escherichia_coli	562.9546454801
PWY-6122: 5-aminoimidazole ribonucleotide biosynthesis II	621.8564683073
PWY-6122: 5-aminoimidazole ribonucleotide biosynthesis II|g__Escherichia.s__Escherichia_coli	455.6845002137
PWY-6122: 5-aminoimidazole ribonucleotide biosynthesis II|unclassified	64.5147216573
PWY-6122: 5-aminoimidazole ribonucleotide biosynthesis II|g__Cutibacterium.s__Cutibacterium_acnes	36.9248359183
PWY-6277: superpathway of 5-aminoimidazole ribonucleotide biosynthesis	621.8564683073
PWY-6277: superpathway of 5-aminoimidazole ribonucleotide biosynthesis|g__Escherichia.s__Escherichia_coli	455.6845002137
PWY-6277: superpathway of 5-aminoimidazole ribonucleotide biosynthesis|unclassified	64.5147216573
PWY-6277: superpathway of 5-aminoimidazole ribonucleotide biosynthesis|g__Cutibacterium.s__Cutibacterium_acnes	36.9248359183
THRESYN-PWY: superpathway of L-threonine biosynthesis	619.5835535713
THRESYN-PWY: superpathway of L-threonine biosynthesis|g__Escherichia.s__Escherichia_coli	491.5422717210
THRESYN-PWY: superpathway of L-threonine biosynthesis|g__Cutibacterium.s__Cutibacterium_acnes	22.9464294285
THRESYN-PWY: superpathway of L-threonine biosynthesis|unclassified	20.4951613761
PWY0-1319: CDP-diacylglycerol biosynthesis II	616.7976522520
PWY0-1319: CDP-diacylglycerol biosynthesis II|g__Escherichia.s__Escherichia_coli	492.5205566830
PWY0-1319: CDP-diacylglycerol biosynthesis II|unclassified	58.7545253003
PWY-5667: CDP-diacylglycerol biosynthesis I	616.7976522520
PWY-5667: CDP-diacylglycerol biosynthesis I|g__Escherichia.s__Escherichia_coli	492.5205566830
PWY-5667: CDP-diacylglycerol biosynthesis I|unclassified	58.7545253003
PWY-5989: stearate biosynthesis II (bacteria and plants)	615.9004469069
PWY-5989: stearate biosynthesis II (bacteria and plants)|g__Escherichia.s__Escherichia_coli	440.8394420009
PWY-5989: stearate biosynthesis II (bacteria and plants)|g__Staphylococcus.s__Staphylococcus_epidermidis	42.1527343146
PWY0-1296: purine ribonucleosides degradation	615.5888577663
PWY0-1296: purine ribonucleosides degradation|g__Escherichia.s__Escherichia_coli	573.3252757615
FERMENTATION-PWY: mixed acid fermentation	614.0959997493
FERMENTATION-PWY: mixed acid fermentation|g__Escherichia.s__Escherichia_coli	489.6707799614
FERMENTATION-PWY: mixed acid fermentation|unclassified	75.8749399658
GLUCONEO-PWY: gluconeogenesis I	612.5891142630
GLUCONEO-PWY: gluconeogenesis I|g__Escherichia.s__Escherichia_coli	534.3269981587
PWY0-862: (5Z)-dodecenoate biosynthesis I	611.5202061386
PWY0-862: (5Z)-dodecenoate biosynthesis I|g__Escherichia.s__Escherichia_coli	469.7945663948
POLYAMSYN-PWY: superpathway of polyamine biosynthesis I	610.9879325767
POLYAMSYN-PWY: superpathway of polyamine biosynthesis I|g__Escherichia.s__Escherichia_coli	539.4778693715
POLYAMSYN-PWY: superpathway of polyamine biosynthesis I|unclassified	65.1774743282
GLYCOGENSYNTH-PWY: glycogen biosynthesis I (from ADP-D-Glucose)	608.8442063405
GLYCOGENSYNTH-PWY: glycogen biosynthesis I (from ADP-D-Glucose)|g__Escherichia.s__Escherichia_coli	476.3501102383
GLUTORN-PWY: L-ornithine biosynthesis I	603.2403449631
GLUTORN-PWY: L-ornithine biosynthesis I|g__Escherichia.s__Escherichia_coli	543.8100780513
GLUTORN-PWY: L-ornithine biosynthesis I|unclassified	27.2217408932
GLUTORN-PWY: L-ornithine biosynthesis I|g__Cutibacterium.s__Cutibacterium_acnes	21.0588738228
P161-PWY: acetylene degradation (anaerobic)	602.0230335392
P161-PWY: acetylene degradation (anaerobic)|g__Escherichia.s__Escherichia_coli	579.7977005468
P161-PWY: acetylene degradation (anaerobic)|unclassified	11.7521845775
PWY-6519: 8-amino-7-oxononanoate biosynthesis I	601.7084146764
PWY-6519: 8-amino-7-oxononanoate biosynthesis I|g__Escherichia.s__Escherichia_coli	481.3060090865
PWY-6121: 5-aminoimidazole ribonucleotide biosynthesis I	601.1017661130
PWY-6121: 5-aminoimidazole ribonucleotide biosynthesis I|g__Escherichia.s__Escherichia_coli	437.5225625489
PWY-6121: 5-aminoimidazole ribonucleotide biosynthesis I|unclassified	57.6125927746
PWY-6121: 5-aminoimidazole ribonucleotide biosynthesis I|g__Cutibacterium.s__Cutibacterium_acnes	29.5662018352
GLYCOLYSIS-E-D: superpathway of glycolysis and the Entner-Doudoroff pathway	597.7166598488
GLYCOLYSIS-E-D: superpathway of glycolysis and the Entner-Doudoroff pathway|g__Escherichia.s__Escherichia_coli	500.1742334952
PWY-6386: UDP-N-acetylmuramoyl-pentapeptide biosynthesis II (lysine-containing)	592.2838233350
PWY-6386: UDP-N-acetylmuramoyl-pentapeptide biosynthesis II (lysine-containing)|g__Escherichia.s__Escherichia_coli	484.9285850636
PWY-6386: UDP-N-acetylmuramoyl-pentapeptide biosynthesis II (lysine-containing)|g__Cutibacterium.s__Cutibacterium_acnes	22.1766011498
TRNA-CHARGING-PWY: tRNA charging	579.5151682123
TRNA-CHARGING-PWY: tRNA charging|g__Escherichia.s__Escherichia_coli	447.7838910620
TRNA-CHARGING-PWY: tRNA charging|unclassified	36.3088926131
PHOSLIPSYN-PWY: superpathway of phospholipid biosynthesis I (bacteria)	578.7138482652
PHOSLIPSYN-PWY: superpathway of phospholipid biosynthesis I (bacteria)|g__Escherichia.s__Escherichia_coli	467.1301657620
PHOSLIPSYN-PWY: superpathway of phospholipid biosynthesis I (bacteria)|unclassified	29.4871274841
PWY-5173	568.5923597272
PWY-5173|g__Escherichia.s__Escherichia_coli	459.6799858837
PWY-5173|unclassified	60.9231200833
PWY-6285: superpathway of fatty acids biosynthesis (E. coli)	565.9024128511
PWY-6285: superpathway of fatty acids biosynthesis (E. coli)|g__Escherichia.s__Escherichia_coli	390.2007943466
FASYN-INITIAL-PWY: superpathway of fatty acid biosynthesis initiation (E. coli)	561.6659931805
FASYN-INITIAL-PWY: superpathway of fatty acid biosynthesis initiation (E. coli)|g__Escherichia.s__Escherichia_coli	468.9563381048
FASYN-INITIAL-PWY: superpathway of fatty acid biosynthesis initiation (E. coli)|g__Staphylococcus.s__Staphylococcus_epidermidis	50.5821820506
FASYN-INITIAL-PWY: superpathway of fatty acid biosynthesis initiation (E. coli)|unclassified	22.0289222553
GLCMANNANAUT-PWY: superpathway of N-acetylglucosamine, N-acetylmannosamine and N-acetylneuraminate degradation	558.0240177096
GLCMANNANAUT-PWY: superpathway of N-acetylglucosamine, N-acetylmannosamine and N-acetylneuraminate degradation|g__Escherichia.s__Escherichia_coli	484.2738175008
PWY-5973: cis-vaccenate biosynthesis	556.5017225950
PWY-5973: cis-vaccenate biosynthesis|g__Escherichia.s__Escherichia_coli	414.1600351524
PWY-5973: cis-vaccenate biosynthesis|g__Staphylococcus.s__Staphylococcus_epidermidis	36.9538075926
PWY-5188: tetrapyrrole biosynthesis I (from glutamate)	535.0238209399
PWY-5188: tetrapyrrole biosynthesis I (from glutamate)|g__Escherichia.s__Escherichia_coli	468.3737111634
PWY-5188: tetrapyrrole biosynthesis I (from glutamate)|unclassified	38.6287122312
PWY-5188: tetrapyrrole biosynthesis I (from glutamate)|g__Cutibacterium.s__Cutibacterium_acnes	22.4256482559
BIOTIN-BIOSYNTHESIS-PWY: biotin biosynthesis I	526.0783803047
BIOTIN-BIOSYNTHESIS-PWY: biotin biosynthesis I|g__Escherichia.s__Escherichia_coli	417.9281529785
ARGDEG-PWY: superpathway of L-arginine, putrescine, and 4-aminobutanoate degradation	525.7364975076
ARGDEG-PWY: superpathway of L-arginine, putrescine, and 4-aminobutanoate degradation|g__Escherichia.s__Escherichia_coli	469.1341141528
ORNARGDEG-PWY: superpathway of L-arginine and L-ornithine degradation	525.7364975076
ORNARGDEG-PWY: superpathway of L-arginine and L-ornithine degradation|g__Escherichia.s__Escherichia_coli	469.1341141528
PWY0-1297: superpathway of purine deoxyribonucleosides degradation	525.3833073402
PWY0-1297: superpathway of purine deoxyribonucleosides degradation|g__Escherichia.s__Escherichia_coli	496.0960011737
PWY4FS-7: phosphatidylglycerol biosynthesis I (plastidic)	523.5455584940
PWY4FS-7: phosphatidylglycerol biosynthesis I (plastidic)|g__Escherichia.s__Escherichia_coli	413.2424806305
PWY4FS-8: phosphatidylglycerol biosynthesis II (non-plastidic)	523.5455584940
PWY4FS-8: phosphatidylglycerol biosynthesis II (non-plastidic)|g__Escherichia.s__Escherichia_coli	413.2424806305
PWY-6123: inosine-5'-phosphate biosynthesis I	521.4477791153
PWY-6123: inosine-5'-phosphate biosynthesis I|g__Escherichia.s__Escherichia_coli	473.6158691996
PWY-6123: inosine-5'-phosphate biosynthesis I|g__Cutibacterium.s__Cutibacterium_acnes	17.7016526373
COMPLETE-ARO-PWY: superpathway of aromatic amino acid biosynthesis	518.2860711007
COMPLETE-ARO-PWY: superpathway of aromatic amino acid biosynthesis|g__Escherichia.s__Escherichia_coli	434.9569220118
PWY-5104: L-isoleucine biosynthesis IV	516.2602469458
PWY-5104: L-isoleucine biosynthesis IV|g__Escherichia.s__Escherichia_coli	429.7213832203
PWY-5104: L-isoleucine biosynthesis IV|unclassified	55.8204740133
PWY-7220: adenosine deoxyribonucleotides de novo biosynthesis II	515.9480510438
PWY-7220: adenosine deoxyribonucleotides de novo biosynthesis II|g__Escherichia.s__Escherichia_coli	422.3451486193
PWY-7220: adenosine deoxyribonucleotides de novo biosynthesis II|unclassified	60.0535039872
PWY-7220: adenosine deoxyribonucleotides de novo biosynthesis II|g__Staphylococcus.s__Staphylococcus_epidermidis	58.3429308237
PWY-7220: adenosine deoxyribonucleotides de novo biosynthesis II|g__Cutibacterium.s__Cutibacterium_acnes	30.3559364367
PWY-7222: guanosine deoxyribonucleotides de novo biosynthesis II	515.9480510438
PWY-7222: guanosine deoxyribonucleotides de novo biosynthesis II|g__Escherichia.s__Escherichia_coli	422.3451486193
PWY-7222: guanosine deoxyribonucleotides de novo biosynthesis II|unclassified	60.0535039872
PWY-7222: guanosine deoxyribonucleotides de novo biosynthesis II|g__Staphylococcus.s__Staphylococcus_epidermidis	58.3429308237
PWY-7222: guanosine deoxyribonucleotides de novo biosynthesis II|g__Cutibacterium.s__Cutibacterium_acnes	30.3559364367
GLYCOCAT-PWY: glycogen degradation I	508.6389957698
GLYCOCAT-PWY: glycogen degradation I|g__Escherichia.s__Escherichia_coli	437.5815606446
ARO-PWY: chorismate biosynthesis I	504.5201114518
ARO-PWY: chorismate biosynthesis I|g__Escherichia.s__Escherichia_coli	425.1816659129
PWY-7228: superpathway of guanosine nucleotides de novo biosynthesis I	503.3819088501
PWY-7228: superpathway of guanosine nucleotides de novo biosynthesis I|g__Escherichia.s__Escherichia_coli	424.2810344205
PWY-7228: superpathway of guanosine nucleotides de novo biosynthesis I|unclassified	39.3349416506
PWY-7228: superpathway of guanosine nucleotides de novo biosynthesis I|g__Cutibacterium.s__Cutibacterium_acnes	29.7634014538
PWY-5189: tetrapyrrole biosynthesis II (from glycine)	502.7294781062
PWY-5189: tetrapyrrole biosynthesis II (from glycine)|g__Escherichia.s__Escherichia_coli	446.6051251184
PWY-5189: tetrapyrrole biosynthesis II (from glycine)|g__Cutibacterium.s__Cutibacterium_acnes	19.6973147853
PWY-6284: superpathway of unsaturated fatty acids biosynthesis (E. coli)	501.0148611333
PWY-6284: superpathway of unsaturated fatty acids biosynthesis (E. coli)|g__Escherichia.s__Escherichia_coli	311.0084075950
GLYOXYLATE-BYPASS: glyoxylate cycle	498.2347419954
GLYOXYLATE-BYPASS: glyoxylate cycle|g__Escherichia.s__Escherichia_coli	447.7697356456
GLYOXYLATE-BYPASS: glyoxylate cycle|unclassified	43.4103649264
PWY4LZ-257: superpathway of fermentation (Chlamydomonas reinhardtii)	496.7086907906
PWY4LZ-257: superpathway of fermentation (Chlamydomonas reinhardtii)|g__Escherichia.s__Escherichia_coli	384.4688742631
PWY4LZ-257: superpathway of fermentation (Chlamydomonas reinhardtii)|unclassified	14.4806715271
FUCCAT-PWY: fucose degradation	496.0272448032
FUCCAT-PWY: fucose degradation|g__Escherichia.s__Escherichia_coli	387.7848902090
FUC-RHAMCAT-PWY: superpathway of fucose and rhamnose degradation	484.7502390044
FUC-RHAMCAT-PWY: superpathway of fucose and rhamnose degradation|g__Escherichia.s__Escherichia_coli	439.3843681511
PWY-6151: S-adenosyl-L-methionine salvage I	479.2629044981
PWY-6151: S-adenosyl-L-methionine salvage I|g__Escherichia.s__Escherichia_coli	352.0083511787
PWY-6151: S-adenosyl-L-methionine salvage I|g__Cutibacterium.s__Cutibacterium_acnes	38.1795852357
PWY-6125: superpathway of guanosine nucleotides de novo biosynthesis II	477.0973602213
PWY-6125: superpathway of guanosine nucleotides de novo biosynthesis II|g__Escherichia.s__Escherichia_coli	399.7372491209
PWY-6125: superpathway of guanosine nucleotides de novo biosynthesis II|g__Cutibacterium.s__Cutibacterium_acnes	28.4336531719
NAGLIPASYN-PWY: lipid IVA biosynthesis (E. coli)	474.5497600742
NAGLIPASYN-PWY: lipid IVA biosynthesis (E. coli)|g__Escherichia.s__Escherichia_coli	403.1505634705
NAGLIPASYN-PWY: lipid IVA biosynthesis (E. coli)|g__Staphylococcus.s__Staphylococcus_epidermidis	51.8372111210
P4-PWY: superpathway of L-lysine, L-threonine and L-methionine biosynthesis I	471.3788349745
P4-PWY: superpathway of L-lysine, L-threonine and L-methionine biosynthesis I|g__Escherichia.s__Escherichia_coli	350.6440356704
GALACTARDEG-PWY: D-galactarate degradation I	467.5145804180
GALACTARDEG-PWY: D-galactarate degradation I|g__Escherichia.s__Escherichia_coli	414.6409256616
GALACTARDEG-PWY: D-galactarate degradation I|unclassified	42.3018721985
GLUCARGALACTSUPER-PWY: superpathway of D-glucarate and D-galactarate degradation	467.5145804180
GLUCARGALACTSUPER-PWY: superpathway of D-glucarate and D-galactarate degradation|g__Escherichia.s__Escherichia_coli	414.6409256616
GLUCARGALACTSUPER-PWY: superpathway of D-glucarate and D-galactarate degradation|unclassified	42.3018721985
PWY0-781: aspartate superpathway	466.5860222498
PWY0-781: aspartate superpathway|g__Escherichia.s__Escherichia_coli	328.9781466019
PWY-6609: adenine and adenosine salvage III	465.7436946915
PWY-6609: adenine and adenosine salvage III|g__Escherichia.s__Escherichia_coli	406.5672800304
PWY-6609: adenine and adenosine salvage III|unclassified	38.6792268775
PWY-6609: adenine and adenosine salvage III|g__Cutibacterium.s__Cutibacterium_acnes	24.1018260122
PWY-7221: guanosine ribonucleotides de novo biosynthesis	461.3525020315
PWY-7221: guanosine ribonucleotides de novo biosynthesis|g__Escherichia.s__Escherichia_coli	406.7442168685
PWY-7221: guanosine ribonucleotides de novo biosynthesis|unclassified	31.8277259917
PWY-7221: guanosine ribonucleotides de novo biosynthesis|g__Cutibacterium.s__Cutibacterium_acnes	27.4374634797
SO4ASSIM-PWY: assimilatory sulfate reduction I	458.8384547212
SO4ASSIM-PWY: assimilatory sulfate reduction I|g__Escherichia.s__Escherichia_coli	435.7659353637
1CMET2-PWY: folate transformations III (E. coli)	455.7341464740
1CMET2-PWY: folate transformations III (E. coli)|g__Escherichia.s__Escherichia_coli	389.7661294686
1CMET2-PWY: folate transformations III (E. coli)|g__Cutibacterium.s__Cutibacterium_acnes	21.6883879989
PWY-6803: phosphatidylcholine acyl editing	452.3396659608
PWY-6803: phosphatidylcholine acyl editing|g__Escherichia.s__Escherichia_coli	375.2279548297
PYRIDOXSYN-PWY: pyridoxal 5'-phosphate biosynthesis I	451.4865622905
PYRIDOXSYN-PWY: pyridoxal 5'-phosphate biosynthesis I|g__Escherichia.s__Escherichia_coli	361.2656850651
PWY-5838: superpathway of menaquinol-8 biosynthesis I	450.6384994709
PWY-5838: superpathway of menaquinol-8 biosynthesis I|g__Escherichia.s__Escherichia_coli	367.2561334494
PWY-841: superpathway of purine nucleotides de novo biosynthesis I	445.4072841061
PWY-841: superpathway of purine nucleotides de novo biosynthesis I|g__Escherichia.s__Escherichia_coli	371.6669804654
SULFATE-CYS-PWY: superpathway of sulfate assimilation and cysteine biosynthesis	444.9357977301
SULFATE-CYS-PWY: superpathway of sulfate assimilation and cysteine biosynthesis|g__Escherichia.s__Escherichia_coli	395.9150958441
PWY-5897: superpathway of menaquinol-11 biosynthesis	442.4342342839
PWY-5897: superpathway of menaquinol-11 biosynthesis|g__Escherichia.s__Escherichia_coli	356.3608963755
PWY-5898: superpathway of menaquinol-12 biosynthesis	442.4342342839
PWY-5898: superpathway of menaquinol-12 biosynthesis|g__Escherichia.s__Escherichia_coli	356.3608963755
PWY-5899: superpathway of menaquinol-13 biosynthesis	442.4342342839
PWY-5899: superpathway of menaquinol-13 biosynthesis|g__Escherichia.s__Escherichia_coli	356.3608963755
PWY-4702: phytate degradation I	442.3606152521
PWY-4702: phytate degradation I|g__Escherichia.s__Escherichia_coli	397.1460349947
ANAEROFRUCAT-PWY: homolactic fermentation	440.6135886853
ANAEROFRUCAT-PWY: homolactic fermentation|g__Escherichia.s__Escherichia_coli	335.6940270518
PWY0-1298: superpathway of pyrimidine deoxyribonucleosides degradation	440.2522863844
PWY0-1298: superpathway of pyrimidine deoxyribonucleosides degradation|g__Escherichia.s__Escherichia_coli	423.9193472121
PWY-5861: superpathway of demethylmenaquinol-8 biosynthesis I	436.9998515861
PWY-5861: superpathway of demethylmenaquinol-8 biosynthesis I|g__Escherichia.s__Escherichia_coli	344.4336971520
PWY-7282: 4-amino-2-methyl-5-diphosphomethylpyrimidine biosynthesis II	435.5580169644
PWY-7282: 4-amino-2-methyl-5-diphosphomethylpyrimidine biosynthesis II|g__Escherichia.s__Escherichia_coli	389.3525887378
PWY-5659: GDP-mannose biosynthesis	434.2738292957
PWY-5659: GDP-mannose biosynthesis|g__Escherichia.s__Escherichia_coli	224.9663084872
PWY-5659: GDP-mannose biosynthesis|unclassified	128.5320580316
PWY-6163: chorismate biosynthesis from 3-dehydroquinate	426.3809053911
PWY-6163: chorismate biosynthesis from 3-dehydroquinate|g__Escherichia.s__Escherichia_coli	354.9296776231
PWY-6531: mannitol cycle	426.3027007340
PWY-6531: mannitol cycle|g__Escherichia.s__Escherichia_coli	331.0455816615
PWY-6531: mannitol cycle|g__Staphylococcus.s__Staphylococcus_epidermidis	42.8139438498
PWY-6531: mannitol cycle|unclassified	12.7357726950
PANTO-PWY: phosphopantothenate biosynthesis I	425.7910463894
PANTO-PWY: phosphopantothenate biosynthesis I|g__Escherichia.s__Escherichia_coli	409.9810015381
PWY-1269: CMP-3-deoxy-D-manno-octulosonate biosynthesis	423.1232946401
PWY-1269: CMP-3-deoxy-D-manno-octulosonate biosynthesis|g__Escherichia.s__Escherichia_coli	382.4130583285
FAO-PWY: fatty acid &beta;-oxidation I (generic)	420.6688824111
FAO-PWY: fatty acid &beta;-oxidation I (generic)|g__Escherichia.s__Escherichia_coli	405.0785723136
FAO-PWY: fatty acid &beta;-oxidation I (generic)|unclassified	43.2694683380
PWY-7560: methylerythritol phosphate pathway II	420.6439064587
PWY-7560: methylerythritol phosphate pathway II|g__Escherichia.s__Escherichia_coli	345.0046963873
PWY-7560: methylerythritol phosphate pathway II|unclassified	27.7443629208
PWY-7560: methylerythritol phosphate pathway II|g__Cutibacterium.s__Cutibacterium_acnes	21.7680765319
PWY-5840: superpathway of menaquinol-7 biosynthesis	420.2126804209
PWY-5840: superpathway of menaquinol-7 biosynthesis|g__Escherichia.s__Escherichia_coli	326.9392682283
PWY-5845: superpathway of menaquinol-9 biosynthesis	420.2126804209
PWY-5845: superpathway of menaquinol-9 biosynthesis|g__Escherichia.s__Escherichia_coli	326.9392682283
PWY-5850: superpathway of menaquinol-6 biosynthesis	420.2126804209
PWY-5850: superpathway of menaquinol-6 biosynthesis|g__Escherichia.s__Escherichia_coli	326.9392682283
PWY-5896: superpathway of menaquinol-10 biosynthesis	420.2126804209
PWY-5896: superpathway of menaquinol-10 biosynthesis|g__Escherichia.s__Escherichia_coli	326.9392682283
PWY-2942: L-lysine biosynthesis III	418.7248989333
PWY-2942: L-lysine biosynthesis III|g__Escherichia.s__Escherichia_coli	366.8835752085
PWY-2942: L-lysine biosynthesis III|g__Cutibacterium.s__Cutibacterium_acnes	21.3106437643
DAPLYSINESYN-PWY: L-lysine biosynthesis I	418.3537437002
DAPLYSINESYN-PWY: L-lysine biosynthesis I|g__Escherichia.s__Escherichia_coli	304.6599337232
DAPLYSINESYN-PWY: L-lysine biosynthesis I|g__Cutibacterium.s__Cutibacterium_acnes	23.0426250444
PWY-3841: folate transformations II (plants)	416.7700610268
PWY-3841: folate transformations II (plants)|g__Escherichia.s__Escherichia_coli	378.2910529850
PWY-3841: folate transformations II (plants)|g__Cutibacterium.s__Cutibacterium_acnes	24.7870860403
GALACTUROCAT-PWY: D-galacturonate degradation I	414.7823130205
GALACTUROCAT-PWY: D-galacturonate degradation I|g__Escherichia.s__Escherichia_coli	284.7827774969
PWY-6892: thiazole component of thiamine diphosphate biosynthesis I	413.7761812789
PWY-6892: thiazole component of thiamine diphosphate biosynthesis I|g__Escherichia.s__Escherichia_coli	301.0145550020
PWY-6892: thiazole component of thiamine diphosphate biosynthesis I|unclassified	44.1881680200
PWY-5918: superpathway of heme b biosynthesis from glutamate	413.0553079666
PWY-5918: superpathway of heme b biosynthesis from glutamate|g__Escherichia.s__Escherichia_coli	363.8748418667
PWY-5918: superpathway of heme b biosynthesis from glutamate|g__Cutibacterium.s__Cutibacterium_acnes	21.8519025960
HEMESYN2-PWY: heme b biosynthesis II (oxygen-independent)	405.3930107155
HEMESYN2-PWY: heme b biosynthesis II (oxygen-independent)|g__Escherichia.s__Escherichia_coli	353.8415387408
PWY-724: superpathway of L-lysine, L-threonine and L-methionine biosynthesis II	404.9322018086
PWY-724: superpathway of L-lysine, L-threonine and L-methionine biosynthesis II|g__Escherichia.s__Escherichia_coli	253.8400521000
PWY-724: superpathway of L-lysine, L-threonine and L-methionine biosynthesis II|g__Cutibacterium.s__Cutibacterium_acnes	23.1437735132
PWY-7229: superpathway of adenosine nucleotides de novo biosynthesis I	404.2038367651
PWY-7229: superpathway of adenosine nucleotides de novo biosynthesis I|g__Escherichia.s__Escherichia_coli	307.6458906486
PWY-7229: superpathway of adenosine nucleotides de novo biosynthesis I|g__Cutibacterium.s__Cutibacterium_acnes	23.7816819497
PWY-7229: superpathway of adenosine nucleotides de novo biosynthesis I|unclassified	15.7428090959
PWY-5083: NAD(P)/NADPH interconversion	403.4082021968
PWY-5083: NAD(P)/NADPH interconversion|g__Escherichia.s__Escherichia_coli	294.6382828513
PWY-5083: NAD(P)/NADPH interconversion|unclassified	23.1977255022
PWY-5656: mannosylglycerate biosynthesis I	402.3784069462
PWY-5656: mannosylglycerate biosynthesis I|g__Escherichia.s__Escherichia_coli	187.0434083829
PWY-5656: mannosylglycerate biosynthesis I|unclassified	90.0750580247
PWY66-409: superpathway of purine nucleotide salvage	397.9196094852
PWY66-409: superpathway of purine nucleotide salvage|g__Escherichia.s__Escherichia_coli	288.1115250408
PWY66-409: superpathway of purine nucleotide salvage|g__Cutibacterium.s__Cutibacterium_acnes	23.0931245871
PWY-6126: superpathway of adenosine nucleotides de novo biosynthesis II	397.8024511059
PWY-6126: superpathway of adenosine nucleotides de novo biosynthesis II|g__Escherichia.s__Escherichia_coli	306.0393600757
PWY-6126: superpathway of adenosine nucleotides de novo biosynthesis II|g__Cutibacterium.s__Cutibacterium_acnes	23.7032069529
PWY-6126: superpathway of adenosine nucleotides de novo biosynthesis II|unclassified	17.3172041324
PWY-6700: queuosine biosynthesis I (de novo)	397.4977375210
PWY-6700: queuosine biosynthesis I (de novo)|g__Escherichia.s__Escherichia_coli	311.1499241519
PWY-6700: queuosine biosynthesis I (de novo)|unclassified	32.4152412854
PWY-5860: superpathway of demethylmenaquinol-6 biosynthesis I	395.3599188076
PWY-5860: superpathway of demethylmenaquinol-6 biosynthesis I|g__Escherichia.s__Escherichia_coli	293.5149477230
PWY-5862: superpathway of demethylmenaquinol-9 biosynthesis	395.3599188076
PWY-5862: superpathway of demethylmenaquinol-9 biosynthesis|g__Escherichia.s__Escherichia_coli	293.5149477230
GLUCARDEG-PWY: D-glucarate degradation I	393.4339213657
GLUCARDEG-PWY: D-glucarate degradation I|g__Escherichia.s__Escherichia_coli	349.3514811060
GLUCARDEG-PWY: D-glucarate degradation I|unclassified	37.7286359877
PWY0-1277: 3-phenylpropanoate and 3-(3-hydroxyphenyl)propanoate degradation	391.7918405268
PWY0-1277: 3-phenylpropanoate and 3-(3-hydroxyphenyl)propanoate degradation|g__Escherichia.s__Escherichia_coli	359.1982620461
COBALSYN-PWY: superpathway of adenosylcobalamin salvage from cobinamide I	390.5577575585
COBALSYN-PWY: superpathway of adenosylcobalamin salvage from cobinamide I|g__Escherichia.s__Escherichia_coli	342.2788621462
COLANSYN-PWY: colanic acid building blocks biosynthesis	388.0613220321
COLANSYN-PWY: colanic acid building blocks biosynthesis|g__Escherichia.s__Escherichia_coli	244.1487323900
PWY0-845: superpathway of pyridoxal 5'-phosphate biosynthesis and salvage	385.1928481282
PWY0-845: superpathway of pyridoxal 5'-phosphate biosynthesis and salvage|g__Escherichia.s__Escherichia_coli	345.3168765075
PWY-7242: D-fructuronate degradation	382.9394910239
PWY-7242: D-fructuronate degradation|g__Escherichia.s__Escherichia_coli	243.9429999872
PWY-7242: D-fructuronate degradation|g__Staphylococcus.s__Staphylococcus_epidermidis	69.3434095475
PWY-7242: D-fructuronate degradation|unclassified	11.0851793630
PWY-5097: L-lysine biosynthesis VI	381.5603265607
PWY-5097: L-lysine biosynthesis VI|g__Escherichia.s__Escherichia_coli	229.2263990500
PWY-5097: L-lysine biosynthesis VI|g__Cutibacterium.s__Cutibacterium_acnes	22.3751616791
DTDPRHAMSYN-PWY: dTDP-&beta;-L-rhamnose biosynthesis	378.7947694171
DTDPRHAMSYN-PWY: dTDP-&beta;-L-rhamnose biosynthesis|g__Escherichia.s__Escherichia_coli	294.4024578428
DTDPRHAMSYN-PWY: dTDP-&beta;-L-rhamnose biosynthesis|unclassified	55.1970200469
THISYN-PWY: superpathway of thiamine diphosphate biosynthesis I	378.3425302588
THISYN-PWY: superpathway of thiamine diphosphate biosynthesis I|g__Escherichia.s__Escherichia_coli	246.8486394124
P105-PWY: TCA cycle IV (2-oxoglutarate decarboxylase)	375.6717039845
P105-PWY: TCA cycle IV (2-oxoglutarate decarboxylase)|g__Escherichia.s__Escherichia_coli	295.4877831801
PWY-6969: TCA cycle V (2-oxoglutarate synthase)	375.6717039845
PWY-6969: TCA cycle V (2-oxoglutarate synthase)|g__Escherichia.s__Escherichia_coli	295.4877831801
KETOGLUCONMET-PWY: ketogluconate metabolism	375.2584899783
KETOGLUCONMET-PWY: ketogluconate metabolism|g__Escherichia.s__Escherichia_coli	305.5563816054
KETOGLUCONMET-PWY: ketogluconate metabolism|unclassified	30.0990850005
SER-GLYSYN-PWY: superpathway of L-serine and glycine biosynthesis I	375.2340993059
SER-GLYSYN-PWY: superpathway of L-serine and glycine biosynthesis I|g__Escherichia.s__Escherichia_coli	341.0707683533
PWY66-389: phytol degradation	375.1324314688
PWY66-389: phytol degradation|g__Escherichia.s__Escherichia_coli	336.8345279274
PWY66-389: phytol degradation|unclassified	11.6356879562
PYRIDNUCSYN-PWY: NAD de novo biosynthesis I (from aspartate)	372.8913581621
PYRIDNUCSYN-PWY: NAD de novo biosynthesis I (from aspartate)|g__Escherichia.s__Escherichia_coli	272.4096602070
PYRIDNUCSYN-PWY: NAD de novo biosynthesis I (from aspartate)|unclassified	24.6077003131
COA-PWY-1: superpathway of coenzyme A biosynthesis III (mammals)	370.5761053892
COA-PWY-1: superpathway of coenzyme A biosynthesis III (mammals)|g__Escherichia.s__Escherichia_coli	283.1813318134
COA-PWY-1: superpathway of coenzyme A biosynthesis III (mammals)|g__Cutibacterium.s__Cutibacterium_acnes	23.1267710137
PWY-7219: adenosine ribonucleotides de novo biosynthesis	370.0917722532
PWY-7219: adenosine ribonucleotides de novo biosynthesis|g__Escherichia.s__Escherichia_coli	285.6579253893
PWY-7219: adenosine ribonucleotides de novo biosynthesis|g__Cutibacterium.s__Cutibacterium_acnes	23.9413155137
PWY-7219: adenosine ribonucleotides de novo biosynthesis|unclassified	21.3726013945
PWY-5384: sucrose degradation IV (sucrose phosphorylase)	366.6460770075
PWY-5384: sucrose degradation IV (sucrose phosphorylase)|g__Escherichia.s__Escherichia_coli	324.2054183587
PWY-5384: sucrose degradation IV (sucrose phosphorylase)|unclassified	18.3579549943
PWY-5686: UMP biosynthesis I	366.3189069439
PWY-5686: UMP biosynthesis I|g__Escherichia.s__Escherichia_coli	321.9510181576
PWY-5686: UMP biosynthesis I|g__Cutibacterium.s__Cutibacterium_acnes	29.3035690782
PWY0-162: superpathway of pyrimidine ribonucleotides de novo biosynthesis	365.1163562726
PWY0-162: superpathway of pyrimidine ribonucleotides de novo biosynthesis|g__Escherichia.s__Escherichia_coli	312.6749658493
PWY-6897: thiamine diphosphate salvage II	364.5524043385
PWY-6897: thiamine diphosphate salvage II|g__Escherichia.s__Escherichia_coli	341.3309098434
AST-PWY: L-arginine degradation II (AST pathway)	357.2638427320
AST-PWY: L-arginine degradation II (AST pathway)|g__Escherichia.s__Escherichia_coli	327.8092526109
AST-PWY: L-arginine degradation II (AST pathway)|unclassified	28.6991911273
PWY-6124: inosine-5'-phosphate biosynthesis II	353.8375587974
PWY-6124: inosine-5'-phosphate biosynthesis II|g__Escherichia.s__Escherichia_coli	336.1945070945
PWY-6124: inosine-5'-phosphate biosynthesis II|unclassified	34.1136560724
PWY-6731: starch degradation III	346.8815315898
PWY-6731: starch degradation III|g__Escherichia.s__Escherichia_coli	320.4676500452
GLUCOSE1PMETAB-PWY: glucose and glucose-1-phosphate degradation	341.3884374623
GLUCOSE1PMETAB-PWY: glucose and glucose-1-phosphate degradation|g__Escherichia.s__Escherichia_coli	275.5147883551
GLUCOSE1PMETAB-PWY: glucose and glucose-1-phosphate degradation|unclassified	65.0610685219
PWY0-42: 2-methylcitrate cycle I	341.2945450121
PWY0-42: 2-methylcitrate cycle I|g__Escherichia.s__Escherichia_coli	239.0713391367
PWY0-42: 2-methylcitrate cycle I|unclassified	30.7553006144
PWY0-1479: tRNA processing	340.0470419081
PWY0-1479: tRNA processing|g__Escherichia.s__Escherichia_coli	245.9648308252
PWY0-1479: tRNA processing|unclassified	31.8773131285
PWY-7357: thiamine phosphate formation from pyrithiamine and oxythiamine (yeast)	338.4596040990
PWY-7357: thiamine phosphate formation from pyrithiamine and oxythiamine (yeast)|g__Escherichia.s__Escherichia_coli	320.1097487915
OANTIGEN-PWY: O-antigen building blocks biosynthesis (E. coli)	337.1591143083
OANTIGEN-PWY: O-antigen building blocks biosynthesis (E. coli)|g__Escherichia.s__Escherichia_coli	295.1627653433
OANTIGEN-PWY: O-antigen building blocks biosynthesis (E. coli)|unclassified	11.3122097512
HISTSYN-PWY: L-histidine biosynthesis	335.0309514349
HISTSYN-PWY: L-histidine biosynthesis|g__Escherichia.s__Escherichia_coli	244.2144655509
HISTSYN-PWY: L-histidine biosynthesis|g__Cutibacterium.s__Cutibacterium_acnes	18.6860959660
PWY-5837: 2-carboxy-1,4-naphthoquinol biosynthesis	331.9113195994
PWY-5837: 2-carboxy-1,4-naphthoquinol biosynthesis|g__Escherichia.s__Escherichia_coli	248.5559754424
PWY-5367: petroselinate biosynthesis	329.6866896158
PWY-5367: petroselinate biosynthesis|g__Escherichia.s__Escherichia_coli	136.4254501703
PWY-5367: petroselinate biosynthesis|g__Staphylococcus.s__Staphylococcus_epidermidis	31.4701180233
PWY-7323: superpathway of GDP-mannose-derived O-antigen building blocks biosynthesis	328.0116965132
PWY-7323: superpathway of GDP-mannose-derived O-antigen building blocks biosynthesis|g__Escherichia.s__Escherichia_coli	165.0567358041
PWY-6507: 4-deoxy-L-threo-hex-4-enopyranuronate degradation	326.5025332757
PWY-6507: 4-deoxy-L-threo-hex-4-enopyranuronate degradation|g__Escherichia.s__Escherichia_coli	221.2767456235
PWY-6507: 4-deoxy-L-threo-hex-4-enopyranuronate degradation|unclassified	11.4035353827
DENOVOPURINE2-PWY: superpathway of purine nucleotides de novo biosynthesis II	325.0467623546
DENOVOPURINE2-PWY: superpathway of purine nucleotides de novo biosynthesis II|g__Escherichia.s__Escherichia_coli	203.2952913293
PWY0-1415: superpathway of heme b biosynthesis from uroporphyrinogen-III	324.9819744946
PWY0-1415: superpathway of heme b biosynthesis from uroporphyrinogen-III|g__Escherichia.s__Escherichia_coli	304.2546407662
HEME-BIOSYNTHESIS-II: heme b biosynthesis I (aerobic)	320.0893816913
HEME-BIOSYNTHESIS-II: heme b biosynthesis I (aerobic)|g__Escherichia.s__Escherichia_coli	292.3839025230
HEME-BIOSYNTHESIS-II: heme b biosynthesis I (aerobic)|g__Cutibacterium.s__Cutibacterium_acnes	21.2773471767
PWY-5747: 2-methylcitrate cycle II	317.9322295612
PWY-5747: 2-methylcitrate cycle II|g__Escherichia.s__Escherichia_coli	218.3874759665
PWY-5747: 2-methylcitrate cycle II|unclassified	28.6425847790
PWY-5100: pyruvate fermentation to acetate and lactate II	314.3182427035
PWY-5100: pyruvate fermentation to acetate and lactate II|g__Escherichia.s__Escherichia_coli	224.8458525271
PWY-5100: pyruvate fermentation to acetate and lactate II|unclassified	21.0280596303
PRPP-PWY: superpathway of histidine, purine, and pyrimidine biosynthesis	313.2327549284
PRPP-PWY: superpathway of histidine, purine, and pyrimidine biosynthesis|g__Escherichia.s__Escherichia_coli	199.5647972039
PWY0-1061: superpathway of L-alanine biosynthesis	312.0136001114
PWY0-1061: superpathway of L-alanine biosynthesis|g__Escherichia.s__Escherichia_coli	133.2065910857
PANTOSYN-PWY: superpathway of coenzyme A biosynthesis I (bacteria)	310.8465987502
PANTOSYN-PWY: superpathway of coenzyme A biosynthesis I (bacteria)|g__Escherichia.s__Escherichia_coli	267.3780907590
PWY-7254: TCA cycle VII (acetate-producers)	310.7423178844
PWY-7254: TCA cycle VII (acetate-producers)|g__Escherichia.s__Escherichia_coli	234.8613420199
PWY-5791	308.0029414771
PWY-5791|g__Escherichia.s__Escherichia_coli	223.3021029129
COA-PWY: coenzyme A biosynthesis I (prokaryotic)	307.8458355999
COA-PWY: coenzyme A biosynthesis I (prokaryotic)|g__Escherichia.s__Escherichia_coli	255.5935382818
COA-PWY: coenzyme A biosynthesis I (prokaryotic)|g__Cutibacterium.s__Cutibacterium_acnes	24.5911801593
HCAMHPDEG-PWY: 3-phenylpropanoate and 3-(3-hydroxyphenyl)propanoate degradation to 2-hydroxypentadienoate	302.2974001953
HCAMHPDEG-PWY: 3-phenylpropanoate and 3-(3-hydroxyphenyl)propanoate degradation to 2-hydroxypentadienoate|g__Escherichia.s__Escherichia_coli	272.5121784932
PWY-6690: cinnamate and 3-hydroxycinnamate degradation to 2-hydroxypentadienoate	302.2974001953
PWY-6690: cinnamate and 3-hydroxycinnamate degradation to 2-hydroxypentadienoate|g__Escherichia.s__Escherichia_coli	272.5121784932
FOLSYN-PWY: superpathway of tetrahydrofolate biosynthesis and salvage	298.3319820992
FOLSYN-PWY: superpathway of tetrahydrofolate biosynthesis and salvage|g__Escherichia.s__Escherichia_coli	222.2172546545
PWY-5690: TCA cycle II (plants and fungi)	297.8232794529
PWY-5690: TCA cycle II (plants and fungi)|g__Escherichia.s__Escherichia_coli	226.4672054090
PWY-7315: dTDP-N-acetylthomosamine biosynthesis	292.6651209594
PWY-7315: dTDP-N-acetylthomosamine biosynthesis|g__Escherichia.s__Escherichia_coli	226.0494799519
PWY-7315: dTDP-N-acetylthomosamine biosynthesis|unclassified	13.8695186589
PWY-6703: preQ0 biosynthesis	292.4248842270
PWY-6703: preQ0 biosynthesis|g__Escherichia.s__Escherichia_coli	265.1217561717
PWY-7204: pyridoxal 5'-phosphate salvage II (plants)	290.5253588309
PWY-7204: pyridoxal 5'-phosphate salvage II (plants)|g__Escherichia.s__Escherichia_coli	277.1615687704
POLYISOPRENSYN-PWY: polyisoprenoid biosynthesis (E. coli)	288.3895748504
POLYISOPRENSYN-PWY: polyisoprenoid biosynthesis (E. coli)|g__Escherichia.s__Escherichia_coli	255.7911121231
NONMEVIPP-PWY: methylerythritol phosphate pathway I	283.5461238440
NONMEVIPP-PWY: methylerythritol phosphate pathway I|g__Escherichia.s__Escherichia_coli	214.4270720901
NONMEVIPP-PWY: methylerythritol phosphate pathway I|g__Cutibacterium.s__Cutibacterium_acnes	29.5188576645
PWY-7199: pyrimidine deoxyribonucleosides salvage	281.8177150151
PWY-7199: pyrimidine deoxyribonucleosides salvage|g__Escherichia.s__Escherichia_coli	248.2136726641
PWY-7199: pyrimidine deoxyribonucleosides salvage|g__Cutibacterium.s__Cutibacterium_acnes	16.2345956565
METHGLYUT-PWY: superpathway of methylglyoxal degradation	281.3674194112
METHGLYUT-PWY: superpathway of methylglyoxal degradation|g__Escherichia.s__Escherichia_coli	219.2145679203
PWY-6147: 6-hydroxymethyl-dihydropterin diphosphate biosynthesis I	281.0498736411
PWY-6147: 6-hydroxymethyl-dihydropterin diphosphate biosynthesis I|g__Escherichia.s__Escherichia_coli	239.1679427950
PWY-6147: 6-hydroxymethyl-dihydropterin diphosphate biosynthesis I|unclassified	9.5996543946
PWY-7197: pyrimidine deoxyribonucleotide phosphorylation	280.6084648020
PWY-7197: pyrimidine deoxyribonucleotide phosphorylation|g__Escherichia.s__Escherichia_coli	228.6762324292
PWY-7197: pyrimidine deoxyribonucleotide phosphorylation|unclassified	27.1256857695
PWY-7197: pyrimidine deoxyribonucleotide phosphorylation|g__Cutibacterium.s__Cutibacterium_acnes	18.5973792298
PWY-7208: superpathway of pyrimidine nucleobases salvage	278.8842720205
PWY-7208: superpathway of pyrimidine nucleobases salvage|g__Escherichia.s__Escherichia_coli	208.6222090816
PWY-7208: superpathway of pyrimidine nucleobases salvage|g__Cutibacterium.s__Cutibacterium_acnes	27.7993378319
PWY-7208: superpathway of pyrimidine nucleobases salvage|unclassified	18.2364200362
RIBOSYN2-PWY: flavin biosynthesis I (bacteria and plants)	275.1417216793
RIBOSYN2-PWY: flavin biosynthesis I (bacteria and plants)|g__Escherichia.s__Escherichia_coli	165.3799962296
PWY-7234: inosine-5'-phosphate biosynthesis III	274.1633524078
PWY-7234: inosine-5'-phosphate biosynthesis III|g__Escherichia.s__Escherichia_coli	215.1593285198
PWY-6612: superpathway of tetrahydrofolate biosynthesis	273.2781897734
PWY-6612: superpathway of tetrahydrofolate biosynthesis|g__Escherichia.s__Escherichia_coli	188.5731071617
PWY0-1338: polymyxin resistance	273.0554616353
PWY0-1338: polymyxin resistance|g__Escherichia.s__Escherichia_coli	265.3880534226
PWY-7115: C4 photosynthetic carbon assimilation cycle, NAD-ME type	271.0314720274
PWY-7115: C4 photosynthetic carbon assimilation cycle, NAD-ME type|g__Escherichia.s__Escherichia_coli	253.2604834678
PWY-6168: flavin biosynthesis III (fungi)	262.5607726194
PWY-6168: flavin biosynthesis III (fungi)|g__Escherichia.s__Escherichia_coli	164.6480926133
PWY-7539: 6-hydroxymethyl-dihydropterin diphosphate biosynthesis III (Chlamydia)	261.3347237303
PWY-7539: 6-hydroxymethyl-dihydropterin diphosphate biosynthesis III (Chlamydia)|g__Escherichia.s__Escherichia_coli	231.1033507232
PWY-6901: superpathway of glucose and xylose degradation	246.8480428768
PWY-6270: isoprene biosynthesis I	246.1385684353
PWY-6270: isoprene biosynthesis I|g__Cutibacterium.s__Cutibacterium_acnes	22.9790318850
PPGPPMET-PWY: ppGpp metabolism	236.8064378345
PPGPPMET-PWY: ppGpp metabolism|g__Escherichia.s__Escherichia_coli	108.8625743490
PWY-5920: superpathway of heme b biosynthesis from glycine	233.1885342632
PWY-5920: superpathway of heme b biosynthesis from glycine|g__Escherichia.s__Escherichia_coli	199.3897047059
PWY0-1241: ADP-L-glycero-&beta;-D-manno-heptose biosynthesis	225.6925708987
PWY0-1241: ADP-L-glycero-&beta;-D-manno-heptose biosynthesis|g__Escherichia.s__Escherichia_coli	194.7014995116
PWY0-1241: ADP-L-glycero-&beta;-D-manno-heptose biosynthesis|unclassified	14.0367026874
PWY-5497: purine nucleobases degradation II (anaerobic)	221.5828903589
PWY-5497: purine nucleobases degradation II (anaerobic)|g__Escherichia.s__Escherichia_coli	164.4947873277
PWY-7237: myo-, chiro- and scyllo-inositol degradation	212.7066498547
PWY-7237: myo-, chiro- and scyllo-inositol degradation|g__Escherichia.s__Escherichia_coli	212.7066498547
PWY-7269: mitochondrial NADPH production (yeast)	212.6219614935
PWY-7269: mitochondrial NADPH production (yeast)|g__Escherichia.s__Escherichia_coli	200.7202984313
PWY-7184: pyrimidine deoxyribonucleotides de novo biosynthesis I	206.1568360932
PWY-7184: pyrimidine deoxyribonucleotides de novo biosynthesis I|g__Escherichia.s__Escherichia_coli	186.4039458302
PWY-7184: pyrimidine deoxyribonucleotides de novo biosynthesis I|unclassified	11.2826653818
PWY-6630: superpathway of L-tyrosine biosynthesis	204.8060404544
PWY-6630: superpathway of L-tyrosine biosynthesis|g__Escherichia.s__Escherichia_coli	141.8057359266
PWY-2723: trehalose degradation V	199.4832571424
PWY-2723: trehalose degradation V|g__Escherichia.s__Escherichia_coli	144.6987760575
PWY0-166: superpathway of pyrimidine deoxyribonucleotides de novo biosynthesis (E. coli)	194.2468455616
PWY0-166: superpathway of pyrimidine deoxyribonucleotides de novo biosynthesis (E. coli)|g__Escherichia.s__Escherichia_coli	174.0914257342
PWY0-166: superpathway of pyrimidine deoxyribonucleotides de novo biosynthesis (E. coli)|unclassified	10.7232262760
TRPSYN-PWY: L-tryptophan biosynthesis	192.5871052289
TRPSYN-PWY: L-tryptophan biosynthesis|g__Escherichia.s__Escherichia_coli	166.1066595817
TRPSYN-PWY: L-tryptophan biosynthesis|unclassified	23.6576470488
PWY-4242	187.8921846370
PWY-4242|g__Escherichia.s__Escherichia_coli	140.9927391328
PWY-4242|g__Cutibacterium.s__Cutibacterium_acnes	18.9852888200
GALACT-GLUCUROCAT-PWY: superpathway of hexuronide and hexuronate degradation	184.8245147891
GALACT-GLUCUROCAT-PWY: superpathway of hexuronide and hexuronate degradation|g__Escherichia.s__Escherichia_coli	169.2627387747
PWY-7187: pyrimidine deoxyribonucleotides de novo biosynthesis II	163.3559724205
PWY-7187: pyrimidine deoxyribonucleotides de novo biosynthesis II|g__Escherichia.s__Escherichia_coli	118.4890261099
PWY-7446: sulfoquinovose degradation I	160.3704466802
PWY-7446: sulfoquinovose degradation I|g__Escherichia.s__Escherichia_coli	116.0173240484
PWY-7328: superpathway of UDP-glucose-derived O-antigen building blocks biosynthesis	159.7064845834
PWY-6588: pyruvate fermentation to acetone	154.0766755852
PWY-6588: pyruvate fermentation to acetone|g__Escherichia.s__Escherichia_coli	134.2293698870
PWY-6588: pyruvate fermentation to acetone|unclassified	11.5547511568
PWY-4321: L-glutamate degradation IV	153.3185920206
PWY-4321: L-glutamate degradation IV|g__Escherichia.s__Escherichia_coli	98.9667841068
PWY-5705: allantoin degradation to glyoxylate III	151.2907745709
PWY-5705: allantoin degradation to glyoxylate III|g__Escherichia.s__Escherichia_coli	142.2324465894
PWY-6823: molybdopterin biosynthesis	149.7194428287
PWY-6823: molybdopterin biosynthesis|g__Escherichia.s__Escherichia_coli	139.6964697381
UBISYN-PWY: superpathway of ubiquinol-8 biosynthesis (early decarboxylation)	149.6538353550
UBISYN-PWY: superpathway of ubiquinol-8 biosynthesis (early decarboxylation)|g__Escherichia.s__Escherichia_coli	135.3876614178
ECASYN-PWY: enterobacterial common antigen biosynthesis	138.3853164022
ECASYN-PWY: enterobacterial common antigen biosynthesis|g__Escherichia.s__Escherichia_coli	131.9016950363
GLUCUROCAT-PWY: superpathway of &beta;-D-glucuronosides degradation	136.5049332585
GLUCUROCAT-PWY: superpathway of &beta;-D-glucuronosides degradation|g__Escherichia.s__Escherichia_coli	125.7207927905
PWY-6708: ubiquinol-8 biosynthesis (early decarboxylation)	136.3450944388
PWY-6708: ubiquinol-8 biosynthesis (early decarboxylation)|g__Escherichia.s__Escherichia_coli	123.0487251031
GLUDEG-I-PWY: GABA shunt	132.6265733685
GLUDEG-I-PWY: GABA shunt|g__Escherichia.s__Escherichia_coli	85.8519101314
PWY-5855: ubiquinol-7 biosynthesis (early decarboxylation)	131.9724086815
PWY-5855: ubiquinol-7 biosynthesis (early decarboxylation)|g__Escherichia.s__Escherichia_coli	118.7938324996
PWY-5856: ubiquinol-9 biosynthesis (early decarboxylation)	131.9724086815
PWY-5856: ubiquinol-9 biosynthesis (early decarboxylation)|g__Escherichia.s__Escherichia_coli	118.7938324996
PWY-5857: ubiquinol-10 biosynthesis (early decarboxylation)	131.9724086815
PWY-5857: ubiquinol-10 biosynthesis (early decarboxylation)|g__Escherichia.s__Escherichia_coli	118.7938324996
PWY-7209: superpathway of pyrimidine ribonucleosides degradation	129.4910823813
PWY-7209: superpathway of pyrimidine ribonucleosides degradation|g__Escherichia.s__Escherichia_coli	126.6831391288
PWY-7094: fatty acid salvage	122.7272163597
PWY-7094: fatty acid salvage|unclassified	70.8149191618
P221-PWY: octane oxidation	113.7780650730
P221-PWY: octane oxidation|g__Escherichia.s__Escherichia_coli	110.5779770432
P108-PWY: pyruvate fermentation to propanoate I	111.2057176822
LPSSYN-PWY: superpathway of lipopolysaccharide biosynthesis	101.4635869608
LPSSYN-PWY: superpathway of lipopolysaccharide biosynthesis|g__Escherichia.s__Escherichia_coli	98.8782269060
PYRIDNUCSAL-PWY: NAD salvage pathway I (PNC VI cycle)	93.2960961553
PWY-241: C4 photosynthetic carbon assimilation cycle, NADP-ME type	72.9206872402
PWY0-41: allantoin degradation IV (anaerobic)	71.7250960778
PWY0-41: allantoin degradation IV (anaerobic)|g__Escherichia.s__Escherichia_coli	30.2282053944
PWY0-41: allantoin degradation IV (anaerobic)|unclassified	16.1186326152
KDO-NAGLIPASYN-PWY: superpathway of (Kdo)2-lipid A biosynthesis	71.0312357461
KDO-NAGLIPASYN-PWY: superpathway of (Kdo)2-lipid A biosynthesis|g__Escherichia.s__Escherichia_coli	64.0363147930
GLYCOL-GLYOXDEG-PWY: superpathway of glycol metabolism and degradation	68.9876326403
GLYCOL-GLYOXDEG-PWY: superpathway of glycol metabolism and degradation|g__Escherichia.s__Escherichia_coli	57.7954347921
GLYCOL-GLYOXDEG-PWY: superpathway of glycol metabolism and degradation|unclassified	26.0458446585
PWY-5121: superpathway of geranylgeranyl diphosphate biosynthesis II (via MEP)	60.6001089320
PWY0-1533: methylphosphonate degradation I	53.2421883840
PWY-5005: biotin biosynthesis II	52.3564746521
PWY-6467: Kdo transfer to lipid IVA III (Chlamydia)	50.5705766333
PWY-6467: Kdo transfer to lipid IVA III (Chlamydia)|g__Escherichia.s__Escherichia_coli	50.5705766333
PWY-4981: L-proline biosynthesis II (from arginine)	46.6418699761
PWY-4981: L-proline biosynthesis II (from arginine)|g__Cutibacterium.s__Cutibacterium_acnes	27.2572508957
PWY-7409: phospholipid remodeling (phosphatidylethanolamine, yeast)	43.8333291763
P122-PWY: heterolactic fermentation	42.1710536281
PWY-7616: methanol oxidation to carbon dioxide	41.9805464170
PWY-5692: allantoin degradation to glyoxylate II	34.9163990895
URDEGR-PWY: superpathway of allantoin degradation in plants	34.9163990895
HISDEG-PWY: L-histidine degradation I	29.2445595777
HISDEG-PWY: L-histidine degradation I|g__Cutibacterium.s__Cutibacterium_acnes	29.2445595777
PWY-5028: L-histidine degradation II	28.3062800310
PWY-5028: L-histidine degradation II|g__Cutibacterium.s__Cutibacterium_acnes	28.3062800310
PWY-6859: all-trans-farnesol biosynthesis	25.5428640594
PWY-6859: all-trans-farnesol biosynthesis|unclassified	14.1838240667
NAD-BIOSYNTHESIS-II: NAD salvage pathway III (to nicotinamide riboside)	23.2783688549
NAD-BIOSYNTHESIS-II: NAD salvage pathway III (to nicotinamide riboside)|unclassified	15.0722931278