# Pathway	COAD_noFFPEOnlyPrimaryNoRiboZeroG_mutation_burden_high_17random_30_Abundance
UNMAPPED	1031779.7997389421
UNINTEGRATED	280967.8272486546
UNINTEGRATED|g__Escherichia.s__Escherichia_coli	155189.3237512900
UNINTEGRATED|unclassified	86307.2707016263
PWY0-1586: peptidoglycan maturation (meso-diaminopimelate containing)	405.9739124209
PWY0-1586: peptidoglycan maturation (meso-diaminopimelate containing)|g__Escherichia.s__Escherichia_coli	195.5025708609
PWY0-1586: peptidoglycan maturation (meso-diaminopimelate containing)|unclassified	168.8697540909
SALVADEHYPOX-PWY: adenosine nucleotides degradation II	272.9389320656
SALVADEHYPOX-PWY: adenosine nucleotides degradation II|g__Escherichia.s__Escherichia_coli	210.9412680957
SALVADEHYPOX-PWY: adenosine nucleotides degradation II|unclassified	41.7212825553
PWY-5695: inosine 5'-phosphate degradation	250.6232378402
PWY-5695: inosine 5'-phosphate degradation|g__Escherichia.s__Escherichia_coli	203.3493736195
PWY-5695: inosine 5'-phosphate degradation|unclassified	44.0076403480
PWY-6608: guanosine nucleotides degradation III	250.6232378402
PWY-6608: guanosine nucleotides degradation III|g__Escherichia.s__Escherichia_coli	203.3493736195
PWY-6608: guanosine nucleotides degradation III|unclassified	52.9618313434
PWY-7111: pyruvate fermentation to isobutanol (engineered)	245.1258205086
PWY-7111: pyruvate fermentation to isobutanol (engineered)|g__Escherichia.s__Escherichia_coli	209.8474051411
PWY-7111: pyruvate fermentation to isobutanol (engineered)|unclassified	71.2205352083
P461-PWY: hexitol fermentation to lactate, formate, ethanol and acetate	223.0952299029
P461-PWY: hexitol fermentation to lactate, formate, ethanol and acetate|g__Escherichia.s__Escherichia_coli	185.6472513981
P461-PWY: hexitol fermentation to lactate, formate, ethanol and acetate|unclassified	36.4338635582
ORNDEG-PWY: superpathway of ornithine degradation	213.4686887344
ORNDEG-PWY: superpathway of ornithine degradation|g__Escherichia.s__Escherichia_coli	137.8439883004
ORNDEG-PWY: superpathway of ornithine degradation|unclassified	56.9832594817
ILEUSYN-PWY: L-isoleucine biosynthesis I (from threonine)	206.6632072858
ILEUSYN-PWY: L-isoleucine biosynthesis I (from threonine)|g__Escherichia.s__Escherichia_coli	151.0213847216
ILEUSYN-PWY: L-isoleucine biosynthesis I (from threonine)|unclassified	66.9649375643
VALSYN-PWY: L-valine biosynthesis	206.6632072858
VALSYN-PWY: L-valine biosynthesis|g__Escherichia.s__Escherichia_coli	151.0213847216
VALSYN-PWY: L-valine biosynthesis|unclassified	66.9649375643
NONOXIPENT-PWY: pentose phosphate pathway (non-oxidative branch) I	199.1553691347
NONOXIPENT-PWY: pentose phosphate pathway (non-oxidative branch) I|g__Escherichia.s__Escherichia_coli	157.1772663885
PWY-6737: starch degradation V	196.1736805608
PWY-6737: starch degradation V|g__Escherichia.s__Escherichia_coli	131.5126173378
PWY-6737: starch degradation V|unclassified	67.3506739364
UDPNAGSYN-PWY: UDP-N-acetyl-D-glucosamine biosynthesis I	188.0618565162
UDPNAGSYN-PWY: UDP-N-acetyl-D-glucosamine biosynthesis I|g__Escherichia.s__Escherichia_coli	151.2355518373
UDPNAGSYN-PWY: UDP-N-acetyl-D-glucosamine biosynthesis I|unclassified	20.0222767453
PWY-1042: glycolysis IV	167.0283437616
PWY-1042: glycolysis IV|g__Escherichia.s__Escherichia_coli	76.8057923810
PWY-1042: glycolysis IV|unclassified	69.7475245440
PWY-6305: superpathway of putrescine biosynthesis	159.4809746020
PWY-6305: superpathway of putrescine biosynthesis|g__Escherichia.s__Escherichia_coli	104.3363425248
PWY0-1261: anhydromuropeptides recycling I	158.9528312481
PWY0-1261: anhydromuropeptides recycling I|g__Escherichia.s__Escherichia_coli	73.4174083962
PWY0-1261: anhydromuropeptides recycling I|unclassified	35.0890383407
PWY-5913: partial TCA cycle (obligate autotrophs)	155.8215696213
PWY-5913: partial TCA cycle (obligate autotrophs)|g__Escherichia.s__Escherichia_coli	88.2668264088
PWY-5913: partial TCA cycle (obligate autotrophs)|unclassified	67.5219930891
PWY0-1296: purine ribonucleosides degradation	154.1602368842
PWY0-1296: purine ribonucleosides degradation|g__Escherichia.s__Escherichia_coli	136.6963491336
PWY0-1296: purine ribonucleosides degradation|unclassified	17.4636595796
CALVIN-PWY: Calvin-Benson-Bassham cycle	154.0992817753
CALVIN-PWY: Calvin-Benson-Bassham cycle|g__Escherichia.s__Escherichia_coli	98.1131546194
CALVIN-PWY: Calvin-Benson-Bassham cycle|unclassified	33.6354619728
PWY-6353: purine nucleotides degradation II (aerobic)	153.2111891630
PWY-6353: purine nucleotides degradation II (aerobic)|g__Escherichia.s__Escherichia_coli	108.8996523640
PWY-6353: purine nucleotides degradation II (aerobic)|unclassified	36.3384705704
PWY-7117: C4 photosynthetic carbon assimilation cycle, PEPCK type	153.1397840488
PWY-7117: C4 photosynthetic carbon assimilation cycle, PEPCK type|g__Escherichia.s__Escherichia_coli	93.0011566707
PWY-7117: C4 photosynthetic carbon assimilation cycle, PEPCK type|unclassified	58.0835473711
BRANCHED-CHAIN-AA-SYN-PWY: superpathway of branched chain amino acid biosynthesis	151.9612904582
BRANCHED-CHAIN-AA-SYN-PWY: superpathway of branched chain amino acid biosynthesis|g__Escherichia.s__Escherichia_coli	79.2866675688
BRANCHED-CHAIN-AA-SYN-PWY: superpathway of branched chain amino acid biosynthesis|unclassified	31.1481107189
PWY-5675: nitrate reduction V (assimilatory)	151.2530715006
PWY-5675: nitrate reduction V (assimilatory)|g__Escherichia.s__Escherichia_coli	99.8963926407
PWY-5675: nitrate reduction V (assimilatory)|unclassified	47.7007964989
PWY-4041: &gamma;-glutamyl cycle	149.4996081209
PWY-4041: &gamma;-glutamyl cycle|g__Escherichia.s__Escherichia_coli	97.6121737135
PWY-4041: &gamma;-glutamyl cycle|unclassified	49.4203018711
TCA-GLYOX-BYPASS: superpathway of glyoxylate bypass and TCA	148.6328841749
TCA-GLYOX-BYPASS: superpathway of glyoxylate bypass and TCA|g__Escherichia.s__Escherichia_coli	94.4418046058
TCA-GLYOX-BYPASS: superpathway of glyoxylate bypass and TCA|unclassified	25.6226125225
TCA: TCA cycle I (prokaryotic)	146.9244978780
TCA: TCA cycle I (prokaryotic)|g__Escherichia.s__Escherichia_coli	103.9048907735
TCA: TCA cycle I (prokaryotic)|unclassified	20.1680313721
PWY-7663: gondoate biosynthesis (anaerobic)	145.4742350279
PWY-7663: gondoate biosynthesis (anaerobic)|g__Escherichia.s__Escherichia_coli	94.6545509233
PWY-7663: gondoate biosynthesis (anaerobic)|unclassified	37.3829128445
PWY-5103: L-isoleucine biosynthesis III	145.3648554554
PWY-5103: L-isoleucine biosynthesis III|g__Escherichia.s__Escherichia_coli	73.3931980200
PWY-5103: L-isoleucine biosynthesis III|unclassified	20.2525350734
PWY-5347: superpathway of L-methionine biosynthesis (transsulfuration)	143.7394838732
PWY-5347: superpathway of L-methionine biosynthesis (transsulfuration)|g__Escherichia.s__Escherichia_coli	92.8142308665
PWY-5347: superpathway of L-methionine biosynthesis (transsulfuration)|unclassified	58.3214741692
METSYN-PWY: superpathway of L-homoserine and L-methionine biosynthesis	142.6232978044
METSYN-PWY: superpathway of L-homoserine and L-methionine biosynthesis|g__Escherichia.s__Escherichia_coli	93.9579978208
METSYN-PWY: superpathway of L-homoserine and L-methionine biosynthesis|unclassified	57.4281732028
GLYCOCAT-PWY: glycogen degradation I	141.6632726186
GLYCOCAT-PWY: glycogen degradation I|g__Escherichia.s__Escherichia_coli	74.5715066769
GLYCOCAT-PWY: glycogen degradation I|unclassified	61.1730749386
PWY-3001: superpathway of L-isoleucine biosynthesis I	140.6325681646
PWY-3001: superpathway of L-isoleucine biosynthesis I|g__Escherichia.s__Escherichia_coli	75.0174471373
PWY-3001: superpathway of L-isoleucine biosynthesis I|unclassified	56.1779702603
GLYCOGENSYNTH-PWY: glycogen biosynthesis I (from ADP-D-Glucose)	140.3424313944
GLYCOGENSYNTH-PWY: glycogen biosynthesis I (from ADP-D-Glucose)|g__Escherichia.s__Escherichia_coli	57.2152207824
GLYCOGENSYNTH-PWY: glycogen biosynthesis I (from ADP-D-Glucose)|unclassified	53.2456368451
GLYOXYLATE-BYPASS: glyoxylate cycle	140.2806359213
GLYOXYLATE-BYPASS: glyoxylate cycle|g__Escherichia.s__Escherichia_coli	71.4661881766
GLYOXYLATE-BYPASS: glyoxylate cycle|unclassified	58.0322909555
MET-SAM-PWY: superpathway of S-adenosyl-L-methionine biosynthesis	138.3729469355
MET-SAM-PWY: superpathway of S-adenosyl-L-methionine biosynthesis|g__Escherichia.s__Escherichia_coli	96.3246081036
MET-SAM-PWY: superpathway of S-adenosyl-L-methionine biosynthesis|unclassified	19.8397009358
HOMOSER-METSYN-PWY: L-methionine biosynthesis I	137.5001015010
HOMOSER-METSYN-PWY: L-methionine biosynthesis I|g__Escherichia.s__Escherichia_coli	98.7207028320
HOMOSER-METSYN-PWY: L-methionine biosynthesis I|unclassified	57.1748395119
PWY-6936: seleno-amino acid biosynthesis (plants)	136.1627164655
PWY-6936: seleno-amino acid biosynthesis (plants)|g__Escherichia.s__Escherichia_coli	71.2704904507
PWY-6936: seleno-amino acid biosynthesis (plants)|unclassified	4.1816980306
GLYCOLYSIS: glycolysis I (from glucose 6-phosphate)	135.1389428757
GLYCOLYSIS: glycolysis I (from glucose 6-phosphate)|g__Escherichia.s__Escherichia_coli	62.9680470905
GLYCOLYSIS: glycolysis I (from glucose 6-phosphate)|unclassified	46.1554402218
ASPASN-PWY: superpathway of L-aspartate and L-asparagine biosynthesis	133.8401959839
ASPASN-PWY: superpathway of L-aspartate and L-asparagine biosynthesis|g__Escherichia.s__Escherichia_coli	94.0668848193
ASPASN-PWY: superpathway of L-aspartate and L-asparagine biosynthesis|unclassified	67.2448712283
ANAGLYCOLYSIS-PWY: glycolysis III (from glucose)	131.1531849050
ANAGLYCOLYSIS-PWY: glycolysis III (from glucose)|g__Escherichia.s__Escherichia_coli	78.8352379531
ANAGLYCOLYSIS-PWY: glycolysis III (from glucose)|unclassified	38.3067139040
ARGSYN-PWY: L-arginine biosynthesis I (via L-ornithine)	130.0151446581
ARGSYN-PWY: L-arginine biosynthesis I (via L-ornithine)|g__Escherichia.s__Escherichia_coli	84.1765667017
ARGSYN-PWY: L-arginine biosynthesis I (via L-ornithine)|unclassified	37.4598494557
PENTOSE-P-PWY: pentose phosphate pathway	128.4373541756
PENTOSE-P-PWY: pentose phosphate pathway|g__Escherichia.s__Escherichia_coli	77.5438015347
ARGSYNBSUB-PWY: L-arginine biosynthesis II (acetyl cycle)	128.0839355096
ARGSYNBSUB-PWY: L-arginine biosynthesis II (acetyl cycle)|g__Escherichia.s__Escherichia_coli	67.8886336108
ARGSYNBSUB-PWY: L-arginine biosynthesis II (acetyl cycle)|unclassified	22.5986270510
THRESYN-PWY: superpathway of L-threonine biosynthesis	127.9539199800
THRESYN-PWY: superpathway of L-threonine biosynthesis|g__Escherichia.s__Escherichia_coli	68.9414309723
THRESYN-PWY: superpathway of L-threonine biosynthesis|unclassified	58.2815708310
PWY-5104: L-isoleucine biosynthesis IV	127.7538857063
PWY-5104: L-isoleucine biosynthesis IV|g__Escherichia.s__Escherichia_coli	64.7302524985
PWY-5104: L-isoleucine biosynthesis IV|unclassified	46.5264118784
GLYCOLYSIS-TCA-GLYOX-BYPASS: superpathway of glycolysis, pyruvate dehydrogenase, TCA, and glyoxylate bypass	125.9852305916
GLYCOLYSIS-TCA-GLYOX-BYPASS: superpathway of glycolysis, pyruvate dehydrogenase, TCA, and glyoxylate bypass|unclassified	22.0868791099
ARG+POLYAMINE-SYN: superpathway of arginine and polyamine biosynthesis	125.3160481488
ARG+POLYAMINE-SYN: superpathway of arginine and polyamine biosynthesis|g__Escherichia.s__Escherichia_coli	82.5649408329
RHAMCAT-PWY: L-rhamnose degradation I	124.7692862580
RHAMCAT-PWY: L-rhamnose degradation I|g__Escherichia.s__Escherichia_coli	70.1756101776
RHAMCAT-PWY: L-rhamnose degradation I|unclassified	39.6483221100
PWY-7400: L-arginine biosynthesis IV (archaebacteria)	123.4554834475
PWY-7400: L-arginine biosynthesis IV (archaebacteria)|g__Escherichia.s__Escherichia_coli	80.5697967179
PWY-7400: L-arginine biosynthesis IV (archaebacteria)|unclassified	37.1367908137
P161-PWY: acetylene degradation (anaerobic)	122.7014501540
P161-PWY: acetylene degradation (anaerobic)|g__Escherichia.s__Escherichia_coli	52.6488903230
P161-PWY: acetylene degradation (anaerobic)|unclassified	27.9212878785
POLYAMSYN-PWY: superpathway of polyamine biosynthesis I	122.4151972158
POLYAMSYN-PWY: superpathway of polyamine biosynthesis I|g__Escherichia.s__Escherichia_coli	104.5826128501
PWY-6385: peptidoglycan biosynthesis III (mycobacteria)	121.6505285877
PWY-6385: peptidoglycan biosynthesis III (mycobacteria)|g__Escherichia.s__Escherichia_coli	82.6842600790
PWY-6385: peptidoglycan biosynthesis III (mycobacteria)|unclassified	25.2658295481
ARGDEG-PWY: superpathway of L-arginine, putrescine, and 4-aminobutanoate degradation	121.4214893867
ARGDEG-PWY: superpathway of L-arginine, putrescine, and 4-aminobutanoate degradation|g__Escherichia.s__Escherichia_coli	96.8734783070
ARGDEG-PWY: superpathway of L-arginine, putrescine, and 4-aminobutanoate degradation|unclassified	13.5986758899
ORNARGDEG-PWY: superpathway of L-arginine and L-ornithine degradation	121.4214893867
ORNARGDEG-PWY: superpathway of L-arginine and L-ornithine degradation|g__Escherichia.s__Escherichia_coli	96.8734783070
ORNARGDEG-PWY: superpathway of L-arginine and L-ornithine degradation|unclassified	13.5986758899
PWY-5723: Rubisco shunt	120.6477535899
PWY-5484: glycolysis II (from fructose 6-phosphate)	119.4777244598
PWY-5484: glycolysis II (from fructose 6-phosphate)|g__Escherichia.s__Escherichia_coli	43.8057851872
PWY-5484: glycolysis II (from fructose 6-phosphate)|unclassified	41.0452628338
PWY0-1297: superpathway of purine deoxyribonucleosides degradation	119.3824262064
PWY0-1297: superpathway of purine deoxyribonucleosides degradation|g__Escherichia.s__Escherichia_coli	79.8887954543
PWY0-1297: superpathway of purine deoxyribonucleosides degradation|unclassified	15.2003260637
PWY-6609: adenine and adenosine salvage III	118.9216460678
PWY-6609: adenine and adenosine salvage III|g__Escherichia.s__Escherichia_coli	103.8441820081
PWY-6609: adenine and adenosine salvage III|unclassified	14.9925466315
HEXITOLDEGSUPER-PWY: superpathway of hexitol degradation (bacteria)	118.9027145520
HEXITOLDEGSUPER-PWY: superpathway of hexitol degradation (bacteria)|unclassified	39.4673282481
PWY-6387: UDP-N-acetylmuramoyl-pentapeptide biosynthesis I (meso-diaminopimelate containing)	118.7903177927
PWY-6387: UDP-N-acetylmuramoyl-pentapeptide biosynthesis I (meso-diaminopimelate containing)|g__Escherichia.s__Escherichia_coli	77.6019308640
PWY-6387: UDP-N-acetylmuramoyl-pentapeptide biosynthesis I (meso-diaminopimelate containing)|unclassified	33.0904769813
PWY-7388: octanoyl-[acyl-carrier protein] biosynthesis (mitochondria, yeast)	118.1155135941
PWY-7388: octanoyl-[acyl-carrier protein] biosynthesis (mitochondria, yeast)|unclassified	41.9821760881
PWY-7388: octanoyl-[acyl-carrier protein] biosynthesis (mitochondria, yeast)|g__Escherichia.s__Escherichia_coli	28.0319325175
TRNA-CHARGING-PWY: tRNA charging	117.2811530681
TRNA-CHARGING-PWY: tRNA charging|unclassified	64.0996551379
TRNA-CHARGING-PWY: tRNA charging|g__Escherichia.s__Escherichia_coli	46.4261341471
PWY-5667: CDP-diacylglycerol biosynthesis I	117.0010707221
PWY-5667: CDP-diacylglycerol biosynthesis I|g__Escherichia.s__Escherichia_coli	82.8665533141
PWY-5667: CDP-diacylglycerol biosynthesis I|unclassified	27.5437981504
PWY0-1319: CDP-diacylglycerol biosynthesis II	117.0010707221
PWY0-1319: CDP-diacylglycerol biosynthesis II|g__Escherichia.s__Escherichia_coli	82.8665533141
PWY0-1319: CDP-diacylglycerol biosynthesis II|unclassified	27.5437981504
PEPTIDOGLYCANSYN-PWY: peptidoglycan biosynthesis I (meso-diaminopimelate containing)	115.3381731696
PEPTIDOGLYCANSYN-PWY: peptidoglycan biosynthesis I (meso-diaminopimelate containing)|g__Escherichia.s__Escherichia_coli	78.9427466353
PEPTIDOGLYCANSYN-PWY: peptidoglycan biosynthesis I (meso-diaminopimelate containing)|unclassified	24.0642512042
PWY-5154: L-arginine biosynthesis III (via N-acetyl-L-citrulline)	114.4517546817
PWY-5154: L-arginine biosynthesis III (via N-acetyl-L-citrulline)|g__Escherichia.s__Escherichia_coli	69.3069825391
PWY-5154: L-arginine biosynthesis III (via N-acetyl-L-citrulline)|unclassified	14.4440780072
PWY-5173	113.4726494754
PWY-5173|g__Escherichia.s__Escherichia_coli	79.6813908108
PWY-5173|unclassified	28.7100604930
P441-PWY: superpathway of N-acetylneuraminate degradation	112.9549030831
P441-PWY: superpathway of N-acetylneuraminate degradation|g__Escherichia.s__Escherichia_coli	58.4491210447
GLUTORN-PWY: L-ornithine biosynthesis I	112.2470773189
GLUTORN-PWY: L-ornithine biosynthesis I|g__Escherichia.s__Escherichia_coli	54.8100939809
GLUTORN-PWY: L-ornithine biosynthesis I|unclassified	35.5516142547
PHOSLIPSYN-PWY: superpathway of phospholipid biosynthesis I (bacteria)	112.2366222308
PHOSLIPSYN-PWY: superpathway of phospholipid biosynthesis I (bacteria)|g__Escherichia.s__Escherichia_coli	83.6984662182
PHOSLIPSYN-PWY: superpathway of phospholipid biosynthesis I (bacteria)|unclassified	28.9398539039
PANTO-PWY: phosphopantothenate biosynthesis I	109.9849939899
PANTO-PWY: phosphopantothenate biosynthesis I|g__Escherichia.s__Escherichia_coli	96.1629646321
FUC-RHAMCAT-PWY: superpathway of fucose and rhamnose degradation	109.9401618571
FUC-RHAMCAT-PWY: superpathway of fucose and rhamnose degradation|g__Escherichia.s__Escherichia_coli	62.9867290344
FUC-RHAMCAT-PWY: superpathway of fucose and rhamnose degradation|unclassified	35.8749152279
PWY0-845: superpathway of pyridoxal 5'-phosphate biosynthesis and salvage	109.3033861154
PWY0-845: superpathway of pyridoxal 5'-phosphate biosynthesis and salvage|g__Escherichia.s__Escherichia_coli	56.9685400754
PWY0-845: superpathway of pyridoxal 5'-phosphate biosynthesis and salvage|unclassified	50.6084349732
GLUCOSE1PMETAB-PWY: glucose and glucose-1-phosphate degradation	108.1605105134
GLUCOSE1PMETAB-PWY: glucose and glucose-1-phosphate degradation|g__Escherichia.s__Escherichia_coli	79.8155346321
GLUCOSE1PMETAB-PWY: glucose and glucose-1-phosphate degradation|unclassified	36.6390798450
FUCCAT-PWY: fucose degradation	108.0072679190
FUCCAT-PWY: fucose degradation|g__Escherichia.s__Escherichia_coli	56.4505632696
FUCCAT-PWY: fucose degradation|unclassified	34.5141989959
PWY-6606: guanosine nucleotides degradation II	106.5023766503
PWY-6606: guanosine nucleotides degradation II|unclassified	52.9618313434
PWY-6606: guanosine nucleotides degradation II|g__Escherichia.s__Escherichia_coli	23.1405158886
SO4ASSIM-PWY: assimilatory sulfate reduction I	106.4251795161
SO4ASSIM-PWY: assimilatory sulfate reduction I|unclassified	56.0652383854
SO4ASSIM-PWY: assimilatory sulfate reduction I|g__Escherichia.s__Escherichia_coli	49.7400969288
HEMESYN2-PWY: heme b biosynthesis II (oxygen-independent)	105.2831314328
HEMESYN2-PWY: heme b biosynthesis II (oxygen-independent)|g__Escherichia.s__Escherichia_coli	67.6627396970
HEMESYN2-PWY: heme b biosynthesis II (oxygen-independent)|unclassified	27.4227842103
PWY-5384: sucrose degradation IV (sucrose phosphorylase)	104.9884805814
PWY-5384: sucrose degradation IV (sucrose phosphorylase)|unclassified	52.5793994258
PWY-5384: sucrose degradation IV (sucrose phosphorylase)|g__Escherichia.s__Escherichia_coli	36.1253358558
PWY4LZ-257: superpathway of fermentation (Chlamydomonas reinhardtii)	103.9954364807
PWY4LZ-257: superpathway of fermentation (Chlamydomonas reinhardtii)|g__Escherichia.s__Escherichia_coli	54.1646375888
PWY4LZ-257: superpathway of fermentation (Chlamydomonas reinhardtii)|unclassified	37.0290430698
PWY-4702: phytate degradation I	103.2908325890
PWY-4702: phytate degradation I|g__Escherichia.s__Escherichia_coli	85.1336203210
PWY-4702: phytate degradation I|unclassified	17.7697188919
GLUCONEO-PWY: gluconeogenesis I	101.0389342604
GLUCONEO-PWY: gluconeogenesis I|unclassified	48.5185471599
GLYCOLYSIS-E-D: superpathway of glycolysis and the Entner-Doudoroff pathway	100.9731015129
GLYCOLYSIS-E-D: superpathway of glycolysis and the Entner-Doudoroff pathway|unclassified	35.2741854308
PWY-6122: 5-aminoimidazole ribonucleotide biosynthesis II	100.2172156734
PWY-6122: 5-aminoimidazole ribonucleotide biosynthesis II|g__Escherichia.s__Escherichia_coli	38.8545183446
PWY-6122: 5-aminoimidazole ribonucleotide biosynthesis II|unclassified	37.7771247617
PWY-6277: superpathway of 5-aminoimidazole ribonucleotide biosynthesis	100.2172156734
PWY-6277: superpathway of 5-aminoimidazole ribonucleotide biosynthesis|g__Escherichia.s__Escherichia_coli	38.8545183446
PWY-6277: superpathway of 5-aminoimidazole ribonucleotide biosynthesis|unclassified	37.7771247617
PWY0-1298: superpathway of pyrimidine deoxyribonucleosides degradation	99.7685296355
PWY0-1298: superpathway of pyrimidine deoxyribonucleosides degradation|g__Escherichia.s__Escherichia_coli	66.4375694010
PWY4FS-7: phosphatidylglycerol biosynthesis I (plastidic)	98.8917083694
PWY4FS-7: phosphatidylglycerol biosynthesis I (plastidic)|g__Escherichia.s__Escherichia_coli	62.5867681706
PWY4FS-7: phosphatidylglycerol biosynthesis I (plastidic)|unclassified	26.5892626057
PWY4FS-8: phosphatidylglycerol biosynthesis II (non-plastidic)	98.8917083694
PWY4FS-8: phosphatidylglycerol biosynthesis II (non-plastidic)|g__Escherichia.s__Escherichia_coli	62.5867681706
PWY4FS-8: phosphatidylglycerol biosynthesis II (non-plastidic)|unclassified	26.5892626057
PWY-5188: tetrapyrrole biosynthesis I (from glutamate)	98.7708534326
PWY-5188: tetrapyrrole biosynthesis I (from glutamate)|g__Escherichia.s__Escherichia_coli	58.6601934735
PWY-5188: tetrapyrrole biosynthesis I (from glutamate)|unclassified	18.0459691023
PWY-5659: GDP-mannose biosynthesis	98.3821187352
PWY-5659: GDP-mannose biosynthesis|unclassified	46.3707240760
PWY-5659: GDP-mannose biosynthesis|g__Escherichia.s__Escherichia_coli	46.3131116872
PWY-1269: CMP-3-deoxy-D-manno-octulosonate biosynthesis	97.8704349758
PWY-1269: CMP-3-deoxy-D-manno-octulosonate biosynthesis|g__Escherichia.s__Escherichia_coli	70.3755883414
PWY-1269: CMP-3-deoxy-D-manno-octulosonate biosynthesis|unclassified	30.8407943452
PWY-5861: superpathway of demethylmenaquinol-8 biosynthesis I	97.5126209669
PWY-5861: superpathway of demethylmenaquinol-8 biosynthesis I|g__Escherichia.s__Escherichia_coli	60.5281791910
PYRIDOXSYN-PWY: pyridoxal 5'-phosphate biosynthesis I	97.4068149580
PYRIDOXSYN-PWY: pyridoxal 5'-phosphate biosynthesis I|g__Escherichia.s__Escherichia_coli	53.4292612345
PYRIDOXSYN-PWY: pyridoxal 5'-phosphate biosynthesis I|unclassified	41.7818889692
SULFATE-CYS-PWY: superpathway of sulfate assimilation and cysteine biosynthesis	97.3861367223
SULFATE-CYS-PWY: superpathway of sulfate assimilation and cysteine biosynthesis|g__Escherichia.s__Escherichia_coli	48.3970475149
SULFATE-CYS-PWY: superpathway of sulfate assimilation and cysteine biosynthesis|unclassified	41.4251830977
FASYN-INITIAL-PWY: superpathway of fatty acid biosynthesis initiation (E. coli)	96.3613321064
FASYN-INITIAL-PWY: superpathway of fatty acid biosynthesis initiation (E. coli)|unclassified	49.7779787142
FASYN-INITIAL-PWY: superpathway of fatty acid biosynthesis initiation (E. coli)|g__Escherichia.s__Escherichia_coli	18.8004558080
PWY-5189: tetrapyrrole biosynthesis II (from glycine)	96.1048586885
PWY-5189: tetrapyrrole biosynthesis II (from glycine)|g__Escherichia.s__Escherichia_coli	65.9176496363
PWY-5189: tetrapyrrole biosynthesis II (from glycine)|unclassified	10.3002977605
NAGLIPASYN-PWY: lipid IVA biosynthesis (E. coli)	95.6407860447
NAGLIPASYN-PWY: lipid IVA biosynthesis (E. coli)|g__Escherichia.s__Escherichia_coli	78.7417882263
NAGLIPASYN-PWY: lipid IVA biosynthesis (E. coli)|unclassified	25.0745686041
COLANSYN-PWY: colanic acid building blocks biosynthesis	94.8903719640
COLANSYN-PWY: colanic acid building blocks biosynthesis|unclassified	43.1137928846
COLANSYN-PWY: colanic acid building blocks biosynthesis|g__Escherichia.s__Escherichia_coli	39.3813184250
PWY-5989: stearate biosynthesis II (bacteria and plants)	94.3417200370
PWY-5989: stearate biosynthesis II (bacteria and plants)|g__Escherichia.s__Escherichia_coli	73.7015101138
PWY-6151: S-adenosyl-L-methionine salvage I	93.9678403100
PWY-6151: S-adenosyl-L-methionine salvage I|g__Escherichia.s__Escherichia_coli	85.5052507898
ANAEROFRUCAT-PWY: homolactic fermentation	93.4713300594
PWY-6123: inosine-5'-phosphate biosynthesis I	93.2930090593
PWY-6123: inosine-5'-phosphate biosynthesis I|g__Escherichia.s__Escherichia_coli	44.4890408106
PWY-6123: inosine-5'-phosphate biosynthesis I|unclassified	30.6063730542
PWY-6700: queuosine biosynthesis I (de novo)	92.9880590246
PWY-6700: queuosine biosynthesis I (de novo)|g__Escherichia.s__Escherichia_coli	65.4399677823
PWY-6700: queuosine biosynthesis I (de novo)|unclassified	26.7758964201
GALACTARDEG-PWY: D-galactarate degradation I	92.9676620241
GALACTARDEG-PWY: D-galactarate degradation I|unclassified	64.9777962981
GALACTARDEG-PWY: D-galactarate degradation I|g__Escherichia.s__Escherichia_coli	37.9569536974
GLUCARGALACTSUPER-PWY: superpathway of D-glucarate and D-galactarate degradation	92.9676620241
GLUCARGALACTSUPER-PWY: superpathway of D-glucarate and D-galactarate degradation|unclassified	64.9777962981
GLUCARGALACTSUPER-PWY: superpathway of D-glucarate and D-galactarate degradation|g__Escherichia.s__Escherichia_coli	37.9569536974
PWY-6121: 5-aminoimidazole ribonucleotide biosynthesis I	92.5448334400
PWY-6121: 5-aminoimidazole ribonucleotide biosynthesis I|g__Escherichia.s__Escherichia_coli	42.0759728495
PWY-6121: 5-aminoimidazole ribonucleotide biosynthesis I|unclassified	31.4588358963
PWY-6386: UDP-N-acetylmuramoyl-pentapeptide biosynthesis II (lysine-containing)	92.4240162576
PWY-6386: UDP-N-acetylmuramoyl-pentapeptide biosynthesis II (lysine-containing)|g__Escherichia.s__Escherichia_coli	66.5622633063
PWY-6386: UDP-N-acetylmuramoyl-pentapeptide biosynthesis II (lysine-containing)|unclassified	15.4785529126
PWY-7282: 4-amino-2-methyl-5-diphosphomethylpyrimidine biosynthesis II	92.0360779425
PWY-7282: 4-amino-2-methyl-5-diphosphomethylpyrimidine biosynthesis II|g__Escherichia.s__Escherichia_coli	59.2332945366
PWY-7282: 4-amino-2-methyl-5-diphosphomethylpyrimidine biosynthesis II|unclassified	25.1753775678
FASYN-ELONG-PWY: fatty acid elongation -- saturated	91.7011798801
FASYN-ELONG-PWY: fatty acid elongation -- saturated|g__Escherichia.s__Escherichia_coli	74.2694877738
PYRIDNUCSYN-PWY: NAD de novo biosynthesis I (from aspartate)	90.3776289099
PYRIDNUCSYN-PWY: NAD de novo biosynthesis I (from aspartate)|g__Escherichia.s__Escherichia_coli	48.6210639565
PYRIDNUCSYN-PWY: NAD de novo biosynthesis I (from aspartate)|unclassified	26.1617975477
GLUCARDEG-PWY: D-glucarate degradation I	90.2173917460
GLUCARDEG-PWY: D-glucarate degradation I|g__Escherichia.s__Escherichia_coli	40.8906258563
GLUCARDEG-PWY: D-glucarate degradation I|unclassified	27.2730107466
PWY-5971: palmitate biosynthesis (type II fatty acid synthase)	89.4602295882
PWY-5971: palmitate biosynthesis (type II fatty acid synthase)|g__Escherichia.s__Escherichia_coli	71.7183775132
GLCMANNANAUT-PWY: superpathway of N-acetylglucosamine, N-acetylmannosamine and N-acetylneuraminate degradation	88.9083556674
GLCMANNANAUT-PWY: superpathway of N-acetylglucosamine, N-acetylmannosamine and N-acetylneuraminate degradation|g__Escherichia.s__Escherichia_coli	72.2002188131
PWY-5838: superpathway of menaquinol-8 biosynthesis I	88.5223241675
PWY-5838: superpathway of menaquinol-8 biosynthesis I|g__Escherichia.s__Escherichia_coli	49.4421955921
PWY-5897: superpathway of menaquinol-11 biosynthesis	88.3517683386
PWY-5897: superpathway of menaquinol-11 biosynthesis|g__Escherichia.s__Escherichia_coli	49.0989351523
PWY-5898: superpathway of menaquinol-12 biosynthesis	88.3517683386
PWY-5898: superpathway of menaquinol-12 biosynthesis|g__Escherichia.s__Escherichia_coli	49.0989351523
PWY-5899: superpathway of menaquinol-13 biosynthesis	88.3517683386
PWY-5899: superpathway of menaquinol-13 biosynthesis|g__Escherichia.s__Escherichia_coli	49.0989351523
PWY-6731: starch degradation III	88.1438099492
PWY-6731: starch degradation III|g__Escherichia.s__Escherichia_coli	50.7475991218
PWY-6731: starch degradation III|unclassified	35.2112359516
PWY-5860: superpathway of demethylmenaquinol-6 biosynthesis I	87.4349389236
PWY-5860: superpathway of demethylmenaquinol-6 biosynthesis I|g__Escherichia.s__Escherichia_coli	45.2966934982
PWY-5862: superpathway of demethylmenaquinol-9 biosynthesis	87.4349389236
PWY-5862: superpathway of demethylmenaquinol-9 biosynthesis|g__Escherichia.s__Escherichia_coli	45.2966934982
P4-PWY: superpathway of L-lysine, L-threonine and L-methionine biosynthesis I	87.4270804029
P4-PWY: superpathway of L-lysine, L-threonine and L-methionine biosynthesis I|g__Escherichia.s__Escherichia_coli	50.9866978609
PWY0-781: aspartate superpathway	86.6121189300
PWY0-781: aspartate superpathway|g__Escherichia.s__Escherichia_coli	51.3645327866
SER-GLYSYN-PWY: superpathway of L-serine and glycine biosynthesis I	86.4781249592
SER-GLYSYN-PWY: superpathway of L-serine and glycine biosynthesis I|g__Escherichia.s__Escherichia_coli	49.8049734026
SER-GLYSYN-PWY: superpathway of L-serine and glycine biosynthesis I|unclassified	37.1256278316
COBALSYN-PWY: superpathway of adenosylcobalamin salvage from cobinamide I	86.2553223410
COBALSYN-PWY: superpathway of adenosylcobalamin salvage from cobinamide I|g__Escherichia.s__Escherichia_coli	69.9060713441
COBALSYN-PWY: superpathway of adenosylcobalamin salvage from cobinamide I|unclassified	11.4870511305
PWY-7664: oleate biosynthesis IV (anaerobic)	85.7141632223
PWY-7664: oleate biosynthesis IV (anaerobic)|g__Escherichia.s__Escherichia_coli	71.2984541611
PWY-3841: folate transformations II (plants)	85.5916700126
PWY-3841: folate transformations II (plants)|g__Escherichia.s__Escherichia_coli	73.2460835059
PWY-6282: palmitoleate biosynthesis I (from (5Z)-dodec-5-enoate)	85.0504895998
PWY-6282: palmitoleate biosynthesis I (from (5Z)-dodec-5-enoate)|g__Escherichia.s__Escherichia_coli	71.2614732543
PWY-7221: guanosine ribonucleotides de novo biosynthesis	84.3711892462
PWY-7221: guanosine ribonucleotides de novo biosynthesis|g__Escherichia.s__Escherichia_coli	71.1552359502
PWY-6519: 8-amino-7-oxononanoate biosynthesis I	83.6449386499
PWY-6519: 8-amino-7-oxononanoate biosynthesis I|g__Escherichia.s__Escherichia_coli	72.3759388014
PWY-5840: superpathway of menaquinol-7 biosynthesis	82.7500788958
PWY-5840: superpathway of menaquinol-7 biosynthesis|g__Escherichia.s__Escherichia_coli	41.7898368586
PWY-5845: superpathway of menaquinol-9 biosynthesis	82.7500788958
PWY-5845: superpathway of menaquinol-9 biosynthesis|g__Escherichia.s__Escherichia_coli	41.7898368586
PWY-5850: superpathway of menaquinol-6 biosynthesis	82.7500788958
PWY-5850: superpathway of menaquinol-6 biosynthesis|g__Escherichia.s__Escherichia_coli	41.7898368586
PWY-5896: superpathway of menaquinol-10 biosynthesis	82.7500788958
PWY-5896: superpathway of menaquinol-10 biosynthesis|g__Escherichia.s__Escherichia_coli	41.7898368586
BIOTIN-BIOSYNTHESIS-PWY: biotin biosynthesis I	82.5169037943
BIOTIN-BIOSYNTHESIS-PWY: biotin biosynthesis I|g__Escherichia.s__Escherichia_coli	68.0201543879
PWY-5973: cis-vaccenate biosynthesis	81.8057512375
PWY-5973: cis-vaccenate biosynthesis|g__Escherichia.s__Escherichia_coli	59.4979401077
PWY-7204: pyridoxal 5'-phosphate salvage II (plants)	81.7568032225
PWY-7204: pyridoxal 5'-phosphate salvage II (plants)|g__Escherichia.s__Escherichia_coli	56.9132297740
PWY-724: superpathway of L-lysine, L-threonine and L-methionine biosynthesis II	80.9733270660
PWY-724: superpathway of L-lysine, L-threonine and L-methionine biosynthesis II|g__Escherichia.s__Escherichia_coli	39.8106411767
1CMET2-PWY: folate transformations III (E. coli)	80.6823833725
1CMET2-PWY: folate transformations III (E. coli)|g__Escherichia.s__Escherichia_coli	66.8155053805
PWY-6803: phosphatidylcholine acyl editing	80.4654713681
PWY-6803: phosphatidylcholine acyl editing|g__Escherichia.s__Escherichia_coli	61.6745709561
POLYISOPRENSYN-PWY: polyisoprenoid biosynthesis (E. coli)	80.4215164162
POLYISOPRENSYN-PWY: polyisoprenoid biosynthesis (E. coli)|g__Escherichia.s__Escherichia_coli	39.6716881947
POLYISOPRENSYN-PWY: polyisoprenoid biosynthesis (E. coli)|unclassified	36.7564601099
PWY-6284: superpathway of unsaturated fatty acids biosynthesis (E. coli)	80.4011477447
PWY-6284: superpathway of unsaturated fatty acids biosynthesis (E. coli)|g__Escherichia.s__Escherichia_coli	53.3774748018
PWY-5656: mannosylglycerate biosynthesis I	80.3802606110
PWY-5656: mannosylglycerate biosynthesis I|g__Escherichia.s__Escherichia_coli	13.6556729560
PWY-6285: superpathway of fatty acids biosynthesis (E. coli)	79.0197697138
PWY-6285: superpathway of fatty acids biosynthesis (E. coli)|g__Escherichia.s__Escherichia_coli	55.8237851213
PWY0-862: (5Z)-dodecenoate biosynthesis I	78.8501690184
PWY0-862: (5Z)-dodecenoate biosynthesis I|g__Escherichia.s__Escherichia_coli	67.6881127041
PWY-5837: 2-carboxy-1,4-naphthoquinol biosynthesis	78.7196107130
PWY-5837: 2-carboxy-1,4-naphthoquinol biosynthesis|g__Escherichia.s__Escherichia_coli	43.3497965807
PWY-5686: UMP biosynthesis I	77.2121237069
PWY-5686: UMP biosynthesis I|g__Escherichia.s__Escherichia_coli	49.7096013277
COMPLETE-ARO-PWY: superpathway of aromatic amino acid biosynthesis	76.4146358288
COMPLETE-ARO-PWY: superpathway of aromatic amino acid biosynthesis|g__Escherichia.s__Escherichia_coli	46.6024330926
NONMEVIPP-PWY: methylerythritol phosphate pathway I	75.8914886994
NONMEVIPP-PWY: methylerythritol phosphate pathway I|g__Escherichia.s__Escherichia_coli	38.2249685730
NONMEVIPP-PWY: methylerythritol phosphate pathway I|unclassified	32.7087666981
PWY-7560: methylerythritol phosphate pathway II	75.8914886994
PWY-7560: methylerythritol phosphate pathway II|unclassified	39.0594239722
PWY-7560: methylerythritol phosphate pathway II|g__Escherichia.s__Escherichia_coli	26.1547010177
PWY0-1479: tRNA processing	75.5733905671
PWY0-1479: tRNA processing|g__Escherichia.s__Escherichia_coli	42.0927169320
PWY-5367: petroselinate biosynthesis	75.5495918470
PWY-5367: petroselinate biosynthesis|g__Escherichia.s__Escherichia_coli	18.6956179424
ARO-PWY: chorismate biosynthesis I	74.8114158460
ARO-PWY: chorismate biosynthesis I|g__Escherichia.s__Escherichia_coli	44.2508472405
PWY-7323: superpathway of GDP-mannose-derived O-antigen building blocks biosynthesis	74.6639444182
PWY-7323: superpathway of GDP-mannose-derived O-antigen building blocks biosynthesis|g__Escherichia.s__Escherichia_coli	19.9222308736
PWY-7228: superpathway of guanosine nucleotides de novo biosynthesis I	74.1967100673
PWY-7228: superpathway of guanosine nucleotides de novo biosynthesis I|g__Escherichia.s__Escherichia_coli	66.4735512895
PWY-2723: trehalose degradation V	74.1366697515
PWY-2723: trehalose degradation V|g__Escherichia.s__Escherichia_coli	47.5128341430
PWY-2723: trehalose degradation V|unclassified	27.7794791877
OANTIGEN-PWY: O-antigen building blocks biosynthesis (E. coli)	73.4465503767
OANTIGEN-PWY: O-antigen building blocks biosynthesis (E. coli)|g__Escherichia.s__Escherichia_coli	45.8318894312
AST-PWY: L-arginine degradation II (AST pathway)	73.2831409682
AST-PWY: L-arginine degradation II (AST pathway)|g__Escherichia.s__Escherichia_coli	41.3120263543
AST-PWY: L-arginine degradation II (AST pathway)|unclassified	30.8626283496
PWY0-1277: 3-phenylpropanoate and 3-(3-hydroxyphenyl)propanoate degradation	72.1385354679
PWY0-1277: 3-phenylpropanoate and 3-(3-hydroxyphenyl)propanoate degradation|g__Escherichia.s__Escherichia_coli	38.5517918360
FERMENTATION-PWY: mixed acid fermentation	72.0757486300
FERMENTATION-PWY: mixed acid fermentation|unclassified	50.2612193565
PWY-2942: L-lysine biosynthesis III	71.8531586241
PWY-2942: L-lysine biosynthesis III|g__Escherichia.s__Escherichia_coli	31.0367678144
KETOGLUCONMET-PWY: ketogluconate metabolism	70.8665040395
KETOGLUCONMET-PWY: ketogluconate metabolism|g__Escherichia.s__Escherichia_coli	41.5894361838
KETOGLUCONMET-PWY: ketogluconate metabolism|unclassified	15.5869567239
PWY-5097: L-lysine biosynthesis VI	70.2272621991
PWY-5097: L-lysine biosynthesis VI|g__Escherichia.s__Escherichia_coli	35.1554980860
PWY-5083: NAD(P)/NADPH interconversion	69.3039708667
PWY-5083: NAD(P)/NADPH interconversion|g__Escherichia.s__Escherichia_coli	58.7548236627
PWY-5083: NAD(P)/NADPH interconversion|unclassified	10.4294539743
DAPLYSINESYN-PWY: L-lysine biosynthesis I	69.2723232210
DAPLYSINESYN-PWY: L-lysine biosynthesis I|g__Escherichia.s__Escherichia_coli	41.4449557442
PWY-6531: mannitol cycle	68.4038606896
PWY-6531: mannitol cycle|g__Escherichia.s__Escherichia_coli	42.7695640708
PWY-6531: mannitol cycle|unclassified	20.5266837174
PWY-7199: pyrimidine deoxyribonucleosides salvage	67.4711670236
PWY-7199: pyrimidine deoxyribonucleosides salvage|g__Escherichia.s__Escherichia_coli	58.1281098345
PWY-6125: superpathway of guanosine nucleotides de novo biosynthesis II	66.9788695195
PWY-6125: superpathway of guanosine nucleotides de novo biosynthesis II|g__Escherichia.s__Escherichia_coli	61.4542265831
METHGLYUT-PWY: superpathway of methylglyoxal degradation	66.5777616396
METHGLYUT-PWY: superpathway of methylglyoxal degradation|g__Escherichia.s__Escherichia_coli	47.5367122702
PWY-5791	65.2628782037
PWY-5791|g__Escherichia.s__Escherichia_coli	30.9732012372
HISTSYN-PWY: L-histidine biosynthesis	65.1306377492
HISTSYN-PWY: L-histidine biosynthesis|unclassified	29.5313720726
PWY0-162: superpathway of pyrimidine ribonucleotides de novo biosynthesis	64.3655763777
PWY0-162: superpathway of pyrimidine ribonucleotides de novo biosynthesis|g__Escherichia.s__Escherichia_coli	46.1948478979
DTDPRHAMSYN-PWY: dTDP-&beta;-L-rhamnose biosynthesis	64.0409974741
DTDPRHAMSYN-PWY: dTDP-&beta;-L-rhamnose biosynthesis|g__Escherichia.s__Escherichia_coli	51.1742037512
DTDPRHAMSYN-PWY: dTDP-&beta;-L-rhamnose biosynthesis|unclassified	43.4929542505
PWY66-409: superpathway of purine nucleotide salvage	63.9136546638
PWY66-409: superpathway of purine nucleotide salvage|g__Escherichia.s__Escherichia_coli	43.4625787497
PWY-841: superpathway of purine nucleotides de novo biosynthesis I	63.7186380434
PWY-841: superpathway of purine nucleotides de novo biosynthesis I|g__Escherichia.s__Escherichia_coli	39.9877050750
PWY-7219: adenosine ribonucleotides de novo biosynthesis	62.1153121446
PWY-7219: adenosine ribonucleotides de novo biosynthesis|g__Escherichia.s__Escherichia_coli	31.7258441989
PWY-7219: adenosine ribonucleotides de novo biosynthesis|unclassified	24.0679336829
PWY-5918: superpathway of heme b biosynthesis from glutamate	61.9845453305
PWY-5918: superpathway of heme b biosynthesis from glutamate|g__Escherichia.s__Escherichia_coli	28.0627131261
PWY-5918: superpathway of heme b biosynthesis from glutamate|unclassified	16.2874551511
PWY-7220: adenosine deoxyribonucleotides de novo biosynthesis II	61.3828299120
PWY-7220: adenosine deoxyribonucleotides de novo biosynthesis II|g__Escherichia.s__Escherichia_coli	60.6509344515
PWY-7222: guanosine deoxyribonucleotides de novo biosynthesis II	61.3828299120
PWY-7222: guanosine deoxyribonucleotides de novo biosynthesis II|g__Escherichia.s__Escherichia_coli	60.6509344515
PWY-5100: pyruvate fermentation to acetate and lactate II	60.9486888416
PWY-5100: pyruvate fermentation to acetate and lactate II|g__Escherichia.s__Escherichia_coli	33.8528907479
PWY-5100: pyruvate fermentation to acetate and lactate II|unclassified	19.9574901819
PWY-6163: chorismate biosynthesis from 3-dehydroquinate	60.8545361894
PWY-6163: chorismate biosynthesis from 3-dehydroquinate|g__Escherichia.s__Escherichia_coli	35.3107594627
PWY-5747: 2-methylcitrate cycle II	60.4430469730
PWY-5747: 2-methylcitrate cycle II|unclassified	34.8588602683
PWY-5747: 2-methylcitrate cycle II|g__Escherichia.s__Escherichia_coli	14.8685141648
HCAMHPDEG-PWY: 3-phenylpropanoate and 3-(3-hydroxyphenyl)propanoate degradation to 2-hydroxypentadienoate	60.1132342931
HCAMHPDEG-PWY: 3-phenylpropanoate and 3-(3-hydroxyphenyl)propanoate degradation to 2-hydroxypentadienoate|g__Escherichia.s__Escherichia_coli	19.9282483999
HCAMHPDEG-PWY: 3-phenylpropanoate and 3-(3-hydroxyphenyl)propanoate degradation to 2-hydroxypentadienoate|unclassified	17.9236667088
PWY-6690: cinnamate and 3-hydroxycinnamate degradation to 2-hydroxypentadienoate	60.1132342931
PWY-6690: cinnamate and 3-hydroxycinnamate degradation to 2-hydroxypentadienoate|g__Escherichia.s__Escherichia_coli	19.9282483999
PWY-6690: cinnamate and 3-hydroxycinnamate degradation to 2-hydroxypentadienoate|unclassified	17.9236667088
PWY-6897: thiamine diphosphate salvage II	59.7590903359
PWY-6897: thiamine diphosphate salvage II|g__Escherichia.s__Escherichia_coli	54.4785804424
PWY-7357: thiamine phosphate formation from pyrithiamine and oxythiamine (yeast)	59.7574665527
PWY-7357: thiamine phosphate formation from pyrithiamine and oxythiamine (yeast)|g__Escherichia.s__Escherichia_coli	53.0583305785
PWY0-42: 2-methylcitrate cycle I	59.2999393812
PWY0-42: 2-methylcitrate cycle I|unclassified	23.2867891076
PWY0-42: 2-methylcitrate cycle I|g__Escherichia.s__Escherichia_coli	17.0097227138
GALACTUROCAT-PWY: D-galacturonate degradation I	58.7735090721
GALACTUROCAT-PWY: D-galacturonate degradation I|g__Escherichia.s__Escherichia_coli	40.9916092952
GALACTUROCAT-PWY: D-galacturonate degradation I|unclassified	23.2737257613
COA-PWY-1: superpathway of coenzyme A biosynthesis III (mammals)	58.3565472604
COA-PWY-1: superpathway of coenzyme A biosynthesis III (mammals)|unclassified	28.6134388031
COA-PWY-1: superpathway of coenzyme A biosynthesis III (mammals)|g__Escherichia.s__Escherichia_coli	23.9961961642
PANTOSYN-PWY: superpathway of coenzyme A biosynthesis I (bacteria)	56.0358265563
PWY-6270: isoprene biosynthesis I	55.1821767696
PWY-6270: isoprene biosynthesis I|g__Escherichia.s__Escherichia_coli	24.2923805500
PWY-6270: isoprene biosynthesis I|unclassified	9.7033955952
PWY-7315: dTDP-N-acetylthomosamine biosynthesis	55.1429320747
PWY-7315: dTDP-N-acetylthomosamine biosynthesis|g__Escherichia.s__Escherichia_coli	36.7979555429
PWY-7315: dTDP-N-acetylthomosamine biosynthesis|unclassified	19.2391716271
PWY-5497: purine nucleobases degradation II (anaerobic)	54.6472354249
PWY-5497: purine nucleobases degradation II (anaerobic)|g__Escherichia.s__Escherichia_coli	20.5919246917
PWY-7242: D-fructuronate degradation	53.5482043226
PWY-7242: D-fructuronate degradation|g__Escherichia.s__Escherichia_coli	33.8520194302
PWY-7242: D-fructuronate degradation|unclassified	22.9673012186
PWY-7115: C4 photosynthetic carbon assimilation cycle, NAD-ME type	52.4846036786
PWY-7115: C4 photosynthetic carbon assimilation cycle, NAD-ME type|g__Escherichia.s__Escherichia_coli	27.9072293421
PWY-7115: C4 photosynthetic carbon assimilation cycle, NAD-ME type|unclassified	24.0945505770
PWY-7208: superpathway of pyrimidine nucleobases salvage	52.2753591250
PWY-7208: superpathway of pyrimidine nucleobases salvage|g__Escherichia.s__Escherichia_coli	31.3757027564
FOLSYN-PWY: superpathway of tetrahydrofolate biosynthesis and salvage	51.4437899533
FOLSYN-PWY: superpathway of tetrahydrofolate biosynthesis and salvage|g__Escherichia.s__Escherichia_coli	39.3709433506
PWY-7328: superpathway of UDP-glucose-derived O-antigen building blocks biosynthesis	50.8834112816
PWY-7328: superpathway of UDP-glucose-derived O-antigen building blocks biosynthesis|g__Escherichia.s__Escherichia_coli	33.6458674339
PWY-7229: superpathway of adenosine nucleotides de novo biosynthesis I	50.8569814638
PWY-7229: superpathway of adenosine nucleotides de novo biosynthesis I|g__Escherichia.s__Escherichia_coli	32.3579732582
PWY66-389: phytol degradation	50.3862337656
PWY66-389: phytol degradation|g__Escherichia.s__Escherichia_coli	29.9968138128
PWY66-389: phytol degradation|unclassified	19.8489641657
PWY0-1415: superpathway of heme b biosynthesis from uroporphyrinogen-III	49.7233058564
PWY0-1415: superpathway of heme b biosynthesis from uroporphyrinogen-III|g__Escherichia.s__Escherichia_coli	22.0607386586
PWY0-1415: superpathway of heme b biosynthesis from uroporphyrinogen-III|unclassified	19.3121060275
PWY-6126: superpathway of adenosine nucleotides de novo biosynthesis II	49.4272246767
PWY-6126: superpathway of adenosine nucleotides de novo biosynthesis II|g__Escherichia.s__Escherichia_coli	33.4815836943
PWY-6124: inosine-5'-phosphate biosynthesis II	49.2741092182
PWY-6124: inosine-5'-phosphate biosynthesis II|g__Escherichia.s__Escherichia_coli	33.6471337728
PWY-6124: inosine-5'-phosphate biosynthesis II|unclassified	33.3855376341
PWY-6507: 4-deoxy-L-threo-hex-4-enopyranuronate degradation	48.9635526999
PWY-6507: 4-deoxy-L-threo-hex-4-enopyranuronate degradation|g__Escherichia.s__Escherichia_coli	34.0511683452
PWY-6507: 4-deoxy-L-threo-hex-4-enopyranuronate degradation|unclassified	19.4293238997
THISYN-PWY: superpathway of thiamine diphosphate biosynthesis I	47.3782926556
THISYN-PWY: superpathway of thiamine diphosphate biosynthesis I|g__Escherichia.s__Escherichia_coli	44.9439900642
PWY0-1338: polymyxin resistance	46.7703434767
PWY0-1338: polymyxin resistance|g__Escherichia.s__Escherichia_coli	30.7521581619
PWY0-1338: polymyxin resistance|unclassified	12.2919489793
PWY-6588: pyruvate fermentation to acetone	46.7000363416
PWY-6588: pyruvate fermentation to acetone|g__Escherichia.s__Escherichia_coli	34.3136583480
PWY-6588: pyruvate fermentation to acetone|unclassified	8.2091301143
PWY-7269: mitochondrial NADPH production (yeast)	45.5227023255
PWY-7269: mitochondrial NADPH production (yeast)|g__Escherichia.s__Escherichia_coli	37.1630319094
PWY-7269: mitochondrial NADPH production (yeast)|unclassified	6.5487183136
PWY-7184: pyrimidine deoxyribonucleotides de novo biosynthesis I	44.5045663528
FAO-PWY: fatty acid &beta;-oxidation I (generic)	44.3022687181
FAO-PWY: fatty acid &beta;-oxidation I (generic)|unclassified	31.1410735978
PWY-7234: inosine-5'-phosphate biosynthesis III	43.9725323454
PWY-7234: inosine-5'-phosphate biosynthesis III|g__Escherichia.s__Escherichia_coli	33.3929095678
PWY-6612: superpathway of tetrahydrofolate biosynthesis	43.4956595234
PWY-6612: superpathway of tetrahydrofolate biosynthesis|g__Escherichia.s__Escherichia_coli	32.1210012545
PWY-6703: preQ0 biosynthesis	43.0001170020
PWY-6703: preQ0 biosynthesis|g__Escherichia.s__Escherichia_coli	40.8002205705
PWY-7197: pyrimidine deoxyribonucleotide phosphorylation	42.2639396457
PWY-7197: pyrimidine deoxyribonucleotide phosphorylation|g__Escherichia.s__Escherichia_coli	42.2639396457
PWY-6630: superpathway of L-tyrosine biosynthesis	41.7105906206
PWY0-166: superpathway of pyrimidine deoxyribonucleotides de novo biosynthesis (E. coli)	41.1807176099
HEME-BIOSYNTHESIS-II: heme b biosynthesis I (aerobic)	40.7354688581
HEME-BIOSYNTHESIS-II: heme b biosynthesis I (aerobic)|unclassified	20.4150927002
HEME-BIOSYNTHESIS-II: heme b biosynthesis I (aerobic)|g__Escherichia.s__Escherichia_coli	16.4569411854
PWY-7539: 6-hydroxymethyl-dihydropterin diphosphate biosynthesis III (Chlamydia)	40.5548267053
PWY-7539: 6-hydroxymethyl-dihydropterin diphosphate biosynthesis III (Chlamydia)|unclassified	25.5342914728
GALACT-GLUCUROCAT-PWY: superpathway of hexuronide and hexuronate degradation	40.4782605498
GALACT-GLUCUROCAT-PWY: superpathway of hexuronide and hexuronate degradation|unclassified	21.0021166540
PWY-6147: 6-hydroxymethyl-dihydropterin diphosphate biosynthesis I	39.1145624278
PWY-6147: 6-hydroxymethyl-dihydropterin diphosphate biosynthesis I|g__Escherichia.s__Escherichia_coli	21.3367378665
PWY-6823: molybdopterin biosynthesis	37.7498837518
P105-PWY: TCA cycle IV (2-oxoglutarate decarboxylase)	37.5585188376
P105-PWY: TCA cycle IV (2-oxoglutarate decarboxylase)|unclassified	13.9503808537
PWY-6969: TCA cycle V (2-oxoglutarate synthase)	37.5585188376
PWY-6969: TCA cycle V (2-oxoglutarate synthase)|unclassified	13.9503808537
PWY0-1241: ADP-L-glycero-&beta;-D-manno-heptose biosynthesis	37.1880170945
PWY0-1241: ADP-L-glycero-&beta;-D-manno-heptose biosynthesis|g__Escherichia.s__Escherichia_coli	24.6279079193
PWY0-1241: ADP-L-glycero-&beta;-D-manno-heptose biosynthesis|unclassified	12.9918118540
PWY-6901: superpathway of glucose and xylose degradation	37.0359891402
PWY-6892: thiazole component of thiamine diphosphate biosynthesis I	35.9244333400
PWY-6892: thiazole component of thiamine diphosphate biosynthesis I|g__Escherichia.s__Escherichia_coli	33.0470783575
PWY-5705: allantoin degradation to glyoxylate III	35.8034575709
PWY-5705: allantoin degradation to glyoxylate III|g__Escherichia.s__Escherichia_coli	27.7669916001
PWY-5705: allantoin degradation to glyoxylate III|unclassified	10.2561227580
COA-PWY: coenzyme A biosynthesis I (prokaryotic)	35.5235596153
COA-PWY: coenzyme A biosynthesis I (prokaryotic)|unclassified	24.0864093671
PWY0-1061: superpathway of L-alanine biosynthesis	35.4387977826
PWY0-1061: superpathway of L-alanine biosynthesis|g__Escherichia.s__Escherichia_coli	19.4503821469
PWY0-1061: superpathway of L-alanine biosynthesis|unclassified	15.4165207920
PWY-4242	34.8715880468
PWY-6168: flavin biosynthesis III (fungi)	34.4401885555
ECASYN-PWY: enterobacterial common antigen biosynthesis	34.3223106326
ECASYN-PWY: enterobacterial common antigen biosynthesis|g__Escherichia.s__Escherichia_coli	29.8469284019
RIBOSYN2-PWY: flavin biosynthesis I (bacteria and plants)	31.6299076965
RIBOSYN2-PWY: flavin biosynthesis I (bacteria and plants)|g__Escherichia.s__Escherichia_coli	18.3751701917
PWY-7237: myo-, chiro- and scyllo-inositol degradation	31.1051634852
PWY-7237: myo-, chiro- and scyllo-inositol degradation|unclassified	31.1051634852
GLUCUROCAT-PWY: superpathway of &beta;-D-glucuronosides degradation	30.7936034264
GLUCUROCAT-PWY: superpathway of &beta;-D-glucuronosides degradation|unclassified	16.9455303338
P221-PWY: octane oxidation	29.5661504999
P221-PWY: octane oxidation|g__Escherichia.s__Escherichia_coli	21.9420904283
P221-PWY: octane oxidation|unclassified	4.7047120070
PWY-7209: superpathway of pyrimidine ribonucleosides degradation	28.9635317195
PWY-7209: superpathway of pyrimidine ribonucleosides degradation|g__Escherichia.s__Escherichia_coli	28.9635317195
TRPSYN-PWY: L-tryptophan biosynthesis	26.5672739030
UBISYN-PWY: superpathway of ubiquinol-8 biosynthesis (early decarboxylation)	26.4819743254
UBISYN-PWY: superpathway of ubiquinol-8 biosynthesis (early decarboxylation)|g__Escherichia.s__Escherichia_coli	19.1910694816
PWY-7094: fatty acid salvage	26.2517280799
PWY-7094: fatty acid salvage|unclassified	22.4022499704
PWY-5690: TCA cycle II (plants and fungi)	25.2812215761
PWY-5690: TCA cycle II (plants and fungi)|unclassified	10.5744417557
PPGPPMET-PWY: ppGpp metabolism	24.9769917306
PPGPPMET-PWY: ppGpp metabolism|g__Escherichia.s__Escherichia_coli	20.8071190367
PWY-7254: TCA cycle VII (acetate-producers)	24.9135775122
PWY-7254: TCA cycle VII (acetate-producers)|unclassified	9.8887596914
PWY-6708: ubiquinol-8 biosynthesis (early decarboxylation)	24.1194657147
PWY-6708: ubiquinol-8 biosynthesis (early decarboxylation)|g__Escherichia.s__Escherichia_coli	17.4457868195
PWY-6708: ubiquinol-8 biosynthesis (early decarboxylation)|unclassified	7.1262589247
PWY-5855: ubiquinol-7 biosynthesis (early decarboxylation)	22.5998270361
PWY-5855: ubiquinol-7 biosynthesis (early decarboxylation)|g__Escherichia.s__Escherichia_coli	15.2518349275
PWY-5855: ubiquinol-7 biosynthesis (early decarboxylation)|unclassified	7.1262589247
PWY-5856: ubiquinol-9 biosynthesis (early decarboxylation)	22.5998270361
PWY-5856: ubiquinol-9 biosynthesis (early decarboxylation)|g__Escherichia.s__Escherichia_coli	15.2518349275
PWY-5856: ubiquinol-9 biosynthesis (early decarboxylation)|unclassified	7.1262589247
PWY-5857: ubiquinol-10 biosynthesis (early decarboxylation)	22.5998270361
PWY-5857: ubiquinol-10 biosynthesis (early decarboxylation)|g__Escherichia.s__Escherichia_coli	15.2518349275
PWY-5857: ubiquinol-10 biosynthesis (early decarboxylation)|unclassified	7.1262589247
PWY-7446: sulfoquinovose degradation I	19.0477972523
PWY-7446: sulfoquinovose degradation I|g__Escherichia.s__Escherichia_coli	17.6483894005
PWY-7409: phospholipid remodeling (phosphatidylethanolamine, yeast)	17.2321930199
PWY0-41: allantoin degradation IV (anaerobic)	16.2152497838
PWY0-41: allantoin degradation IV (anaerobic)|unclassified	9.4048950538
PWY-4321: L-glutamate degradation IV	13.1798054971
PWY-4321: L-glutamate degradation IV|unclassified	12.5322677719
PWY-5692: allantoin degradation to glyoxylate II	11.8622412087
PWY-5692: allantoin degradation to glyoxylate II|unclassified	6.8227583470
URDEGR-PWY: superpathway of allantoin degradation in plants	11.8622412087
URDEGR-PWY: superpathway of allantoin degradation in plants|unclassified	6.8227583470
GLUDEG-I-PWY: GABA shunt	9.9663695396
GLUDEG-I-PWY: GABA shunt|unclassified	9.6826311839
KDO-NAGLIPASYN-PWY: superpathway of (Kdo)2-lipid A biosynthesis	9.4504797979
PWY-7616: methanol oxidation to carbon dioxide	9.3338081577
PWY-7616: methanol oxidation to carbon dioxide|unclassified	2.8985726195
GLYCOL-GLYOXDEG-PWY: superpathway of glycol metabolism and degradation	9.1358196661
GLYCOL-GLYOXDEG-PWY: superpathway of glycol metabolism and degradation|unclassified	8.3465273743