# Pathway	COAD_noFFPEOnlyPrimaryNoRiboZeroG_right_72random_11_Abundance
UNMAPPED	5367222.3462586906
UNINTEGRATED	904688.7730627031
UNINTEGRATED|g__Escherichia.s__Escherichia_coli	522262.0092907827
UNINTEGRATED|unclassified	207308.6768471044
PWY0-1586: peptidoglycan maturation (meso-diaminopimelate containing)	1107.0109586661
PWY0-1586: peptidoglycan maturation (meso-diaminopimelate containing)|g__Escherichia.s__Escherichia_coli	883.3628540346
PWY0-1586: peptidoglycan maturation (meso-diaminopimelate containing)|unclassified	221.7788279724
PWY-7111: pyruvate fermentation to isobutanol (engineered)	723.4773718100
PWY-7111: pyruvate fermentation to isobutanol (engineered)|g__Escherichia.s__Escherichia_coli	690.8025509315
PWY-7111: pyruvate fermentation to isobutanol (engineered)|unclassified	66.2676207476
ILEUSYN-PWY: L-isoleucine biosynthesis I (from threonine)	605.2906879416
ILEUSYN-PWY: L-isoleucine biosynthesis I (from threonine)|g__Escherichia.s__Escherichia_coli	560.4273544435
VALSYN-PWY: L-valine biosynthesis	605.2906879416
VALSYN-PWY: L-valine biosynthesis|g__Escherichia.s__Escherichia_coli	560.4273544435
VALSYN-PWY: L-valine biosynthesis|unclassified	66.9447612547
NONOXIPENT-PWY: pentose phosphate pathway (non-oxidative branch) I	575.5011377303
NONOXIPENT-PWY: pentose phosphate pathway (non-oxidative branch) I|g__Escherichia.s__Escherichia_coli	525.4646961017
NONOXIPENT-PWY: pentose phosphate pathway (non-oxidative branch) I|unclassified	32.3219761453
SALVADEHYPOX-PWY: adenosine nucleotides degradation II	551.8878903601
SALVADEHYPOX-PWY: adenosine nucleotides degradation II|g__Escherichia.s__Escherichia_coli	494.9984098867
SALVADEHYPOX-PWY: adenosine nucleotides degradation II|unclassified	42.9577400430
P461-PWY: hexitol fermentation to lactate, formate, ethanol and acetate	521.3884146715
P461-PWY: hexitol fermentation to lactate, formate, ethanol and acetate|g__Escherichia.s__Escherichia_coli	443.4395641524
P461-PWY: hexitol fermentation to lactate, formate, ethanol and acetate|unclassified	52.8761374424
PWY-5695: inosine 5'-phosphate degradation	518.1077690513
PWY-5695: inosine 5'-phosphate degradation|g__Escherichia.s__Escherichia_coli	473.2461310239
PWY-5695: inosine 5'-phosphate degradation|unclassified	92.0764313721
PWY-6608: guanosine nucleotides degradation III	518.1077690513
PWY-6608: guanosine nucleotides degradation III|g__Escherichia.s__Escherichia_coli	473.2461310239
PWY-6608: guanosine nucleotides degradation III|unclassified	56.5086686740
PWY-1042: glycolysis IV	489.5339992583
PWY-1042: glycolysis IV|g__Escherichia.s__Escherichia_coli	427.5609538073
PWY-1042: glycolysis IV|unclassified	43.4947148422
ORNDEG-PWY: superpathway of ornithine degradation	448.9909231262
ORNDEG-PWY: superpathway of ornithine degradation|g__Escherichia.s__Escherichia_coli	404.2762962908
ORNDEG-PWY: superpathway of ornithine degradation|unclassified	60.0364855704
CALVIN-PWY: Calvin-Benson-Bassham cycle	433.6897476652
CALVIN-PWY: Calvin-Benson-Bassham cycle|g__Escherichia.s__Escherichia_coli	412.9752372410
BRANCHED-CHAIN-AA-SYN-PWY: superpathway of branched chain amino acid biosynthesis	430.9732476207
BRANCHED-CHAIN-AA-SYN-PWY: superpathway of branched chain amino acid biosynthesis|g__Escherichia.s__Escherichia_coli	320.6671698806
PWY-5103: L-isoleucine biosynthesis III	428.2239528993
PWY-5103: L-isoleucine biosynthesis III|g__Escherichia.s__Escherichia_coli	303.2921865669
PWY-6737: starch degradation V	419.9769189792
PWY-6737: starch degradation V|g__Escherichia.s__Escherichia_coli	271.2378724775
PWY-6737: starch degradation V|unclassified	90.4400357437
PWY-4041: &gamma;-glutamyl cycle	418.8052252356
PWY-4041: &gamma;-glutamyl cycle|g__Escherichia.s__Escherichia_coli	368.0873066469
PWY-4041: &gamma;-glutamyl cycle|unclassified	44.5109033408
HOMOSER-METSYN-PWY: L-methionine biosynthesis I	414.0378067808
HOMOSER-METSYN-PWY: L-methionine biosynthesis I|g__Escherichia.s__Escherichia_coli	316.2564315776
HOMOSER-METSYN-PWY: L-methionine biosynthesis I|unclassified	63.0968873513
PWY-5913: partial TCA cycle (obligate autotrophs)	409.7000172377
PWY-5913: partial TCA cycle (obligate autotrophs)|g__Escherichia.s__Escherichia_coli	326.6565665419
PWY-5913: partial TCA cycle (obligate autotrophs)|unclassified	83.0404777502
PWY-7663: gondoate biosynthesis (anaerobic)	406.9135645209
PWY-7663: gondoate biosynthesis (anaerobic)|g__Escherichia.s__Escherichia_coli	377.2028480899
PWY-6353: purine nucleotides degradation II (aerobic)	401.1899358396
PWY-6353: purine nucleotides degradation II (aerobic)|g__Escherichia.s__Escherichia_coli	316.3492755753
PWY-6353: purine nucleotides degradation II (aerobic)|unclassified	28.1661264829
PWY-6305: superpathway of putrescine biosynthesis	392.2856654491
PWY-6305: superpathway of putrescine biosynthesis|g__Escherichia.s__Escherichia_coli	343.6748265855
GLYCOLYSIS: glycolysis I (from glucose 6-phosphate)	385.4819425343
GLYCOLYSIS: glycolysis I (from glucose 6-phosphate)|g__Escherichia.s__Escherichia_coli	335.6048165201
PWY-6606: guanosine nucleotides degradation II	381.3989014086
PWY-6606: guanosine nucleotides degradation II|g__Escherichia.s__Escherichia_coli	324.3382624064
PWY-6606: guanosine nucleotides degradation II|unclassified	56.5086686740
PWY-5723: Rubisco shunt	379.2425774426
PWY-5723: Rubisco shunt|g__Escherichia.s__Escherichia_coli	319.9395615116
PWY-5723: Rubisco shunt|unclassified	31.4304269042
HEXITOLDEGSUPER-PWY: superpathway of hexitol degradation (bacteria)	373.4848992231
HEXITOLDEGSUPER-PWY: superpathway of hexitol degradation (bacteria)|g__Escherichia.s__Escherichia_coli	313.1161528779
ANAGLYCOLYSIS-PWY: glycolysis III (from glucose)	371.7014424599
ANAGLYCOLYSIS-PWY: glycolysis III (from glucose)|g__Escherichia.s__Escherichia_coli	328.6838405523
UDPNAGSYN-PWY: UDP-N-acetyl-D-glucosamine biosynthesis I	371.2970787566
UDPNAGSYN-PWY: UDP-N-acetyl-D-glucosamine biosynthesis I|g__Escherichia.s__Escherichia_coli	303.3557379425
UDPNAGSYN-PWY: UDP-N-acetyl-D-glucosamine biosynthesis I|unclassified	13.6528662856
PWY-5484: glycolysis II (from fructose 6-phosphate)	367.5909097283
PWY-5484: glycolysis II (from fructose 6-phosphate)|g__Escherichia.s__Escherichia_coli	313.6558847488
PWY-3001: superpathway of L-isoleucine biosynthesis I	364.8310839929
PWY-3001: superpathway of L-isoleucine biosynthesis I|g__Escherichia.s__Escherichia_coli	295.3892346842
METSYN-PWY: superpathway of L-homoserine and L-methionine biosynthesis	362.5882799686
METSYN-PWY: superpathway of L-homoserine and L-methionine biosynthesis|g__Escherichia.s__Escherichia_coli	301.0041630415
METSYN-PWY: superpathway of L-homoserine and L-methionine biosynthesis|unclassified	51.3311099439
PWY-5347: superpathway of L-methionine biosynthesis (transsulfuration)	360.7573856272
PWY-5347: superpathway of L-methionine biosynthesis (transsulfuration)|g__Escherichia.s__Escherichia_coli	297.6273899016
PWY-5347: superpathway of L-methionine biosynthesis (transsulfuration)|unclassified	53.4697646324
MET-SAM-PWY: superpathway of S-adenosyl-L-methionine biosynthesis	360.4428550368
MET-SAM-PWY: superpathway of S-adenosyl-L-methionine biosynthesis|g__Escherichia.s__Escherichia_coli	305.7438471857
MET-SAM-PWY: superpathway of S-adenosyl-L-methionine biosynthesis|unclassified	47.1983075684
PWY0-1296: purine ribonucleosides degradation	358.2840197266
PWY0-1296: purine ribonucleosides degradation|g__Escherichia.s__Escherichia_coli	340.7968042266
PWY0-1296: purine ribonucleosides degradation|unclassified	14.3156230646
PWY0-1261: anhydromuropeptides recycling I	357.7098235847
PWY0-1261: anhydromuropeptides recycling I|g__Escherichia.s__Escherichia_coli	286.9597422660
PWY0-1261: anhydromuropeptides recycling I|unclassified	25.3741406780
PWY-5104: L-isoleucine biosynthesis IV	355.2625811626
PWY-5104: L-isoleucine biosynthesis IV|g__Escherichia.s__Escherichia_coli	235.1105744467
PWY-5104: L-isoleucine biosynthesis IV|unclassified	71.2733314074
GLYCOLYSIS-TCA-GLYOX-BYPASS: superpathway of glycolysis, pyruvate dehydrogenase, TCA, and glyoxylate bypass	345.6275370767
GLYCOLYSIS-TCA-GLYOX-BYPASS: superpathway of glycolysis, pyruvate dehydrogenase, TCA, and glyoxylate bypass|g__Escherichia.s__Escherichia_coli	305.5217077220
PWY-5154: L-arginine biosynthesis III (via N-acetyl-L-citrulline)	345.4097270809
PWY-5154: L-arginine biosynthesis III (via N-acetyl-L-citrulline)|g__Escherichia.s__Escherichia_coli	316.1284669523
PWY-5154: L-arginine biosynthesis III (via N-acetyl-L-citrulline)|unclassified	7.8409770161
PWY-5675: nitrate reduction V (assimilatory)	340.8234505065
PWY-5675: nitrate reduction V (assimilatory)|g__Escherichia.s__Escherichia_coli	242.5325984218
PWY-5675: nitrate reduction V (assimilatory)|unclassified	83.7560131004
PWY-7117: C4 photosynthetic carbon assimilation cycle, PEPCK type	336.6564229456
PWY-7117: C4 photosynthetic carbon assimilation cycle, PEPCK type|g__Escherichia.s__Escherichia_coli	275.6127859777
PWY-7117: C4 photosynthetic carbon assimilation cycle, PEPCK type|unclassified	57.1977348950
PWY-5667: CDP-diacylglycerol biosynthesis I	330.1720334446
PWY-5667: CDP-diacylglycerol biosynthesis I|g__Escherichia.s__Escherichia_coli	269.3492715222
PWY-5667: CDP-diacylglycerol biosynthesis I|unclassified	66.3221377176
PWY0-1319: CDP-diacylglycerol biosynthesis II	330.1720334446
PWY0-1319: CDP-diacylglycerol biosynthesis II|g__Escherichia.s__Escherichia_coli	269.3492715222
PWY0-1319: CDP-diacylglycerol biosynthesis II|unclassified	66.3221377176
PWY-7388: octanoyl-[acyl-carrier protein] biosynthesis (mitochondria, yeast)	329.6105025468
PWY-7388: octanoyl-[acyl-carrier protein] biosynthesis (mitochondria, yeast)|g__Escherichia.s__Escherichia_coli	291.0171936121
TCA: TCA cycle I (prokaryotic)	329.5498154496
TCA: TCA cycle I (prokaryotic)|g__Escherichia.s__Escherichia_coli	291.4916116962
ARGSYNBSUB-PWY: L-arginine biosynthesis II (acetyl cycle)	329.4428137007
ARGSYNBSUB-PWY: L-arginine biosynthesis II (acetyl cycle)|g__Escherichia.s__Escherichia_coli	281.2638043177
ARGSYNBSUB-PWY: L-arginine biosynthesis II (acetyl cycle)|unclassified	13.2563030374
ARGSYN-PWY: L-arginine biosynthesis I (via L-ornithine)	326.9479808706
ARGSYN-PWY: L-arginine biosynthesis I (via L-ornithine)|g__Escherichia.s__Escherichia_coli	294.8432264704
ARGSYN-PWY: L-arginine biosynthesis I (via L-ornithine)|unclassified	12.0323311778
GLUTORN-PWY: L-ornithine biosynthesis I	325.1290639249
GLUTORN-PWY: L-ornithine biosynthesis I|g__Escherichia.s__Escherichia_coli	292.4747984552
GLUTORN-PWY: L-ornithine biosynthesis I|unclassified	16.4413521445
PWY-7400: L-arginine biosynthesis IV (archaebacteria)	324.0323721011
PWY-7400: L-arginine biosynthesis IV (archaebacteria)|g__Escherichia.s__Escherichia_coli	292.7973891166
PWY-7400: L-arginine biosynthesis IV (archaebacteria)|unclassified	11.9219248067
GLYCOCAT-PWY: glycogen degradation I	322.9214320486
GLYCOCAT-PWY: glycogen degradation I|g__Escherichia.s__Escherichia_coli	255.5248309522
GLYCOCAT-PWY: glycogen degradation I|unclassified	37.7083423208
TCA-GLYOX-BYPASS: superpathway of glyoxylate bypass and TCA	322.7082292335
TCA-GLYOX-BYPASS: superpathway of glyoxylate bypass and TCA|g__Escherichia.s__Escherichia_coli	287.1985247830
GLUCONEO-PWY: gluconeogenesis I	320.0283143423
GLUCONEO-PWY: gluconeogenesis I|g__Escherichia.s__Escherichia_coli	285.1441211620
RHAMCAT-PWY: L-rhamnose degradation I	318.5521673678
RHAMCAT-PWY: L-rhamnose degradation I|g__Escherichia.s__Escherichia_coli	247.7336714154
RHAMCAT-PWY: L-rhamnose degradation I|unclassified	54.7848178190
PENTOSE-P-PWY: pentose phosphate pathway	316.9075384802
PENTOSE-P-PWY: pentose phosphate pathway|g__Escherichia.s__Escherichia_coli	245.0690828007
PENTOSE-P-PWY: pentose phosphate pathway|unclassified	30.0351632936
PWY-5173	314.6345577480
PWY-5173|g__Escherichia.s__Escherichia_coli	213.9473477096
PWY-5173|unclassified	81.3321297017
ASPASN-PWY: superpathway of L-aspartate and L-asparagine biosynthesis	313.8633338747
ASPASN-PWY: superpathway of L-aspartate and L-asparagine biosynthesis|g__Escherichia.s__Escherichia_coli	284.8905397049
ASPASN-PWY: superpathway of L-aspartate and L-asparagine biosynthesis|unclassified	30.1412371590
PWY-6385: peptidoglycan biosynthesis III (mycobacteria)	312.8566591933
PWY-6385: peptidoglycan biosynthesis III (mycobacteria)|g__Escherichia.s__Escherichia_coli	289.9711462527
P441-PWY: superpathway of N-acetylneuraminate degradation	311.6847244589
P441-PWY: superpathway of N-acetylneuraminate degradation|g__Escherichia.s__Escherichia_coli	282.0476140699
THRESYN-PWY: superpathway of L-threonine biosynthesis	310.5363199518
THRESYN-PWY: superpathway of L-threonine biosynthesis|g__Escherichia.s__Escherichia_coli	272.8365136431
ARG+POLYAMINE-SYN: superpathway of arginine and polyamine biosynthesis	309.6119757286
ARG+POLYAMINE-SYN: superpathway of arginine and polyamine biosynthesis|g__Escherichia.s__Escherichia_coli	286.3866490549
GLYCOLYSIS-E-D: superpathway of glycolysis and the Entner-Doudoroff pathway	308.5359252228
GLYCOLYSIS-E-D: superpathway of glycolysis and the Entner-Doudoroff pathway|g__Escherichia.s__Escherichia_coli	229.7546490903
P161-PWY: acetylene degradation (anaerobic)	308.0719365059
P161-PWY: acetylene degradation (anaerobic)|g__Escherichia.s__Escherichia_coli	289.9185009137
P161-PWY: acetylene degradation (anaerobic)|unclassified	14.9141527649
PWY-6387: UDP-N-acetylmuramoyl-pentapeptide biosynthesis I (meso-diaminopimelate containing)	304.5007605004
PWY-6387: UDP-N-acetylmuramoyl-pentapeptide biosynthesis I (meso-diaminopimelate containing)|g__Escherichia.s__Escherichia_coli	283.8679464088
PWY-6936: seleno-amino acid biosynthesis (plants)	298.5016799795
PWY-6936: seleno-amino acid biosynthesis (plants)|g__Escherichia.s__Escherichia_coli	264.4464811327
POLYAMSYN-PWY: superpathway of polyamine biosynthesis I	294.9118506649
POLYAMSYN-PWY: superpathway of polyamine biosynthesis I|g__Escherichia.s__Escherichia_coli	279.5846353453
PEPTIDOGLYCANSYN-PWY: peptidoglycan biosynthesis I (meso-diaminopimelate containing)	289.8251560140
PEPTIDOGLYCANSYN-PWY: peptidoglycan biosynthesis I (meso-diaminopimelate containing)|g__Escherichia.s__Escherichia_coli	269.4479778529
PWY66-389: phytol degradation	289.0874701248
PWY66-389: phytol degradation|g__Escherichia.s__Escherichia_coli	235.8222958491
PWY66-389: phytol degradation|unclassified	12.5740204676
TRNA-CHARGING-PWY: tRNA charging	288.1787096517
TRNA-CHARGING-PWY: tRNA charging|g__Escherichia.s__Escherichia_coli	192.7434574036
TRNA-CHARGING-PWY: tRNA charging|unclassified	58.1860842120
PHOSLIPSYN-PWY: superpathway of phospholipid biosynthesis I (bacteria)	287.7397846128
PHOSLIPSYN-PWY: superpathway of phospholipid biosynthesis I (bacteria)|g__Escherichia.s__Escherichia_coli	217.9190077526
PHOSLIPSYN-PWY: superpathway of phospholipid biosynthesis I (bacteria)|unclassified	61.0666377717
PWY0-1297: superpathway of purine deoxyribonucleosides degradation	287.2407940027
PWY0-1297: superpathway of purine deoxyribonucleosides degradation|g__Escherichia.s__Escherichia_coli	275.2046637090
PWY0-1297: superpathway of purine deoxyribonucleosides degradation|unclassified	11.7065958066
FUCCAT-PWY: fucose degradation	283.3632463863
FUCCAT-PWY: fucose degradation|g__Escherichia.s__Escherichia_coli	234.3742674068
FUCCAT-PWY: fucose degradation|unclassified	35.4365410595
PWY-6386: UDP-N-acetylmuramoyl-pentapeptide biosynthesis II (lysine-containing)	278.4198438233
PWY-6386: UDP-N-acetylmuramoyl-pentapeptide biosynthesis II (lysine-containing)|g__Escherichia.s__Escherichia_coli	259.5176673287
GLYOXYLATE-BYPASS: glyoxylate cycle	276.3796332292
GLYOXYLATE-BYPASS: glyoxylate cycle|g__Escherichia.s__Escherichia_coli	248.8900223764
GLYOXYLATE-BYPASS: glyoxylate cycle|unclassified	19.0555578486
FUC-RHAMCAT-PWY: superpathway of fucose and rhamnose degradation	273.0644783934
FUC-RHAMCAT-PWY: superpathway of fucose and rhamnose degradation|g__Escherichia.s__Escherichia_coli	231.5573345285
FUC-RHAMCAT-PWY: superpathway of fucose and rhamnose degradation|unclassified	43.2016733775
PWY-6609: adenine and adenosine salvage III	270.6532979828
PWY-6609: adenine and adenosine salvage III|g__Escherichia.s__Escherichia_coli	268.2875699851
PWY-6609: adenine and adenosine salvage III|unclassified	13.2137875016
ANAEROFRUCAT-PWY: homolactic fermentation	267.6290054779
ANAEROFRUCAT-PWY: homolactic fermentation|g__Escherichia.s__Escherichia_coli	194.8613152036
FASYN-INITIAL-PWY: superpathway of fatty acid biosynthesis initiation (E. coli)	267.3562178108
FASYN-INITIAL-PWY: superpathway of fatty acid biosynthesis initiation (E. coli)|g__Escherichia.s__Escherichia_coli	192.0207388187
FASYN-INITIAL-PWY: superpathway of fatty acid biosynthesis initiation (E. coli)|unclassified	34.0575540312
GLYCOGENSYNTH-PWY: glycogen biosynthesis I (from ADP-D-Glucose)	266.3852175628
GLYCOGENSYNTH-PWY: glycogen biosynthesis I (from ADP-D-Glucose)|g__Escherichia.s__Escherichia_coli	225.2257670382
GLYCOGENSYNTH-PWY: glycogen biosynthesis I (from ADP-D-Glucose)|unclassified	15.5057235178
GALACTARDEG-PWY: D-galactarate degradation I	262.8965093646
GALACTARDEG-PWY: D-galactarate degradation I|g__Escherichia.s__Escherichia_coli	243.5678142473
GALACTARDEG-PWY: D-galactarate degradation I|unclassified	7.9308028697
GLUCARGALACTSUPER-PWY: superpathway of D-glucarate and D-galactarate degradation	262.8965093646
GLUCARGALACTSUPER-PWY: superpathway of D-glucarate and D-galactarate degradation|g__Escherichia.s__Escherichia_coli	243.5678142473
GLUCARGALACTSUPER-PWY: superpathway of D-glucarate and D-galactarate degradation|unclassified	7.9308028697
PWY-6122: 5-aminoimidazole ribonucleotide biosynthesis II	260.6866197931
PWY-6122: 5-aminoimidazole ribonucleotide biosynthesis II|g__Escherichia.s__Escherichia_coli	211.3920966568
PWY-6122: 5-aminoimidazole ribonucleotide biosynthesis II|unclassified	48.9832630317
PWY-6277: superpathway of 5-aminoimidazole ribonucleotide biosynthesis	260.6866197931
PWY-6277: superpathway of 5-aminoimidazole ribonucleotide biosynthesis|g__Escherichia.s__Escherichia_coli	211.3920966568
PWY-6277: superpathway of 5-aminoimidazole ribonucleotide biosynthesis|unclassified	48.9832630317
FERMENTATION-PWY: mixed acid fermentation	254.6391846573
FERMENTATION-PWY: mixed acid fermentation|g__Escherichia.s__Escherichia_coli	195.7001993871
FERMENTATION-PWY: mixed acid fermentation|unclassified	44.5622120610
PWY-6151: S-adenosyl-L-methionine salvage I	250.5970643510
PWY-6151: S-adenosyl-L-methionine salvage I|g__Escherichia.s__Escherichia_coli	234.8715296112
FASYN-ELONG-PWY: fatty acid elongation -- saturated	250.2848283685
FASYN-ELONG-PWY: fatty acid elongation -- saturated|g__Escherichia.s__Escherichia_coli	238.7194886600
PWY4LZ-257: superpathway of fermentation (Chlamydomonas reinhardtii)	249.6749328722
PWY4LZ-257: superpathway of fermentation (Chlamydomonas reinhardtii)|g__Escherichia.s__Escherichia_coli	168.9815506913
PWY4LZ-257: superpathway of fermentation (Chlamydomonas reinhardtii)|unclassified	18.6730932753
SER-GLYSYN-PWY: superpathway of L-serine and glycine biosynthesis I	247.0436058725
SER-GLYSYN-PWY: superpathway of L-serine and glycine biosynthesis I|g__Escherichia.s__Escherichia_coli	220.2376519689
SER-GLYSYN-PWY: superpathway of L-serine and glycine biosynthesis I|unclassified	28.8306967739
GLCMANNANAUT-PWY: superpathway of N-acetylglucosamine, N-acetylmannosamine and N-acetylneuraminate degradation	246.7288062719
GLCMANNANAUT-PWY: superpathway of N-acetylglucosamine, N-acetylmannosamine and N-acetylneuraminate degradation|g__Escherichia.s__Escherichia_coli	221.0656994646
PWY-6121: 5-aminoimidazole ribonucleotide biosynthesis I	246.3241539625
PWY-6121: 5-aminoimidazole ribonucleotide biosynthesis I|g__Escherichia.s__Escherichia_coli	194.2688865938
PWY-6121: 5-aminoimidazole ribonucleotide biosynthesis I|unclassified	19.9930130947
PWY-5971: palmitate biosynthesis (type II fatty acid synthase)	241.2885441028
PWY-5971: palmitate biosynthesis (type II fatty acid synthase)|g__Escherichia.s__Escherichia_coli	231.5345581761
KETOGLUCONMET-PWY: ketogluconate metabolism	237.4444573338
KETOGLUCONMET-PWY: ketogluconate metabolism|g__Escherichia.s__Escherichia_coli	208.7627239448
KETOGLUCONMET-PWY: ketogluconate metabolism|unclassified	11.7268235820
PWY-5188: tetrapyrrole biosynthesis I (from glutamate)	235.6757123351
PWY-5188: tetrapyrrole biosynthesis I (from glutamate)|g__Escherichia.s__Escherichia_coli	222.6951321721
SULFATE-CYS-PWY: superpathway of sulfate assimilation and cysteine biosynthesis	234.3498777538
SULFATE-CYS-PWY: superpathway of sulfate assimilation and cysteine biosynthesis|g__Escherichia.s__Escherichia_coli	210.8773873315
NAGLIPASYN-PWY: lipid IVA biosynthesis (E. coli)	233.8202095156
NAGLIPASYN-PWY: lipid IVA biosynthesis (E. coli)|g__Escherichia.s__Escherichia_coli	222.9411120548
PWY-2942: L-lysine biosynthesis III	233.6222593584
PWY-2942: L-lysine biosynthesis III|g__Escherichia.s__Escherichia_coli	209.0268908194
PWY-4702: phytate degradation I	233.5111301627
PWY-4702: phytate degradation I|g__Escherichia.s__Escherichia_coli	209.1527445649
PWY-4702: phytate degradation I|unclassified	13.5249084069
GLUCARDEG-PWY: D-glucarate degradation I	233.3954249164
GLUCARDEG-PWY: D-glucarate degradation I|g__Escherichia.s__Escherichia_coli	227.5096188992
GLUCARDEG-PWY: D-glucarate degradation I|unclassified	7.4321465146
PWY0-1298: superpathway of pyrimidine deoxyribonucleosides degradation	232.4648964933
PWY0-1298: superpathway of pyrimidine deoxyribonucleosides degradation|g__Escherichia.s__Escherichia_coli	222.1529167809
PWY-7664: oleate biosynthesis IV (anaerobic)	231.3850878656
PWY-7664: oleate biosynthesis IV (anaerobic)|g__Escherichia.s__Escherichia_coli	222.8304978392
HEMESYN2-PWY: heme b biosynthesis II (oxygen-independent)	230.8637402587
HEMESYN2-PWY: heme b biosynthesis II (oxygen-independent)|g__Escherichia.s__Escherichia_coli	228.0171502421
PWY-5659: GDP-mannose biosynthesis	229.6728122680
PWY-5659: GDP-mannose biosynthesis|g__Escherichia.s__Escherichia_coli	131.6630299946
PWY-5659: GDP-mannose biosynthesis|unclassified	71.8058485145
PWY4FS-7: phosphatidylglycerol biosynthesis I (plastidic)	225.8702983852
PWY4FS-7: phosphatidylglycerol biosynthesis I (plastidic)|g__Escherichia.s__Escherichia_coli	155.7772868228
PWY4FS-7: phosphatidylglycerol biosynthesis I (plastidic)|unclassified	58.0329998807
PWY4FS-8: phosphatidylglycerol biosynthesis II (non-plastidic)	225.8702983852
PWY4FS-8: phosphatidylglycerol biosynthesis II (non-plastidic)|g__Escherichia.s__Escherichia_coli	155.7772868228
PWY4FS-8: phosphatidylglycerol biosynthesis II (non-plastidic)|unclassified	58.0329998807
COMPLETE-ARO-PWY: superpathway of aromatic amino acid biosynthesis	225.6183018690
COMPLETE-ARO-PWY: superpathway of aromatic amino acid biosynthesis|g__Escherichia.s__Escherichia_coli	195.8547625947
PWY-5838: superpathway of menaquinol-8 biosynthesis I	225.3918119739
PWY-5838: superpathway of menaquinol-8 biosynthesis I|g__Escherichia.s__Escherichia_coli	211.4257714657
PWY-5897: superpathway of menaquinol-11 biosynthesis	224.7161266447
PWY-5897: superpathway of menaquinol-11 biosynthesis|g__Escherichia.s__Escherichia_coli	208.9863907241
PWY-5898: superpathway of menaquinol-12 biosynthesis	224.7161266447
PWY-5898: superpathway of menaquinol-12 biosynthesis|g__Escherichia.s__Escherichia_coli	208.9863907241
PWY-5899: superpathway of menaquinol-13 biosynthesis	224.7161266447
PWY-5899: superpathway of menaquinol-13 biosynthesis|g__Escherichia.s__Escherichia_coli	208.9863907241
P4-PWY: superpathway of L-lysine, L-threonine and L-methionine biosynthesis I	223.8557981827
P4-PWY: superpathway of L-lysine, L-threonine and L-methionine biosynthesis I|g__Escherichia.s__Escherichia_coli	206.4055354933
FAO-PWY: fatty acid &beta;-oxidation I (generic)	223.0608471882
FAO-PWY: fatty acid &beta;-oxidation I (generic)|g__Escherichia.s__Escherichia_coli	216.2300756361
FAO-PWY: fatty acid &beta;-oxidation I (generic)|unclassified	29.8687445300
1CMET2-PWY: folate transformations III (E. coli)	222.0144346167
1CMET2-PWY: folate transformations III (E. coli)|g__Escherichia.s__Escherichia_coli	196.7583015618
PWY-724: superpathway of L-lysine, L-threonine and L-methionine biosynthesis II	220.9294005608
PWY-724: superpathway of L-lysine, L-threonine and L-methionine biosynthesis II|g__Escherichia.s__Escherichia_coli	193.4964918377
SO4ASSIM-PWY: assimilatory sulfate reduction I	220.8461719563
SO4ASSIM-PWY: assimilatory sulfate reduction I|g__Escherichia.s__Escherichia_coli	199.4934628310
SO4ASSIM-PWY: assimilatory sulfate reduction I|unclassified	52.4472341966
PWY-6519: 8-amino-7-oxononanoate biosynthesis I	220.5905682592
PWY-6519: 8-amino-7-oxononanoate biosynthesis I|g__Escherichia.s__Escherichia_coli	209.8520307805
ARGDEG-PWY: superpathway of L-arginine, putrescine, and 4-aminobutanoate degradation	220.5311483769
ARGDEG-PWY: superpathway of L-arginine, putrescine, and 4-aminobutanoate degradation|g__Escherichia.s__Escherichia_coli	194.1631397958
ORNARGDEG-PWY: superpathway of L-arginine and L-ornithine degradation	220.5311483769
ORNARGDEG-PWY: superpathway of L-arginine and L-ornithine degradation|g__Escherichia.s__Escherichia_coli	194.1631397958
PWY-7560: methylerythritol phosphate pathway II	219.6361031367
PWY-7560: methylerythritol phosphate pathway II|g__Escherichia.s__Escherichia_coli	175.9619766293
PWY-7560: methylerythritol phosphate pathway II|unclassified	30.3380162573
PWY-6285: superpathway of fatty acids biosynthesis (E. coli)	218.4088477156
PWY-6285: superpathway of fatty acids biosynthesis (E. coli)|g__Escherichia.s__Escherichia_coli	207.1129617665
PWY-5189: tetrapyrrole biosynthesis II (from glycine)	218.2283336044
PWY-5189: tetrapyrrole biosynthesis II (from glycine)|g__Escherichia.s__Escherichia_coli	216.4076556882
PWY-6282: palmitoleate biosynthesis I (from (5Z)-dodec-5-enoate)	217.8156724379
PWY-6282: palmitoleate biosynthesis I (from (5Z)-dodec-5-enoate)|g__Escherichia.s__Escherichia_coli	209.9473352425
PWY-5656: mannosylglycerate biosynthesis I	216.7975123522
PWY-5656: mannosylglycerate biosynthesis I|g__Escherichia.s__Escherichia_coli	114.3161139120
PWY-5656: mannosylglycerate biosynthesis I|unclassified	38.5676245471
PWY-1269: CMP-3-deoxy-D-manno-octulosonate biosynthesis	216.5928150109
PWY-1269: CMP-3-deoxy-D-manno-octulosonate biosynthesis|g__Escherichia.s__Escherichia_coli	170.9172607303
PWY-1269: CMP-3-deoxy-D-manno-octulosonate biosynthesis|unclassified	35.6002354073
BIOTIN-BIOSYNTHESIS-PWY: biotin biosynthesis I	216.3636732264
BIOTIN-BIOSYNTHESIS-PWY: biotin biosynthesis I|g__Escherichia.s__Escherichia_coli	199.6040658251
COLANSYN-PWY: colanic acid building blocks biosynthesis	216.1635367454
COLANSYN-PWY: colanic acid building blocks biosynthesis|g__Escherichia.s__Escherichia_coli	130.9322025301
COLANSYN-PWY: colanic acid building blocks biosynthesis|unclassified	37.2191297748
ARO-PWY: chorismate biosynthesis I	215.0553328188
ARO-PWY: chorismate biosynthesis I|g__Escherichia.s__Escherichia_coli	190.1447230614
PWY-5097: L-lysine biosynthesis VI	213.9435743605
PWY-5097: L-lysine biosynthesis VI|g__Escherichia.s__Escherichia_coli	177.5474873546
PANTO-PWY: phosphopantothenate biosynthesis I	213.7550133829
PANTO-PWY: phosphopantothenate biosynthesis I|g__Escherichia.s__Escherichia_coli	181.8523862046
PYRIDOXSYN-PWY: pyridoxal 5'-phosphate biosynthesis I	212.6368015631
PYRIDOXSYN-PWY: pyridoxal 5'-phosphate biosynthesis I|g__Escherichia.s__Escherichia_coli	150.8277304769
PYRIDOXSYN-PWY: pyridoxal 5'-phosphate biosynthesis I|unclassified	38.8772130783
COBALSYN-PWY: superpathway of adenosylcobalamin salvage from cobinamide I	211.8799655380
COBALSYN-PWY: superpathway of adenosylcobalamin salvage from cobinamide I|g__Escherichia.s__Escherichia_coli	199.7282148456
PWY-6803: phosphatidylcholine acyl editing	211.3287487381
PWY-6803: phosphatidylcholine acyl editing|g__Escherichia.s__Escherichia_coli	175.4626223947
PWY0-862: (5Z)-dodecenoate biosynthesis I	210.2193797079
PWY0-862: (5Z)-dodecenoate biosynthesis I|g__Escherichia.s__Escherichia_coli	204.6671723863
PWY-5861: superpathway of demethylmenaquinol-8 biosynthesis I	209.1590622791
PWY-5861: superpathway of demethylmenaquinol-8 biosynthesis I|g__Escherichia.s__Escherichia_coli	191.5466165205
PWY-5989: stearate biosynthesis II (bacteria and plants)	208.4142466829
PWY-5989: stearate biosynthesis II (bacteria and plants)|g__Escherichia.s__Escherichia_coli	190.4906646175
PWY-7221: guanosine ribonucleotides de novo biosynthesis	207.8666195758
PWY-7221: guanosine ribonucleotides de novo biosynthesis|g__Escherichia.s__Escherichia_coli	168.4899088724
PWY-7221: guanosine ribonucleotides de novo biosynthesis|unclassified	33.1843411385
PWY-6731: starch degradation III	206.6169065607
PWY-6731: starch degradation III|g__Escherichia.s__Escherichia_coli	177.9671365856
PWY-6731: starch degradation III|unclassified	14.8073368923
GLUCOSE1PMETAB-PWY: glucose and glucose-1-phosphate degradation	206.3582005716
GLUCOSE1PMETAB-PWY: glucose and glucose-1-phosphate degradation|g__Escherichia.s__Escherichia_coli	162.5415325676
GLUCOSE1PMETAB-PWY: glucose and glucose-1-phosphate degradation|unclassified	42.2627060575
DTDPRHAMSYN-PWY: dTDP-&beta;-L-rhamnose biosynthesis	205.4455430566
DTDPRHAMSYN-PWY: dTDP-&beta;-L-rhamnose biosynthesis|g__Escherichia.s__Escherichia_coli	173.6943116709
DTDPRHAMSYN-PWY: dTDP-&beta;-L-rhamnose biosynthesis|unclassified	8.0016391159
PWY-3841: folate transformations II (plants)	203.3378680171
PWY-3841: folate transformations II (plants)|g__Escherichia.s__Escherichia_coli	189.5500426679
PWY-5918: superpathway of heme b biosynthesis from glutamate	202.7558540734
PWY-5918: superpathway of heme b biosynthesis from glutamate|g__Escherichia.s__Escherichia_coli	186.8567507375
PWY0-781: aspartate superpathway	202.3364782699
PWY0-781: aspartate superpathway|g__Escherichia.s__Escherichia_coli	171.5029249435
PWY-6700: queuosine biosynthesis I (de novo)	202.1952527244
PWY-6700: queuosine biosynthesis I (de novo)|g__Escherichia.s__Escherichia_coli	166.1544483977
PWY-6700: queuosine biosynthesis I (de novo)|unclassified	17.1850612242
PWY-7282: 4-amino-2-methyl-5-diphosphomethylpyrimidine biosynthesis II	201.9565370633
PWY-7282: 4-amino-2-methyl-5-diphosphomethylpyrimidine biosynthesis II|g__Escherichia.s__Escherichia_coli	148.3667487173
PWY-7282: 4-amino-2-methyl-5-diphosphomethylpyrimidine biosynthesis II|unclassified	26.6287001045
PYRIDNUCSYN-PWY: NAD de novo biosynthesis I (from aspartate)	201.3004639685
PYRIDNUCSYN-PWY: NAD de novo biosynthesis I (from aspartate)|g__Escherichia.s__Escherichia_coli	184.4780013542
PWY-6123: inosine-5'-phosphate biosynthesis I	198.6948529873
PWY-6123: inosine-5'-phosphate biosynthesis I|g__Escherichia.s__Escherichia_coli	157.6156021200
PWY-6123: inosine-5'-phosphate biosynthesis I|unclassified	38.7422988214
PWY-7228: superpathway of guanosine nucleotides de novo biosynthesis I	197.0247259516
PWY-7228: superpathway of guanosine nucleotides de novo biosynthesis I|g__Escherichia.s__Escherichia_coli	153.3097347819
PWY-7228: superpathway of guanosine nucleotides de novo biosynthesis I|unclassified	37.7150793794
PWY0-1479: tRNA processing	196.7951839008
PWY0-1479: tRNA processing|g__Escherichia.s__Escherichia_coli	151.6228023403
PWY0-1479: tRNA processing|unclassified	26.0646160390
PWY-6284: superpathway of unsaturated fatty acids biosynthesis (E. coli)	196.5537573463
PWY-6284: superpathway of unsaturated fatty acids biosynthesis (E. coli)|g__Escherichia.s__Escherichia_coli	191.3592210777
PWY66-409: superpathway of purine nucleotide salvage	196.4640488060
PWY66-409: superpathway of purine nucleotide salvage|g__Escherichia.s__Escherichia_coli	161.7431038751
PWY-5686: UMP biosynthesis I	195.5088545292
PWY-5686: UMP biosynthesis I|g__Escherichia.s__Escherichia_coli	167.1285386135
PWY-5686: UMP biosynthesis I|unclassified	12.8429992862
PWY-7229: superpathway of adenosine nucleotides de novo biosynthesis I	192.1567307178
PWY-7229: superpathway of adenosine nucleotides de novo biosynthesis I|g__Escherichia.s__Escherichia_coli	148.1943410557
PWY-7229: superpathway of adenosine nucleotides de novo biosynthesis I|unclassified	32.5278258446
PWY-5837: 2-carboxy-1,4-naphthoquinol biosynthesis	191.2316355651
PWY-5837: 2-carboxy-1,4-naphthoquinol biosynthesis|g__Escherichia.s__Escherichia_coli	160.4084558889
PWY-5837: 2-carboxy-1,4-naphthoquinol biosynthesis|unclassified	15.5426708543
PWY-5840: superpathway of menaquinol-7 biosynthesis	190.4127677006
PWY-5840: superpathway of menaquinol-7 biosynthesis|g__Escherichia.s__Escherichia_coli	176.1824268306
PWY-5845: superpathway of menaquinol-9 biosynthesis	190.4127677006
PWY-5845: superpathway of menaquinol-9 biosynthesis|g__Escherichia.s__Escherichia_coli	176.1824268306
PWY-5850: superpathway of menaquinol-6 biosynthesis	190.4127677006
PWY-5850: superpathway of menaquinol-6 biosynthesis|g__Escherichia.s__Escherichia_coli	176.1824268306
PWY-5896: superpathway of menaquinol-10 biosynthesis	190.4127677006
PWY-5896: superpathway of menaquinol-10 biosynthesis|g__Escherichia.s__Escherichia_coli	176.1824268306
PWY0-1277: 3-phenylpropanoate and 3-(3-hydroxyphenyl)propanoate degradation	189.0066722875
PWY0-1277: 3-phenylpropanoate and 3-(3-hydroxyphenyl)propanoate degradation|g__Escherichia.s__Escherichia_coli	161.7796125549
COA-PWY-1: superpathway of coenzyme A biosynthesis III (mammals)	188.6942658927
COA-PWY-1: superpathway of coenzyme A biosynthesis III (mammals)|g__Escherichia.s__Escherichia_coli	142.8413404270
PWY-7219: adenosine ribonucleotides de novo biosynthesis	186.8174318573
PWY-7219: adenosine ribonucleotides de novo biosynthesis|g__Escherichia.s__Escherichia_coli	138.6808107077
PWY-7219: adenosine ribonucleotides de novo biosynthesis|unclassified	40.2438204639
DAPLYSINESYN-PWY: L-lysine biosynthesis I	186.6677327357
DAPLYSINESYN-PWY: L-lysine biosynthesis I|g__Escherichia.s__Escherichia_coli	175.4926578048
PWY0-1415: superpathway of heme b biosynthesis from uroporphyrinogen-III	186.4252718131
PWY0-1415: superpathway of heme b biosynthesis from uroporphyrinogen-III|g__Escherichia.s__Escherichia_coli	173.3512474605
PWY0-42: 2-methylcitrate cycle I	186.3576810522
PWY0-42: 2-methylcitrate cycle I|g__Escherichia.s__Escherichia_coli	129.8892828779
PWY0-42: 2-methylcitrate cycle I|unclassified	23.6459382045
PWY-5747: 2-methylcitrate cycle II	186.0530264603
PWY-5747: 2-methylcitrate cycle II|g__Escherichia.s__Escherichia_coli	125.1117986129
PWY-5747: 2-methylcitrate cycle II|unclassified	21.9440343762
PWY-5973: cis-vaccenate biosynthesis	185.7251135862
PWY-5973: cis-vaccenate biosynthesis|g__Escherichia.s__Escherichia_coli	182.7430577480
PWY-841: superpathway of purine nucleotides de novo biosynthesis I	184.7906071890
PWY-841: superpathway of purine nucleotides de novo biosynthesis I|g__Escherichia.s__Escherichia_coli	140.0216010613
PWY-5384: sucrose degradation IV (sucrose phosphorylase)	184.7634922509
PWY-5384: sucrose degradation IV (sucrose phosphorylase)|g__Escherichia.s__Escherichia_coli	114.8010815579
PWY-5384: sucrose degradation IV (sucrose phosphorylase)|unclassified	63.1210927422
PWY-7323: superpathway of GDP-mannose-derived O-antigen building blocks biosynthesis	182.8044119610
PWY-7323: superpathway of GDP-mannose-derived O-antigen building blocks biosynthesis|g__Escherichia.s__Escherichia_coli	115.1428248749
PWY-6125: superpathway of guanosine nucleotides de novo biosynthesis II	181.0362776547
PWY-6125: superpathway of guanosine nucleotides de novo biosynthesis II|g__Escherichia.s__Escherichia_coli	140.2570426435
PWY-6125: superpathway of guanosine nucleotides de novo biosynthesis II|unclassified	28.8278497786
PWY-6163: chorismate biosynthesis from 3-dehydroquinate	180.6570635966
PWY-6163: chorismate biosynthesis from 3-dehydroquinate|g__Escherichia.s__Escherichia_coli	160.2268034591
PWY-6531: mannitol cycle	179.2047061493
PWY-6531: mannitol cycle|g__Escherichia.s__Escherichia_coli	131.7774032895
PWY-6531: mannitol cycle|unclassified	39.6758138691
PWY-6897: thiamine diphosphate salvage II	178.7514690262
PWY-6897: thiamine diphosphate salvage II|g__Escherichia.s__Escherichia_coli	139.5418732286
PWY-6897: thiamine diphosphate salvage II|unclassified	38.8065658467
PWY-6126: superpathway of adenosine nucleotides de novo biosynthesis II	177.4948498800
PWY-6126: superpathway of adenosine nucleotides de novo biosynthesis II|g__Escherichia.s__Escherichia_coli	136.5606244762
PWY-6126: superpathway of adenosine nucleotides de novo biosynthesis II|unclassified	31.9583426056
AST-PWY: L-arginine degradation II (AST pathway)	176.7825439666
AST-PWY: L-arginine degradation II (AST pathway)|g__Escherichia.s__Escherichia_coli	156.0158737865
AST-PWY: L-arginine degradation II (AST pathway)|unclassified	22.7199208350
OANTIGEN-PWY: O-antigen building blocks biosynthesis (E. coli)	176.5196927999
OANTIGEN-PWY: O-antigen building blocks biosynthesis (E. coli)|g__Escherichia.s__Escherichia_coli	155.9557253904
HEME-BIOSYNTHESIS-II: heme b biosynthesis I (aerobic)	176.4187998141
HEME-BIOSYNTHESIS-II: heme b biosynthesis I (aerobic)|g__Escherichia.s__Escherichia_coli	157.5677852606
PWY-7220: adenosine deoxyribonucleotides de novo biosynthesis II	175.4317462307
PWY-7220: adenosine deoxyribonucleotides de novo biosynthesis II|g__Escherichia.s__Escherichia_coli	134.1931570340
PWY-7220: adenosine deoxyribonucleotides de novo biosynthesis II|unclassified	41.0248198108
PWY-7222: guanosine deoxyribonucleotides de novo biosynthesis II	175.4317462307
PWY-7222: guanosine deoxyribonucleotides de novo biosynthesis II|g__Escherichia.s__Escherichia_coli	134.1931570340
PWY-7222: guanosine deoxyribonucleotides de novo biosynthesis II|unclassified	41.0248198108
PWY0-162: superpathway of pyrimidine ribonucleotides de novo biosynthesis	174.9403385495
PWY0-162: superpathway of pyrimidine ribonucleotides de novo biosynthesis|g__Escherichia.s__Escherichia_coli	143.6988238074
NONMEVIPP-PWY: methylerythritol phosphate pathway I	174.7794629091
NONMEVIPP-PWY: methylerythritol phosphate pathway I|g__Escherichia.s__Escherichia_coli	129.3881757883
NONMEVIPP-PWY: methylerythritol phosphate pathway I|unclassified	30.3380162573
METHGLYUT-PWY: superpathway of methylglyoxal degradation	173.5512840723
METHGLYUT-PWY: superpathway of methylglyoxal degradation|g__Escherichia.s__Escherichia_coli	150.8688954512
PWY-6892: thiazole component of thiamine diphosphate biosynthesis I	171.6941743897
PWY-6892: thiazole component of thiamine diphosphate biosynthesis I|g__Escherichia.s__Escherichia_coli	130.3488565710
PWY-6892: thiazole component of thiamine diphosphate biosynthesis I|unclassified	38.9479779843
POLYISOPRENSYN-PWY: polyisoprenoid biosynthesis (E. coli)	168.5907356044
POLYISOPRENSYN-PWY: polyisoprenoid biosynthesis (E. coli)|g__Escherichia.s__Escherichia_coli	134.5791008531
PWY-7357: thiamine phosphate formation from pyrithiamine and oxythiamine (yeast)	167.6976130655
PWY-7357: thiamine phosphate formation from pyrithiamine and oxythiamine (yeast)|g__Escherichia.s__Escherichia_coli	128.7706224110
PWY-7357: thiamine phosphate formation from pyrithiamine and oxythiamine (yeast)|unclassified	38.8220483423
PWY-5860: superpathway of demethylmenaquinol-6 biosynthesis I	166.5668454635
PWY-5860: superpathway of demethylmenaquinol-6 biosynthesis I|g__Escherichia.s__Escherichia_coli	150.6052406540
PWY-5862: superpathway of demethylmenaquinol-9 biosynthesis	166.5668454635
PWY-5862: superpathway of demethylmenaquinol-9 biosynthesis|g__Escherichia.s__Escherichia_coli	150.6052406540
PWY-5083: NAD(P)/NADPH interconversion	164.1586523873
PWY-5083: NAD(P)/NADPH interconversion|g__Escherichia.s__Escherichia_coli	155.2887559671
PWY0-845: superpathway of pyridoxal 5'-phosphate biosynthesis and salvage	163.6050048496
PWY0-845: superpathway of pyridoxal 5'-phosphate biosynthesis and salvage|g__Escherichia.s__Escherichia_coli	106.8395009277
PWY0-845: superpathway of pyridoxal 5'-phosphate biosynthesis and salvage|unclassified	50.5570201462
PANTOSYN-PWY: superpathway of coenzyme A biosynthesis I (bacteria)	162.7635378336
PANTOSYN-PWY: superpathway of coenzyme A biosynthesis I (bacteria)|g__Escherichia.s__Escherichia_coli	148.4959048495
PWY-7199: pyrimidine deoxyribonucleosides salvage	161.9360771518
PWY-7199: pyrimidine deoxyribonucleosides salvage|g__Escherichia.s__Escherichia_coli	125.7013826279
HISTSYN-PWY: L-histidine biosynthesis	158.2201640433
HISTSYN-PWY: L-histidine biosynthesis|g__Escherichia.s__Escherichia_coli	111.7199026639
PWY-7315: dTDP-N-acetylthomosamine biosynthesis	158.1694467961
PWY-7315: dTDP-N-acetylthomosamine biosynthesis|g__Escherichia.s__Escherichia_coli	120.4640094044
PWY-7315: dTDP-N-acetylthomosamine biosynthesis|unclassified	24.5105316604
PWY-5100: pyruvate fermentation to acetate and lactate II	155.5858666717
PWY-5100: pyruvate fermentation to acetate and lactate II|g__Escherichia.s__Escherichia_coli	100.4302033713
PWY-5100: pyruvate fermentation to acetate and lactate II|unclassified	29.6963812752
THISYN-PWY: superpathway of thiamine diphosphate biosynthesis I	152.9293996780
THISYN-PWY: superpathway of thiamine diphosphate biosynthesis I|g__Escherichia.s__Escherichia_coli	120.1008447777
THISYN-PWY: superpathway of thiamine diphosphate biosynthesis I|unclassified	32.1703203189
PWY-7184: pyrimidine deoxyribonucleotides de novo biosynthesis I	151.7439103127
PWY-7184: pyrimidine deoxyribonucleotides de novo biosynthesis I|g__Escherichia.s__Escherichia_coli	120.7397750227
PWY-7184: pyrimidine deoxyribonucleotides de novo biosynthesis I|unclassified	29.6331569398
PWY-2723: trehalose degradation V	148.0364564414
PWY-2723: trehalose degradation V|g__Escherichia.s__Escherichia_coli	92.5008402393
PWY-2723: trehalose degradation V|unclassified	18.9149410743
PWY0-1338: polymyxin resistance	146.1798777214
PWY0-1338: polymyxin resistance|g__Escherichia.s__Escherichia_coli	137.6598978108
GALACTUROCAT-PWY: D-galacturonate degradation I	144.7969081019
GALACTUROCAT-PWY: D-galacturonate degradation I|g__Escherichia.s__Escherichia_coli	124.5217775347
GALACTUROCAT-PWY: D-galacturonate degradation I|unclassified	15.4563004628
PWY-7115: C4 photosynthetic carbon assimilation cycle, NAD-ME type	143.0476340167
PWY-7115: C4 photosynthetic carbon assimilation cycle, NAD-ME type|g__Escherichia.s__Escherichia_coli	123.3449063801
PWY-7115: C4 photosynthetic carbon assimilation cycle, NAD-ME type|unclassified	17.2912388249
PWY-5367: petroselinate biosynthesis	142.2144229594
PWY-5367: petroselinate biosynthesis|g__Escherichia.s__Escherichia_coli	140.0273127790
PWY-7204: pyridoxal 5'-phosphate salvage II (plants)	140.4270212911
PWY-7204: pyridoxal 5'-phosphate salvage II (plants)|g__Escherichia.s__Escherichia_coli	105.9633293456
HCAMHPDEG-PWY: 3-phenylpropanoate and 3-(3-hydroxyphenyl)propanoate degradation to 2-hydroxypentadienoate	140.0466241167
HCAMHPDEG-PWY: 3-phenylpropanoate and 3-(3-hydroxyphenyl)propanoate degradation to 2-hydroxypentadienoate|g__Escherichia.s__Escherichia_coli	101.7165701026
HCAMHPDEG-PWY: 3-phenylpropanoate and 3-(3-hydroxyphenyl)propanoate degradation to 2-hydroxypentadienoate|unclassified	30.2552447193
PWY-6690: cinnamate and 3-hydroxycinnamate degradation to 2-hydroxypentadienoate	140.0466241167
PWY-6690: cinnamate and 3-hydroxycinnamate degradation to 2-hydroxypentadienoate|g__Escherichia.s__Escherichia_coli	101.7165701026
PWY-6690: cinnamate and 3-hydroxycinnamate degradation to 2-hydroxypentadienoate|unclassified	30.2552447193
PWY-6124: inosine-5'-phosphate biosynthesis II	139.2071607809
PWY-6124: inosine-5'-phosphate biosynthesis II|g__Escherichia.s__Escherichia_coli	96.6987744954
PWY-6124: inosine-5'-phosphate biosynthesis II|unclassified	41.1858443639
PWY-5920: superpathway of heme b biosynthesis from glycine	139.0889902978
PWY-5920: superpathway of heme b biosynthesis from glycine|g__Escherichia.s__Escherichia_coli	135.2818815088
P105-PWY: TCA cycle IV (2-oxoglutarate decarboxylase)	138.7324094132
P105-PWY: TCA cycle IV (2-oxoglutarate decarboxylase)|g__Escherichia.s__Escherichia_coli	105.7749390485
PWY-6969: TCA cycle V (2-oxoglutarate synthase)	138.7324094132
PWY-6969: TCA cycle V (2-oxoglutarate synthase)|g__Escherichia.s__Escherichia_coli	105.7749390485
PWY0-166: superpathway of pyrimidine deoxyribonucleotides de novo biosynthesis (E. coli)	138.3921458387
PWY0-166: superpathway of pyrimidine deoxyribonucleotides de novo biosynthesis (E. coli)|g__Escherichia.s__Escherichia_coli	110.1052417386
PWY0-166: superpathway of pyrimidine deoxyribonucleotides de novo biosynthesis (E. coli)|unclassified	27.5139236968
PWY0-1241: ADP-L-glycero-&beta;-D-manno-heptose biosynthesis	133.6495704087
PWY0-1241: ADP-L-glycero-&beta;-D-manno-heptose biosynthesis|g__Escherichia.s__Escherichia_coli	120.7339074269
PWY0-1241: ADP-L-glycero-&beta;-D-manno-heptose biosynthesis|unclassified	6.2694772724
PWY-6703: preQ0 biosynthesis	133.6140531155
PWY-6703: preQ0 biosynthesis|g__Escherichia.s__Escherichia_coli	119.6011557226
PWY-6703: preQ0 biosynthesis|unclassified	13.5229812545
COA-PWY: coenzyme A biosynthesis I (prokaryotic)	133.2619954887
COA-PWY: coenzyme A biosynthesis I (prokaryotic)|g__Escherichia.s__Escherichia_coli	124.2436058148
PWY-7234: inosine-5'-phosphate biosynthesis III	128.4124037205
PWY-7234: inosine-5'-phosphate biosynthesis III|g__Escherichia.s__Escherichia_coli	94.3504676444
PWY-6147: 6-hydroxymethyl-dihydropterin diphosphate biosynthesis I	127.8309014548
PWY-6147: 6-hydroxymethyl-dihydropterin diphosphate biosynthesis I|g__Escherichia.s__Escherichia_coli	84.3339267945
PWY-6147: 6-hydroxymethyl-dihydropterin diphosphate biosynthesis I|unclassified	19.2219074591
PWY-7269: mitochondrial NADPH production (yeast)	127.6797630272
PWY-7269: mitochondrial NADPH production (yeast)|g__Escherichia.s__Escherichia_coli	127.1008390614
DENOVOPURINE2-PWY: superpathway of purine nucleotides de novo biosynthesis II	126.8051502165
DENOVOPURINE2-PWY: superpathway of purine nucleotides de novo biosynthesis II|g__Escherichia.s__Escherichia_coli	108.1314481769
PWY-5791	126.7220407139
PWY-5791|g__Escherichia.s__Escherichia_coli	110.6121294520
PRPP-PWY: superpathway of histidine, purine, and pyrimidine biosynthesis	125.5477802839
PRPP-PWY: superpathway of histidine, purine, and pyrimidine biosynthesis|g__Escherichia.s__Escherichia_coli	109.0908102249
PWY-7242: D-fructuronate degradation	124.3784618172
PWY-7242: D-fructuronate degradation|g__Escherichia.s__Escherichia_coli	102.6647772441
PWY-7242: D-fructuronate degradation|unclassified	18.0696450327
GALACT-GLUCUROCAT-PWY: superpathway of hexuronide and hexuronate degradation	123.0063249263
GALACT-GLUCUROCAT-PWY: superpathway of hexuronide and hexuronate degradation|g__Escherichia.s__Escherichia_coli	99.2961957731
PWY-7197: pyrimidine deoxyribonucleotide phosphorylation	122.2423281916
PWY-7197: pyrimidine deoxyribonucleotide phosphorylation|g__Escherichia.s__Escherichia_coli	93.9658769810
PWY-7197: pyrimidine deoxyribonucleotide phosphorylation|unclassified	27.4911425849
PWY-7539: 6-hydroxymethyl-dihydropterin diphosphate biosynthesis III (Chlamydia)	122.2013740535
PWY-7539: 6-hydroxymethyl-dihydropterin diphosphate biosynthesis III (Chlamydia)|g__Escherichia.s__Escherichia_coli	81.5638335254
PWY-7539: 6-hydroxymethyl-dihydropterin diphosphate biosynthesis III (Chlamydia)|unclassified	18.3592044606
PWY-6507: 4-deoxy-L-threo-hex-4-enopyranuronate degradation	119.1647645642
PWY-6507: 4-deoxy-L-threo-hex-4-enopyranuronate degradation|g__Escherichia.s__Escherichia_coli	101.2228187602
PWY-6507: 4-deoxy-L-threo-hex-4-enopyranuronate degradation|unclassified	15.2767215181
PWY-6270: isoprene biosynthesis I	116.6636297059
PWY-6270: isoprene biosynthesis I|g__Escherichia.s__Escherichia_coli	102.5860911256
FOLSYN-PWY: superpathway of tetrahydrofolate biosynthesis and salvage	115.4274094008
FOLSYN-PWY: superpathway of tetrahydrofolate biosynthesis and salvage|g__Escherichia.s__Escherichia_coli	109.1794481807
PWY-7328: superpathway of UDP-glucose-derived O-antigen building blocks biosynthesis	111.1065301443
PWY-7328: superpathway of UDP-glucose-derived O-antigen building blocks biosynthesis|g__Escherichia.s__Escherichia_coli	75.7089018914
PWY-7208: superpathway of pyrimidine nucleobases salvage	108.6575930116
PWY-7208: superpathway of pyrimidine nucleobases salvage|g__Escherichia.s__Escherichia_coli	83.4940937400
PWY-7208: superpathway of pyrimidine nucleobases salvage|unclassified	12.0815102154
PWY0-1061: superpathway of L-alanine biosynthesis	105.2910218808
PWY0-1061: superpathway of L-alanine biosynthesis|g__Escherichia.s__Escherichia_coli	84.9965382406
PWY0-1061: superpathway of L-alanine biosynthesis|unclassified	17.8711711611
PWY-7254: TCA cycle VII (acetate-producers)	102.3433767143
PWY-7254: TCA cycle VII (acetate-producers)|g__Escherichia.s__Escherichia_coli	75.2808191463
PWY-5690: TCA cycle II (plants and fungi)	100.6696167397
PWY-5690: TCA cycle II (plants and fungi)|g__Escherichia.s__Escherichia_coli	73.8468544273
PWY-6612: superpathway of tetrahydrofolate biosynthesis	99.5513649151
PWY-6612: superpathway of tetrahydrofolate biosynthesis|g__Escherichia.s__Escherichia_coli	92.6892744054
PWY-6823: molybdopterin biosynthesis	99.0092100083
PWY-6823: molybdopterin biosynthesis|g__Escherichia.s__Escherichia_coli	72.7758835082
PWY-7187: pyrimidine deoxyribonucleotides de novo biosynthesis II	95.7514938057
PWY-7187: pyrimidine deoxyribonucleotides de novo biosynthesis II|g__Escherichia.s__Escherichia_coli	82.5205487638
GLUCUROCAT-PWY: superpathway of &beta;-D-glucuronosides degradation	95.6596839805
GLUCUROCAT-PWY: superpathway of &beta;-D-glucuronosides degradation|g__Escherichia.s__Escherichia_coli	76.9117154476
TRPSYN-PWY: L-tryptophan biosynthesis	95.5429733722
TRPSYN-PWY: L-tryptophan biosynthesis|g__Escherichia.s__Escherichia_coli	50.8053093034
TRPSYN-PWY: L-tryptophan biosynthesis|unclassified	15.5949718264
PWY-4242	89.2426026063
PWY-4242|g__Escherichia.s__Escherichia_coli	64.6480906585
PWY-5497: purine nucleobases degradation II (anaerobic)	87.1946357660
PWY-5497: purine nucleobases degradation II (anaerobic)|g__Escherichia.s__Escherichia_coli	82.7072730728
PWY-6901: superpathway of glucose and xylose degradation	86.3356037211
RIBOSYN2-PWY: flavin biosynthesis I (bacteria and plants)	85.3017668807
RIBOSYN2-PWY: flavin biosynthesis I (bacteria and plants)|g__Escherichia.s__Escherichia_coli	78.9362079552
PWY-6588: pyruvate fermentation to acetone	84.8155020786
PWY-6588: pyruvate fermentation to acetone|g__Escherichia.s__Escherichia_coli	73.9971967521
PWY-6630: superpathway of L-tyrosine biosynthesis	82.5778096560
PWY-6630: superpathway of L-tyrosine biosynthesis|g__Escherichia.s__Escherichia_coli	79.7688556658
PWY-6168: flavin biosynthesis III (fungi)	81.0601192851
PWY-6168: flavin biosynthesis III (fungi)|g__Escherichia.s__Escherichia_coli	75.4871684749
UBISYN-PWY: superpathway of ubiquinol-8 biosynthesis (early decarboxylation)	80.2885517195
UBISYN-PWY: superpathway of ubiquinol-8 biosynthesis (early decarboxylation)|g__Escherichia.s__Escherichia_coli	61.7595475360
PWY-5705: allantoin degradation to glyoxylate III	79.9178338143
PWY-5705: allantoin degradation to glyoxylate III|g__Escherichia.s__Escherichia_coli	70.8250882551
PWY-5705: allantoin degradation to glyoxylate III|unclassified	10.1914564421
PWY-4321: L-glutamate degradation IV	73.2070207707
PWY-4321: L-glutamate degradation IV|g__Escherichia.s__Escherichia_coli	35.8261859599
PWY-4321: L-glutamate degradation IV|unclassified	10.1739195428
PWY-5855: ubiquinol-7 biosynthesis (early decarboxylation)	72.8668879515
PWY-5855: ubiquinol-7 biosynthesis (early decarboxylation)|g__Escherichia.s__Escherichia_coli	54.9216446310
PWY-5856: ubiquinol-9 biosynthesis (early decarboxylation)	72.8668879515
PWY-5856: ubiquinol-9 biosynthesis (early decarboxylation)|g__Escherichia.s__Escherichia_coli	54.9216446310
PWY-5857: ubiquinol-10 biosynthesis (early decarboxylation)	72.8668879515
PWY-5857: ubiquinol-10 biosynthesis (early decarboxylation)|g__Escherichia.s__Escherichia_coli	54.9216446310
PWY-6708: ubiquinol-8 biosynthesis (early decarboxylation)	72.8668879515
PWY-6708: ubiquinol-8 biosynthesis (early decarboxylation)|g__Escherichia.s__Escherichia_coli	54.9537157615
PPGPPMET-PWY: ppGpp metabolism	72.1547487714
PPGPPMET-PWY: ppGpp metabolism|g__Escherichia.s__Escherichia_coli	65.3783270778
PPGPPMET-PWY: ppGpp metabolism|unclassified	5.3555320641
PWY-7237: myo-, chiro- and scyllo-inositol degradation	69.5380660412
PWY-7237: myo-, chiro- and scyllo-inositol degradation|g__Escherichia.s__Escherichia_coli	56.5905099524
PWY-7237: myo-, chiro- and scyllo-inositol degradation|unclassified	12.9475560889
PWY-7409: phospholipid remodeling (phosphatidylethanolamine, yeast)	68.3179719310
PWY-7409: phospholipid remodeling (phosphatidylethanolamine, yeast)|g__Escherichia.s__Escherichia_coli	44.7218018597
PWY-7446: sulfoquinovose degradation I	67.6196464205
PWY-7446: sulfoquinovose degradation I|g__Escherichia.s__Escherichia_coli	66.4910307448
ECASYN-PWY: enterobacterial common antigen biosynthesis	66.9639890186
ECASYN-PWY: enterobacterial common antigen biosynthesis|g__Escherichia.s__Escherichia_coli	60.5651759309
LPSSYN-PWY: superpathway of lipopolysaccharide biosynthesis	62.8741861731
LPSSYN-PWY: superpathway of lipopolysaccharide biosynthesis|g__Escherichia.s__Escherichia_coli	61.3731005172
GLUDEG-I-PWY: GABA shunt	62.1552383825
GLUDEG-I-PWY: GABA shunt|g__Escherichia.s__Escherichia_coli	28.7270832648
GLUDEG-I-PWY: GABA shunt|unclassified	7.2794538612
PWY-7209: superpathway of pyrimidine ribonucleosides degradation	61.8951301165
PWY-7209: superpathway of pyrimidine ribonucleosides degradation|g__Escherichia.s__Escherichia_coli	61.1299882369
PWY-7094: fatty acid salvage	60.2171804834
PWY-7094: fatty acid salvage|unclassified	35.7532221241
P221-PWY: octane oxidation	59.1339285590
P221-PWY: octane oxidation|g__Escherichia.s__Escherichia_coli	52.8818185219
P221-PWY: octane oxidation|unclassified	4.8825132935
KDO-NAGLIPASYN-PWY: superpathway of (Kdo)2-lipid A biosynthesis	36.1917916163
KDO-NAGLIPASYN-PWY: superpathway of (Kdo)2-lipid A biosynthesis|g__Escherichia.s__Escherichia_coli	35.9903652099
PWY0-41: allantoin degradation IV (anaerobic)	29.1953886165
PWY0-41: allantoin degradation IV (anaerobic)|unclassified	13.5829941958
PWY-6467: Kdo transfer to lipid IVA III (Chlamydia)	28.1238429403
PWY-6467: Kdo transfer to lipid IVA III (Chlamydia)|g__Escherichia.s__Escherichia_coli	28.1238429403
PWY0-1533: methylphosphonate degradation I	27.0038653124
PWY-7616: methanol oxidation to carbon dioxide	24.2357580242
PWY-5692: allantoin degradation to glyoxylate II	20.5365003664
PWY-5692: allantoin degradation to glyoxylate II|unclassified	10.1914564421
URDEGR-PWY: superpathway of allantoin degradation in plants	20.5365003664
URDEGR-PWY: superpathway of allantoin degradation in plants|unclassified	10.1914564421
GLYCOL-GLYOXDEG-PWY: superpathway of glycol metabolism and degradation	10.2952549681
GLYCOL-GLYOXDEG-PWY: superpathway of glycol metabolism and degradation|unclassified	9.4929242287